scenario,density,density_veh_km_lane,weather,hazard_type,seed,topology_split,hazard_split,weather_split,risk_est_precision,risk_est_recall,risk_est_f1,risk_peak_corr,n_at_risk_oracle,n_at_risk_causal,oracle_horizon_s,backend
rural_highway,1.0,1.0,clear,fog_bank,0,train,train,train,0.9230769230769231,1.0,0.9600000000000001,0.8946119024907337,12,13,226.35532333438687,fallback
rural_highway,1.0,1.0,clear,fog_bank,1,train,train,train,0.875,1.0,0.9333333333333333,0.8136633062960273,14,16,226.35532333438687,fallback
rural_highway,1.0,1.0,clear,fog_bank,2,train,train,train,0.8666666666666667,1.0,0.9285714285714286,0.785973362069173,13,15,226.35532333438687,fallback
rural_highway,1.0,1.0,clear,fog_bank,3,train,train,train,0.9285714285714286,1.0,0.962962962962963,0.8897169852850295,13,14,226.35532333438687,fallback
rural_highway,1.0,1.0,clear,fog_bank,4,train,train,train,0.8333333333333334,1.0,0.9090909090909091,0.8245181576031304,10,12,226.35532333438687,fallback
rural_highway,1.0,1.0,clear,fog_bank,5,train,train,train,0.7,1.0,0.8235294117647058,0.8097937607172082,7,10,226.35532333438687,fallback
rural_highway,1.0,1.0,clear,fog_bank,6,train,train,train,0.9230769230769231,1.0,0.9600000000000001,0.8851782667616122,12,13,226.35532333438687,fallback
rural_highway,1.0,1.0,clear,fog_bank,7,train,train,train,0.9230769230769231,1.0,0.9600000000000001,0.8858701257547108,12,13,226.35532333438687,fallback
rural_highway,1.0,1.0,clear,fog_bank,8,train,train,train,0.9285714285714286,1.0,0.962962962962963,0.9057859339623554,13,14,226.35532333438687,fallback
rural_highway,1.0,1.0,clear,fog_bank,9,train,train,train,0.8461538461538461,1.0,0.9166666666666666,0.7569353286930656,11,13,226.35532333438687,fallback
rural_highway,1.0,1.0,clear,landslide,0,train,train,train,0.9230769230769231,1.0,0.9600000000000001,0.9001407067350221,12,13,226.35532333438687,fallback
rural_highway,1.0,1.0,clear,landslide,1,train,train,train,0.875,1.0,0.9333333333333333,0.8264049153260621,14,16,226.35532333438687,fallback
rural_highway,1.0,1.0,clear,landslide,2,train,train,train,0.875,1.0,0.9333333333333333,0.7991319728175719,14,16,226.35532333438687,fallback
rural_highway,1.0,1.0,clear,landslide,3,train,train,train,0.9285714285714286,1.0,0.962962962962963,0.8943615879635752,13,14,226.35532333438687,fallback
rural_highway,1.0,1.0,clear,landslide,4,train,train,train,0.8333333333333334,1.0,0.9090909090909091,0.8340989409689077,10,12,226.35532333438687,fallback
rural_highway,1.0,1.0,clear,landslide,5,train,train,train,0.8181818181818182,1.0,0.9,0.8202664651853504,9,11,226.35532333438687,fallback
rural_highway,1.0,1.0,clear,landslide,6,train,train,train,0.9285714285714286,1.0,0.962962962962963,0.8936431238762362,13,14,226.35532333438687,fallback
rural_highway,1.0,1.0,clear,landslide,7,train,train,train,0.9230769230769231,1.0,0.9600000000000001,0.8934151430081599,12,13,226.35532333438687,fallback
rural_highway,1.0,1.0,clear,landslide,8,train,train,train,0.9285714285714286,1.0,0.962962962962963,0.9127431917925053,13,14,226.35532333438687,fallback
rural_highway,1.0,1.0,clear,landslide,9,train,train,train,0.8461538461538461,1.0,0.9166666666666666,0.7724249196494362,11,13,226.35532333438687,fallback
rural_highway,1.0,1.0,clear,crash,0,train,train,train,0.8333333333333334,0.5,0.625,0.6584468317039843,10,6,226.35532333438687,fallback
rural_highway,1.0,1.0,clear,crash,1,train,train,train,0.8888888888888888,0.5714285714285714,0.6956521739130435,0.42857272828968984,14,9,226.35532333438687,fallback
rural_highway,1.0,1.0,clear,crash,2,train,train,train,0.8888888888888888,0.6666666666666666,0.761904761904762,0.49776912413658897,12,9,226.35532333438687,fallback
rural_highway,1.0,1.0,clear,crash,3,train,train,train,0.875,0.7,0.7777777777777777,0.6785282193820118,10,8,226.35532333438687,fallback
rural_highway,1.0,1.0,clear,crash,4,train,train,train,0.8333333333333334,0.625,0.7142857142857143,0.6064462408634612,8,6,226.35532333438687,fallback
rural_highway,1.0,1.0,clear,crash,5,train,train,train,0.6666666666666666,0.8,0.7272727272727272,0.7373363771084136,5,6,226.35532333438687,fallback
rural_highway,1.0,1.0,clear,crash,6,train,train,train,0.8571428571428571,0.6,0.7058823529411764,0.597823489212402,10,7,226.35532333438687,fallback
rural_highway,1.0,1.0,clear,crash,7,train,train,train,0.8571428571428571,0.6,0.7058823529411764,0.44390449077640565,10,7,226.35532333438687,fallback
rural_highway,1.0,1.0,clear,crash,8,train,train,train,1.0,0.5833333333333334,0.7368421052631579,0.6549500321789047,12,7,226.35532333438687,fallback
rural_highway,1.0,1.0,clear,crash,9,train,train,train,0.8333333333333334,0.5555555555555556,0.6666666666666667,0.5618375770833237,9,6,226.35532333438687,fallback
rural_highway,1.0,1.0,clear,waterlogging,0,train,held_out,train,0.9230769230769231,1.0,0.9600000000000001,0.8986976771355641,12,13,226.35532333438687,fallback
rural_highway,1.0,1.0,clear,waterlogging,1,train,held_out,train,0.875,1.0,0.9333333333333333,0.8230404417586484,14,16,226.35532333438687,fallback
rural_highway,1.0,1.0,clear,waterlogging,2,train,held_out,train,0.875,1.0,0.9333333333333333,0.79554221785825,14,16,226.35532333438687,fallback
rural_highway,1.0,1.0,clear,waterlogging,3,train,held_out,train,0.9285714285714286,1.0,0.962962962962963,0.8931392496399607,13,14,226.35532333438687,fallback
rural_highway,1.0,1.0,clear,waterlogging,4,train,held_out,train,0.8333333333333334,1.0,0.9090909090909091,0.8315089859027311,10,12,226.35532333438687,fallback
rural_highway,1.0,1.0,clear,waterlogging,5,train,held_out,train,0.8181818181818182,1.0,0.9,0.8175055071979751,9,11,226.35532333438687,fallback
rural_highway,1.0,1.0,clear,waterlogging,6,train,held_out,train,0.9285714285714286,1.0,0.962962962962963,0.8914091590133959,13,14,226.35532333438687,fallback
rural_highway,1.0,1.0,clear,waterlogging,7,train,held_out,train,0.9230769230769231,1.0,0.9600000000000001,0.8914283090986079,12,13,226.35532333438687,fallback
rural_highway,1.0,1.0,clear,waterlogging,8,train,held_out,train,0.9285714285714286,1.0,0.962962962962963,0.9109579851381062,13,14,226.35532333438687,fallback
rural_highway,1.0,1.0,clear,waterlogging,9,train,held_out,train,0.8461538461538461,1.0,0.9166666666666666,0.7683719583354403,11,13,226.35532333438687,fallback
rural_highway,1.0,1.0,clear,black_ice,0,train,held_out,train,0.9230769230769231,1.0,0.9600000000000001,0.8994219403260789,12,13,226.35532333438687,fallback
rural_highway,1.0,1.0,clear,black_ice,1,train,held_out,train,0.875,1.0,0.9333333333333333,0.824730419901231,14,16,226.35532333438687,fallback
rural_highway,1.0,1.0,clear,black_ice,2,train,held_out,train,0.875,1.0,0.9333333333333333,0.7973387719218628,14,16,226.35532333438687,fallback
rural_highway,1.0,1.0,clear,black_ice,3,train,held_out,train,0.9285714285714286,1.0,0.962962962962963,0.8937510329717673,13,14,226.35532333438687,fallback
rural_highway,1.0,1.0,clear,black_ice,4,train,held_out,train,0.8333333333333334,1.0,0.9090909090909091,0.8328079054295876,10,12,226.35532333438687,fallback
rural_highway,1.0,1.0,clear,black_ice,5,train,held_out,train,0.8181818181818182,1.0,0.9,0.8188928525078691,9,11,226.35532333438687,fallback
rural_highway,1.0,1.0,clear,black_ice,6,train,held_out,train,0.9285714285714286,1.0,0.962962962962963,0.8925336581664199,13,14,226.35532333438687,fallback
rural_highway,1.0,1.0,clear,black_ice,7,train,held_out,train,0.9230769230769231,1.0,0.9600000000000001,0.8924265022546312,12,13,226.35532333438687,fallback
rural_highway,1.0,1.0,clear,black_ice,8,train,held_out,train,0.9285714285714286,1.0,0.962962962962963,0.9118568812504839,13,14,226.35532333438687,fallback
rural_highway,1.0,1.0,clear,black_ice,9,train,held_out,train,0.8461538461538461,1.0,0.9166666666666666,0.7704156011366489,11,13,226.35532333438687,fallback
rural_highway,1.0,1.0,heavy_rain,fog_bank,0,train,train,train,0.9,1.0,0.9473684210526316,0.884722674487879,9,10,226.35532333438687,fallback
rural_highway,1.0,1.0,heavy_rain,fog_bank,1,train,train,train,0.8461538461538461,1.0,0.9166666666666666,0.8052778870208529,11,13,226.35532333438687,fallback
rural_highway,1.0,1.0,heavy_rain,fog_bank,2,train,train,train,0.8571428571428571,1.0,0.923076923076923,0.7716236946040239,12,14,226.35532333438687,fallback
rural_highway,1.0,1.0,heavy_rain,fog_bank,3,train,train,train,0.9166666666666666,1.0,0.9565217391304348,0.8944101885849587,11,12,226.35532333438687,fallback
rural_highway,1.0,1.0,heavy_rain,fog_bank,4,train,train,train,0.8181818181818182,1.0,0.9,0.8038336063672279,9,11,226.35532333438687,fallback
rural_highway,1.0,1.0,heavy_rain,fog_bank,5,train,train,train,0.8181818181818182,1.0,0.9,0.792484876527344,9,11,226.35532333438687,fallback
rural_highway,1.0,1.0,heavy_rain,fog_bank,6,train,train,train,0.9,1.0,0.9473684210526316,0.8718298921308609,9,10,226.35532333438687,fallback
rural_highway,1.0,1.0,heavy_rain,fog_bank,7,train,train,train,0.8571428571428571,1.0,0.923076923076923,0.781221559366331,12,14,226.35532333438687,fallback
rural_highway,1.0,1.0,heavy_rain,fog_bank,8,train,train,train,1.0,1.0,1.0,0.9998867040970754,12,12,226.35532333438687,fallback
rural_highway,1.0,1.0,heavy_rain,fog_bank,9,train,train,train,0.8461538461538461,1.0,0.9166666666666666,0.7460691332752992,11,13,226.35532333438687,fallback
rural_highway,1.0,1.0,heavy_rain,landslide,0,train,train,train,0.9,1.0,0.9473684210526316,0.891598029333073,9,10,226.35532333438687,fallback
rural_highway,1.0,1.0,heavy_rain,landslide,1,train,train,train,0.8461538461538461,1.0,0.9166666666666666,0.8174369987147595,11,13,226.35532333438687,fallback
rural_highway,1.0,1.0,heavy_rain,landslide,2,train,train,train,0.8571428571428571,1.0,0.923076923076923,0.7854137285793075,12,14,226.35532333438687,fallback
rural_highway,1.0,1.0,heavy_rain,landslide,3,train,train,train,0.9166666666666666,1.0,0.9565217391304348,0.9014417610274943,11,12,226.35532333438687,fallback
rural_highway,1.0,1.0,heavy_rain,landslide,4,train,train,train,0.8181818181818182,1.0,0.9,0.8092985852838649,9,11,226.35532333438687,fallback
rural_highway,1.0,1.0,heavy_rain,landslide,5,train,train,train,0.8181818181818182,1.0,0.9,0.8051767629045031,9,11,226.35532333438687,fallback
rural_highway,1.0,1.0,heavy_rain,landslide,6,train,train,train,0.9,1.0,0.9473684210526316,0.8787118921561518,9,10,226.35532333438687,fallback
rural_highway,1.0,1.0,heavy_rain,landslide,7,train,train,train,0.8571428571428571,1.0,0.923076923076923,0.7956448538346147,12,14,226.35532333438687,fallback
rural_highway,1.0,1.0,heavy_rain,landslide,8,train,train,train,1.0,1.0,1.0,0.9998655984429298,13,13,226.35532333438687,fallback
rural_highway,1.0,1.0,heavy_rain,landslide,9,train,train,train,0.8571428571428571,1.0,0.923076923076923,0.7556158423076671,12,14,226.35532333438687,fallback
rural_highway,1.0,1.0,heavy_rain,crash,0,train,train,train,0.8,0.5714285714285714,0.6666666666666666,0.662775036833644,7,5,226.35532333438687,fallback
rural_highway,1.0,1.0,heavy_rain,crash,1,train,train,train,0.8571428571428571,0.5454545454545454,0.6666666666666665,0.4465610864375446,11,7,226.35532333438687,fallback
rural_highway,1.0,1.0,heavy_rain,crash,2,train,train,train,0.8571428571428571,0.6,0.7058823529411764,0.5123346269806567,10,7,226.35532333438687,fallback
rural_highway,1.0,1.0,heavy_rain,crash,3,train,train,train,0.8333333333333334,0.625,0.7142857142857143,0.6903093410139894,8,6,226.35532333438687,fallback
rural_highway,1.0,1.0,heavy_rain,crash,4,train,train,train,0.8333333333333334,0.7142857142857143,0.7692307692307692,0.696397897905378,7,6,226.35532333438687,fallback
rural_highway,1.0,1.0,heavy_rain,crash,5,train,train,train,0.8333333333333334,0.625,0.7142857142857143,0.5988948076125129,8,6,226.35532333438687,fallback
rural_highway,1.0,1.0,heavy_rain,crash,6,train,train,train,0.75,0.42857142857142855,0.5454545454545454,0.692382450549051,7,4,226.35532333438687,fallback
rural_highway,1.0,1.0,heavy_rain,crash,7,train,train,train,0.8571428571428571,0.5454545454545454,0.6666666666666665,0.4007597746907572,11,7,226.35532333438687,fallback
rural_highway,1.0,1.0,heavy_rain,crash,8,train,train,train,1.0,0.5454545454545454,0.7058823529411764,0.6903349212416822,11,6,226.35532333438687,fallback
rural_highway,1.0,1.0,heavy_rain,crash,9,train,train,train,0.8571428571428571,0.5,0.631578947368421,0.37201438262718917,12,7,226.35532333438687,fallback
rural_highway,1.0,1.0,heavy_rain,waterlogging,0,train,held_out,train,0.9,1.0,0.9473684210526316,0.8898469936755337,9,10,226.35532333438687,fallback
rural_highway,1.0,1.0,heavy_rain,waterlogging,1,train,held_out,train,0.8461538461538461,1.0,0.9166666666666666,0.8142668013824683,11,13,226.35532333438687,fallback
rural_highway,1.0,1.0,heavy_rain,waterlogging,2,train,held_out,train,0.8571428571428571,1.0,0.923076923076923,0.7817379489952682,12,14,226.35532333438687,fallback
rural_highway,1.0,1.0,heavy_rain,waterlogging,3,train,held_out,train,0.9166666666666666,1.0,0.9565217391304348,0.8996101475633527,11,12,226.35532333438687,fallback
rural_highway,1.0,1.0,heavy_rain,waterlogging,4,train,held_out,train,0.8181818181818182,1.0,0.9,0.8078885976003561,9,11,226.35532333438687,fallback
rural_highway,1.0,1.0,heavy_rain,waterlogging,5,train,held_out,train,0.8181818181818182,1.0,0.9,0.8018461639822307,9,11,226.35532333438687,fallback
rural_highway,1.0,1.0,heavy_rain,waterlogging,6,train,held_out,train,0.9,1.0,0.9473684210526316,0.8768661914258046,9,10,226.35532333438687,fallback
rural_highway,1.0,1.0,heavy_rain,waterlogging,7,train,held_out,train,0.8571428571428571,1.0,0.923076923076923,0.7918643699392941,12,14,226.35532333438687,fallback
rural_highway,1.0,1.0,heavy_rain,waterlogging,8,train,held_out,train,1.0,1.0,1.0,0.9998711899736743,13,13,226.35532333438687,fallback
rural_highway,1.0,1.0,heavy_rain,waterlogging,9,train,held_out,train,0.8571428571428571,1.0,0.923076923076923,0.7531462591700637,12,14,226.35532333438687,fallback
rural_highway,1.0,1.0,heavy_rain,black_ice,0,train,held_out,train,0.9,1.0,0.9473684210526316,0.8907275335618114,9,10,226.35532333438687,fallback
rural_highway,1.0,1.0,heavy_rain,black_ice,1,train,held_out,train,0.8461538461538461,1.0,0.9166666666666666,0.8158597858794914,11,13,226.35532333438687,fallback
rural_highway,1.0,1.0,heavy_rain,black_ice,2,train,held_out,train,0.8571428571428571,1.0,0.923076923076923,0.7835823872793832,12,14,226.35532333438687,fallback
rural_highway,1.0,1.0,heavy_rain,black_ice,3,train,held_out,train,0.9166666666666666,1.0,0.9565217391304348,0.900531732630182,11,12,226.35532333438687,fallback
rural_highway,1.0,1.0,heavy_rain,black_ice,4,train,held_out,train,0.8181818181818182,1.0,0.9,0.8085935579140554,9,11,226.35532333438687,fallback
rural_highway,1.0,1.0,heavy_rain,black_ice,5,train,held_out,train,0.8181818181818182,1.0,0.9,0.8035202673584786,9,11,226.35532333438687,fallback
rural_highway,1.0,1.0,heavy_rain,black_ice,6,train,held_out,train,0.9,1.0,0.9473684210526316,0.8777924279319115,9,10,226.35532333438687,fallback
rural_highway,1.0,1.0,heavy_rain,black_ice,7,train,held_out,train,0.8571428571428571,1.0,0.923076923076923,0.7937652411063588,12,14,226.35532333438687,fallback
rural_highway,1.0,1.0,heavy_rain,black_ice,8,train,held_out,train,1.0,1.0,1.0,0.9998683599097223,13,13,226.35532333438687,fallback
rural_highway,1.0,1.0,heavy_rain,black_ice,9,train,held_out,train,0.8571428571428571,1.0,0.923076923076923,0.7543862438919767,12,14,226.35532333438687,fallback
rural_highway,1.0,1.0,moderate_rain,fog_bank,0,train,train,held_out,0.9166666666666666,1.0,0.9565217391304348,0.8895806361836711,11,12,226.35532333438687,fallback
rural_highway,1.0,1.0,moderate_rain,fog_bank,1,train,train,held_out,0.8461538461538461,1.0,0.9166666666666666,0.8143804027057614,11,13,226.35532333438687,fallback
rural_highway,1.0,1.0,moderate_rain,fog_bank,2,train,train,held_out,0.8461538461538461,1.0,0.9166666666666666,0.799017966646397,11,13,226.35532333438687,fallback
rural_highway,1.0,1.0,moderate_rain,fog_bank,3,train,train,held_out,0.9166666666666666,1.0,0.9565217391304348,0.8905715705341475,11,12,226.35532333438687,fallback
rural_highway,1.0,1.0,moderate_rain,fog_bank,4,train,train,held_out,0.8333333333333334,1.0,0.9090909090909091,0.8023622715001704,10,12,226.35532333438687,fallback
rural_highway,1.0,1.0,moderate_rain,fog_bank,5,train,train,held_out,0.8181818181818182,1.0,0.9,0.8005787959447104,9,11,226.35532333438687,fallback
rural_highway,1.0,1.0,moderate_rain,fog_bank,6,train,train,held_out,0.9090909090909091,1.0,0.9523809523809523,0.8865519697259155,10,11,226.35532333438687,fallback
rural_highway,1.0,1.0,moderate_rain,fog_bank,7,train,train,held_out,0.9230769230769231,1.0,0.9600000000000001,0.8862204574935412,12,13,226.35532333438687,fallback
rural_highway,1.0,1.0,moderate_rain,fog_bank,8,train,train,held_out,0.9166666666666666,1.0,0.9565217391304348,0.904681576795656,11,12,226.35532333438687,fallback
rural_highway,1.0,1.0,moderate_rain,fog_bank,9,train,train,held_out,0.9230769230769231,1.0,0.9600000000000001,0.8525555700426699,12,13,226.35532333438687,fallback
rural_highway,1.0,1.0,moderate_rain,landslide,0,train,train,held_out,0.9166666666666666,1.0,0.9565217391304348,0.895484301574811,11,12,226.35532333438687,fallback
rural_highway,1.0,1.0,moderate_rain,landslide,1,train,train,held_out,0.8571428571428571,1.0,0.923076923076923,0.827281698100171,12,14,226.35532333438687,fallback
rural_highway,1.0,1.0,moderate_rain,landslide,2,train,train,held_out,0.8571428571428571,1.0,0.923076923076923,0.81454541849824,12,14,226.35532333438687,fallback
rural_highway,1.0,1.0,moderate_rain,landslide,3,train,train,held_out,0.9166666666666666,1.0,0.9565217391304348,0.8962535688389852,11,12,226.35532333438687,fallback
rural_highway,1.0,1.0,moderate_rain,landslide,4,train,train,held_out,0.8333333333333334,1.0,0.9090909090909091,0.8067809560811388,10,12,226.35532333438687,fallback
rural_highway,1.0,1.0,moderate_rain,landslide,5,train,train,held_out,0.8333333333333334,1.0,0.9090909090909091,0.8119622357538648,10,12,226.35532333438687,fallback
rural_highway,1.0,1.0,moderate_rain,landslide,6,train,train,held_out,0.9090909090909091,1.0,0.9523809523809523,0.8956866038262165,10,11,226.35532333438687,fallback
rural_highway,1.0,1.0,moderate_rain,landslide,7,train,train,held_out,0.9230769230769231,1.0,0.9600000000000001,0.894387202279967,12,13,226.35532333438687,fallback
rural_highway,1.0,1.0,moderate_rain,landslide,8,train,train,held_out,0.9230769230769231,1.0,0.9600000000000001,0.9121583281484752,12,13,226.35532333438687,fallback
rural_highway,1.0,1.0,moderate_rain,landslide,9,train,train,held_out,0.9230769230769231,1.0,0.9600000000000001,0.8596800383639105,12,13,226.35532333438687,fallback
rural_highway,1.0,1.0,moderate_rain,crash,0,train,train,held_out,0.8,0.4444444444444444,0.5714285714285714,0.6457204642164155,9,5,226.35532333438687,fallback
rural_highway,1.0,1.0,moderate_rain,crash,1,train,train,held_out,0.8571428571428571,0.5,0.631578947368421,0.4344293754938629,12,7,226.35532333438687,fallback
rural_highway,1.0,1.0,moderate_rain,crash,2,train,train,held_out,0.8333333333333334,0.5555555555555556,0.6666666666666667,0.4436897038777351,9,6,226.35532333438687,fallback
rural_highway,1.0,1.0,moderate_rain,crash,3,train,train,held_out,0.8333333333333334,0.625,0.7142857142857143,0.6471827197051265,8,6,226.35532333438687,fallback
rural_highway,1.0,1.0,moderate_rain,crash,4,train,train,held_out,0.8333333333333334,0.625,0.7142857142857143,0.6975368584733508,8,6,226.35532333438687,fallback
rural_highway,1.0,1.0,moderate_rain,crash,5,train,train,held_out,0.8333333333333334,0.7142857142857143,0.7692307692307692,0.7230725666700646,7,6,226.35532333438687,fallback
rural_highway,1.0,1.0,moderate_rain,crash,6,train,train,held_out,0.8,0.5,0.6153846153846154,0.6296105878125632,8,5,226.35532333438687,fallback
rural_highway,1.0,1.0,moderate_rain,crash,7,train,train,held_out,0.875,0.6363636363636364,0.7368421052631579,0.3654127710285023,11,8,226.35532333438687,fallback
rural_highway,1.0,1.0,moderate_rain,crash,8,train,train,held_out,1.0,0.5454545454545454,0.7058823529411764,0.7040692812453027,11,6,226.35532333438687,fallback
rural_highway,1.0,1.0,moderate_rain,crash,9,train,train,held_out,1.0,0.5454545454545454,0.7058823529411764,0.5660191876871316,11,6,226.35532333438687,fallback
rural_highway,1.0,1.0,moderate_rain,waterlogging,0,train,held_out,held_out,0.9166666666666666,1.0,0.9565217391304348,0.8939609349154806,11,12,226.35532333438687,fallback
rural_highway,1.0,1.0,moderate_rain,waterlogging,1,train,held_out,held_out,0.8571428571428571,1.0,0.923076923076923,0.8238889260268495,12,14,226.35532333438687,fallback
rural_highway,1.0,1.0,moderate_rain,waterlogging,2,train,held_out,held_out,0.8461538461538461,1.0,0.9166666666666666,0.8104599695563504,11,13,226.35532333438687,fallback
rural_highway,1.0,1.0,moderate_rain,waterlogging,3,train,held_out,held_out,0.9166666666666666,1.0,0.9565217391304348,0.8947657084779165,11,12,226.35532333438687,fallback
rural_highway,1.0,1.0,moderate_rain,waterlogging,4,train,held_out,held_out,0.8333333333333334,1.0,0.9090909090909091,0.8056075124652515,10,12,226.35532333438687,fallback
rural_highway,1.0,1.0,moderate_rain,waterlogging,5,train,held_out,held_out,0.8181818181818182,1.0,0.9,0.8089647981517134,9,11,226.35532333438687,fallback
rural_highway,1.0,1.0,moderate_rain,waterlogging,6,train,held_out,held_out,0.9090909090909091,1.0,0.9523809523809523,0.8932755825559638,10,11,226.35532333438687,fallback
rural_highway,1.0,1.0,moderate_rain,waterlogging,7,train,held_out,held_out,0.9230769230769231,1.0,0.9600000000000001,0.8922598596261043,12,13,226.35532333438687,fallback
rural_highway,1.0,1.0,moderate_rain,waterlogging,8,train,held_out,held_out,0.9230769230769231,1.0,0.9600000000000001,0.9102414171394047,12,13,226.35532333438687,fallback
rural_highway,1.0,1.0,moderate_rain,waterlogging,9,train,held_out,held_out,0.9230769230769231,1.0,0.9600000000000001,0.8577860562415279,12,13,226.35532333438687,fallback
rural_highway,1.0,1.0,moderate_rain,black_ice,0,train,held_out,held_out,0.9166666666666666,1.0,0.9565217391304348,0.8947256420875781,11,12,226.35532333438687,fallback
rural_highway,1.0,1.0,moderate_rain,black_ice,1,train,held_out,held_out,0.8571428571428571,1.0,0.923076923076923,0.8255947353476932,12,14,226.35532333438687,fallback
rural_highway,1.0,1.0,moderate_rain,black_ice,2,train,held_out,held_out,0.8461538461538461,1.0,0.9166666666666666,0.812516913714321,11,13,226.35532333438687,fallback
rural_highway,1.0,1.0,moderate_rain,black_ice,3,train,held_out,held_out,0.9166666666666666,1.0,0.9565217391304348,0.8955123132315891,11,12,226.35532333438687,fallback
rural_highway,1.0,1.0,moderate_rain,black_ice,4,train,held_out,held_out,0.8333333333333334,1.0,0.9090909090909091,0.8061919715044423,10,12,226.35532333438687,fallback
rural_highway,1.0,1.0,moderate_rain,black_ice,5,train,held_out,held_out,0.8333333333333334,1.0,0.9090909090909091,0.8104705535178781,10,12,226.35532333438687,fallback
rural_highway,1.0,1.0,moderate_rain,black_ice,6,train,held_out,held_out,0.9090909090909091,1.0,0.9523809523809523,0.8944910982049612,10,11,226.35532333438687,fallback
rural_highway,1.0,1.0,moderate_rain,black_ice,7,train,held_out,held_out,0.9230769230769231,1.0,0.9600000000000001,0.89333073357811,12,13,226.35532333438687,fallback
rural_highway,1.0,1.0,moderate_rain,black_ice,8,train,held_out,held_out,0.9230769230769231,1.0,0.9600000000000001,0.9112075919779161,12,13,226.35532333438687,fallback
rural_highway,1.0,1.0,moderate_rain,black_ice,9,train,held_out,held_out,0.9230769230769231,1.0,0.9600000000000001,0.858740294404188,12,13,226.35532333438687,fallback
rural_highway,1.0,1.0,dense_fog,fog_bank,0,train,train,held_out,0.8333333333333334,1.0,0.9090909090909091,0.8920711293800632,10,12,226.35532333438687,fallback
rural_highway,1.0,1.0,dense_fog,fog_bank,1,train,train,held_out,0.8461538461538461,1.0,0.9166666666666666,0.7974512371124257,11,13,226.35532333438687,fallback
rural_highway,1.0,1.0,dense_fog,fog_bank,2,train,train,held_out,0.8461538461538461,1.0,0.9166666666666666,0.7692689986237938,11,13,226.35532333438687,fallback
rural_highway,1.0,1.0,dense_fog,fog_bank,3,train,train,held_out,0.9166666666666666,1.0,0.9565217391304348,0.8914731521316773,11,12,226.35532333438687,fallback
rural_highway,1.0,1.0,dense_fog,fog_bank,4,train,train,held_out,0.8333333333333334,1.0,0.9090909090909091,0.7982561103999641,10,12,226.35532333438687,fallback
rural_highway,1.0,1.0,dense_fog,fog_bank,5,train,train,held_out,0.8,1.0,0.888888888888889,0.7887324728825216,8,10,226.35532333438687,fallback
rural_highway,1.0,1.0,dense_fog,fog_bank,6,train,train,held_out,0.8,1.0,0.888888888888889,0.7643100151617791,8,10,226.35532333438687,fallback
rural_highway,1.0,1.0,dense_fog,fog_bank,7,train,train,held_out,0.8333333333333334,1.0,0.9090909090909091,0.7824955641331499,10,12,226.35532333438687,fallback
rural_highway,1.0,1.0,dense_fog,fog_bank,8,train,train,held_out,0.9230769230769231,1.0,0.9600000000000001,0.9029910845881551,12,13,226.35532333438687,fallback
rural_highway,1.0,1.0,dense_fog,fog_bank,9,train,train,held_out,0.8461538461538461,1.0,0.9166666666666666,0.743173897613083,11,13,226.35532333438687,fallback
rural_highway,1.0,1.0,dense_fog,landslide,0,train,train,held_out,0.8333333333333334,1.0,0.9090909090909091,0.8981388093436866,10,12,226.35532333438687,fallback
rural_highway,1.0,1.0,dense_fog,landslide,1,train,train,held_out,0.8461538461538461,1.0,0.9166666666666666,0.811553104318262,11,13,226.35532333438687,fallback
rural_highway,1.0,1.0,dense_fog,landslide,2,train,train,held_out,0.8461538461538461,1.0,0.9166666666666666,0.7839062101499438,11,13,226.35532333438687,fallback
rural_highway,1.0,1.0,dense_fog,landslide,3,train,train,held_out,0.9166666666666666,1.0,0.9565217391304348,0.8997018660539678,11,12,226.35532333438687,fallback
rural_highway,1.0,1.0,dense_fog,landslide,4,train,train,held_out,0.8333333333333334,1.0,0.9090909090909091,0.8050269055568364,10,12,226.35532333438687,fallback
rural_highway,1.0,1.0,dense_fog,landslide,5,train,train,held_out,0.8,1.0,0.888888888888889,0.8030758456764929,8,10,226.35532333438687,fallback
rural_highway,1.0,1.0,dense_fog,landslide,6,train,train,held_out,0.8,1.0,0.888888888888889,0.7735262772120216,8,10,226.35532333438687,fallback
rural_highway,1.0,1.0,dense_fog,landslide,7,train,train,held_out,0.8571428571428571,1.0,0.923076923076923,0.7983302047071132,12,14,226.35532333438687,fallback
rural_highway,1.0,1.0,dense_fog,landslide,8,train,train,held_out,0.9230769230769231,1.0,0.9600000000000001,0.9106132034636315,12,13,226.35532333438687,fallback
rural_highway,1.0,1.0,dense_fog,landslide,9,train,train,held_out,0.8461538461538461,1.0,0.9166666666666666,0.7563259576844388,11,13,226.35532333438687,fallback
rural_highway,1.0,1.0,dense_fog,crash,0,train,train,held_out,0.8333333333333334,0.625,0.7142857142857143,0.8566251018458136,8,6,226.35532333438687,fallback
rural_highway,1.0,1.0,dense_fog,crash,1,train,train,held_out,0.8571428571428571,0.5454545454545454,0.6666666666666665,0.4256781618194274,11,7,226.35532333438687,fallback
rural_highway,1.0,1.0,dense_fog,crash,2,train,train,held_out,0.8333333333333334,0.5555555555555556,0.6666666666666667,0.5155473074107403,9,6,226.35532333438687,fallback
rural_highway,1.0,1.0,dense_fog,crash,3,train,train,held_out,0.8333333333333334,0.5555555555555556,0.6666666666666667,0.5594430043496657,9,6,226.35532333438687,fallback
rural_highway,1.0,1.0,dense_fog,crash,4,train,train,held_out,0.8333333333333334,0.625,0.7142857142857143,0.6781667491577267,8,6,226.35532333438687,fallback
rural_highway,1.0,1.0,dense_fog,crash,5,train,train,held_out,0.8,0.5714285714285714,0.6666666666666666,0.5802182711173507,7,5,226.35532333438687,fallback
rural_highway,1.0,1.0,dense_fog,crash,6,train,train,held_out,0.75,0.5,0.6,0.7260872546365925,6,4,226.35532333438687,fallback
rural_highway,1.0,1.0,dense_fog,crash,7,train,train,held_out,0.6666666666666666,0.4444444444444444,0.5333333333333333,0.42717466820454975,9,6,226.35532333438687,fallback
rural_highway,1.0,1.0,dense_fog,crash,8,train,train,held_out,0.8333333333333334,0.5,0.625,0.5693657534979529,10,6,226.35532333438687,fallback
rural_highway,1.0,1.0,dense_fog,crash,9,train,train,held_out,0.8571428571428571,0.5454545454545454,0.6666666666666665,0.3276408017634693,11,7,226.35532333438687,fallback
rural_highway,1.0,1.0,dense_fog,waterlogging,0,train,held_out,held_out,0.8333333333333334,1.0,0.9090909090909091,0.8965832481473105,10,12,226.35532333438687,fallback
rural_highway,1.0,1.0,dense_fog,waterlogging,1,train,held_out,held_out,0.8461538461538461,1.0,0.9166666666666666,0.80787983473223,11,13,226.35532333438687,fallback
rural_highway,1.0,1.0,dense_fog,waterlogging,2,train,held_out,held_out,0.8461538461538461,1.0,0.9166666666666666,0.7800199782360047,11,13,226.35532333438687,fallback
rural_highway,1.0,1.0,dense_fog,waterlogging,3,train,held_out,held_out,0.9166666666666666,1.0,0.9565217391304348,0.897556007586065,11,12,226.35532333438687,fallback
rural_highway,1.0,1.0,dense_fog,waterlogging,4,train,held_out,held_out,0.8333333333333334,1.0,0.9090909090909091,0.8032858411235214,10,12,226.35532333438687,fallback
rural_highway,1.0,1.0,dense_fog,waterlogging,5,train,held_out,held_out,0.8,1.0,0.888888888888889,0.7993199823386113,8,10,226.35532333438687,fallback
rural_highway,1.0,1.0,dense_fog,waterlogging,6,train,held_out,held_out,0.8,1.0,0.888888888888889,0.7710529395176933,8,10,226.35532333438687,fallback
rural_highway,1.0,1.0,dense_fog,waterlogging,7,train,held_out,held_out,0.7857142857142857,1.0,0.88,0.7942078395477055,11,14,226.35532333438687,fallback
rural_highway,1.0,1.0,dense_fog,waterlogging,8,train,held_out,held_out,0.9230769230769231,1.0,0.9600000000000001,0.9086387380791952,12,13,226.35532333438687,fallback
rural_highway,1.0,1.0,dense_fog,waterlogging,9,train,held_out,held_out,0.8461538461538461,1.0,0.9166666666666666,0.7529336634149398,11,13,226.35532333438687,fallback
rural_highway,1.0,1.0,dense_fog,black_ice,0,train,held_out,held_out,0.8333333333333334,1.0,0.9090909090909091,0.8973650140450415,10,12,226.35532333438687,fallback
rural_highway,1.0,1.0,dense_fog,black_ice,1,train,held_out,held_out,0.8461538461538461,1.0,0.9166666666666666,0.8097275758214463,11,13,226.35532333438687,fallback
rural_highway,1.0,1.0,dense_fog,black_ice,2,train,held_out,held_out,0.8461538461538461,1.0,0.9166666666666666,0.7819717415085127,11,13,226.35532333438687,fallback
rural_highway,1.0,1.0,dense_fog,black_ice,3,train,held_out,held_out,0.9166666666666666,1.0,0.9565217391304348,0.8986369724884469,11,12,226.35532333438687,fallback
rural_highway,1.0,1.0,dense_fog,black_ice,4,train,held_out,held_out,0.8333333333333334,1.0,0.9090909090909091,0.8041569600260419,10,12,226.35532333438687,fallback
rural_highway,1.0,1.0,dense_fog,black_ice,5,train,held_out,held_out,0.8,1.0,0.888888888888889,0.801209685518045,8,10,226.35532333438687,fallback
rural_highway,1.0,1.0,dense_fog,black_ice,6,train,held_out,held_out,0.8,1.0,0.888888888888889,0.7722910278506725,8,10,226.35532333438687,fallback
rural_highway,1.0,1.0,dense_fog,black_ice,7,train,held_out,held_out,0.8571428571428571,1.0,0.923076923076923,0.7962841837524286,12,14,226.35532333438687,fallback
rural_highway,1.0,1.0,dense_fog,black_ice,8,train,held_out,held_out,0.9230769230769231,1.0,0.9600000000000001,0.9096333619979469,12,13,226.35532333438687,fallback
rural_highway,1.0,1.0,dense_fog,black_ice,9,train,held_out,held_out,0.8461538461538461,1.0,0.9166666666666666,0.7546404546193317,11,13,226.35532333438687,fallback
urban_nlos,1.0,1.0,clear,fog_bank,0,train,train,train,0.4166666666666667,1.0,0.5882352941176471,0.11773996648389914,10,24,226.35532333438687,fallback
urban_nlos,1.0,1.0,clear,fog_bank,1,train,train,train,0.4782608695652174,1.0,0.6470588235294118,0.1359370052134399,11,23,226.35532333438687,fallback
urban_nlos,1.0,1.0,clear,fog_bank,2,train,train,train,0.625,1.0,0.7692307692307693,-0.11249149057923229,15,24,226.35532333438687,fallback
urban_nlos,1.0,1.0,clear,fog_bank,3,train,train,train,0.4583333333333333,1.0,0.6285714285714286,0.3193518323272547,11,24,226.35532333438687,fallback
urban_nlos,1.0,1.0,clear,fog_bank,4,train,train,train,0.375,1.0,0.5454545454545454,-0.13178578272922367,9,24,226.35532333438687,fallback
urban_nlos,1.0,1.0,clear,fog_bank,5,train,train,train,0.4583333333333333,1.0,0.6285714285714286,0.025516565924919014,11,24,226.35532333438687,fallback
urban_nlos,1.0,1.0,clear,fog_bank,6,train,train,train,0.625,1.0,0.7692307692307693,-0.204318808639936,15,24,226.35532333438687,fallback
urban_nlos,1.0,1.0,clear,fog_bank,7,train,train,train,0.4166666666666667,1.0,0.5882352941176471,-0.01607525808912429,10,24,226.35532333438687,fallback
urban_nlos,1.0,1.0,clear,fog_bank,8,train,train,train,0.25,1.0,0.4,0.14659105231749528,6,24,226.35532333438687,fallback
urban_nlos,1.0,1.0,clear,fog_bank,9,train,train,train,0.5217391304347826,1.0,0.6857142857142856,0.24974822538796201,12,23,226.35532333438687,fallback
urban_nlos,1.0,1.0,clear,landslide,0,train,train,train,0.4166666666666667,1.0,0.5882352941176471,0.09167993462849867,10,24,226.35532333438687,fallback
urban_nlos,1.0,1.0,clear,landslide,1,train,train,train,0.4782608695652174,1.0,0.6470588235294118,0.1661258865969565,11,23,226.35532333438687,fallback
urban_nlos,1.0,1.0,clear,landslide,2,train,train,train,0.625,1.0,0.7692307692307693,-0.08893614301690839,15,24,226.35532333438687,fallback
urban_nlos,1.0,1.0,clear,landslide,3,train,train,train,0.4583333333333333,1.0,0.6285714285714286,-0.14215076977509963,11,24,226.35532333438687,fallback
urban_nlos,1.0,1.0,clear,landslide,4,train,train,train,0.375,1.0,0.5454545454545454,-0.12134860921091434,9,24,226.35532333438687,fallback
urban_nlos,1.0,1.0,clear,landslide,5,train,train,train,0.4583333333333333,1.0,0.6285714285714286,0.18886450803283472,11,24,226.35532333438687,fallback
urban_nlos,1.0,1.0,clear,landslide,6,train,train,train,0.625,1.0,0.7692307692307693,-0.13435633156023483,15,24,226.35532333438687,fallback
urban_nlos,1.0,1.0,clear,landslide,7,train,train,train,0.4166666666666667,1.0,0.5882352941176471,-0.20345217541408037,10,24,226.35532333438687,fallback
urban_nlos,1.0,1.0,clear,landslide,8,train,train,train,0.25,1.0,0.4,0.11413331809258123,6,24,226.35532333438687,fallback
urban_nlos,1.0,1.0,clear,landslide,9,train,train,train,0.5217391304347826,1.0,0.6857142857142856,0.2357426892765031,12,23,226.35532333438687,fallback
urban_nlos,1.0,1.0,clear,crash,0,train,train,train,0.43478260869565216,1.0,0.6060606060606061,0.2375727329822384,10,23,226.35532333438687,fallback
urban_nlos,1.0,1.0,clear,crash,1,train,train,train,0.2608695652173913,1.0,0.41379310344827586,0.0864810933819628,6,23,226.35532333438687,fallback
urban_nlos,1.0,1.0,clear,crash,2,train,train,train,0.5652173913043478,1.0,0.7222222222222222,0.19028587563963448,13,23,226.35532333438687,fallback
urban_nlos,1.0,1.0,clear,crash,3,train,train,train,0.43478260869565216,1.0,0.6060606060606061,0.1922390481961051,10,23,226.35532333438687,fallback
urban_nlos,1.0,1.0,clear,crash,4,train,train,train,0.34782608695652173,1.0,0.5161290322580645,0.14016583424855691,8,23,226.35532333438687,fallback
urban_nlos,1.0,1.0,clear,crash,5,train,train,train,0.6,1.0,0.7499999999999999,0.439435980716514,12,20,226.35532333438687,fallback
urban_nlos,1.0,1.0,clear,crash,6,train,train,train,0.5,1.0,0.6666666666666666,0.27239579629912264,12,24,226.35532333438687,fallback
urban_nlos,1.0,1.0,clear,crash,7,train,train,train,0.45454545454545453,1.0,0.625,0.3105080095978526,10,22,226.35532333438687,fallback
urban_nlos,1.0,1.0,clear,crash,8,train,train,train,0.21739130434782608,1.0,0.3571428571428571,0.17205768184508263,5,23,226.35532333438687,fallback
urban_nlos,1.0,1.0,clear,crash,9,train,train,train,0.5217391304347826,1.0,0.6857142857142856,0.22612199070477992,12,23,226.35532333438687,fallback
urban_nlos,1.0,1.0,clear,waterlogging,0,train,held_out,train,0.4166666666666667,1.0,0.5882352941176471,0.09870413477235437,10,24,226.35532333438687,fallback
urban_nlos,1.0,1.0,clear,waterlogging,1,train,held_out,train,0.4782608695652174,1.0,0.6470588235294118,0.15793379897123527,11,23,226.35532333438687,fallback
urban_nlos,1.0,1.0,clear,waterlogging,2,train,held_out,train,0.625,1.0,0.7692307692307693,-0.11059762298534305,15,24,226.35532333438687,fallback
urban_nlos,1.0,1.0,clear,waterlogging,3,train,held_out,train,0.4583333333333333,1.0,0.6285714285714286,0.011782790685462088,11,24,226.35532333438687,fallback
urban_nlos,1.0,1.0,clear,waterlogging,4,train,held_out,train,0.375,1.0,0.5454545454545454,-0.13043292159163258,9,24,226.35532333438687,fallback
urban_nlos,1.0,1.0,clear,waterlogging,5,train,held_out,train,0.4583333333333333,1.0,0.6285714285714286,0.006271265029605274,11,24,226.35532333438687,fallback
urban_nlos,1.0,1.0,clear,waterlogging,6,train,held_out,train,0.625,1.0,0.7692307692307693,-0.17191072460264928,15,24,226.35532333438687,fallback
urban_nlos,1.0,1.0,clear,waterlogging,7,train,held_out,train,0.4166666666666667,1.0,0.5882352941176471,-0.1377387251685534,10,24,226.35532333438687,fallback
urban_nlos,1.0,1.0,clear,waterlogging,8,train,held_out,train,0.25,1.0,0.4,0.12316558725461603,6,24,226.35532333438687,fallback
urban_nlos,1.0,1.0,clear,waterlogging,9,train,held_out,train,0.5217391304347826,1.0,0.6857142857142856,0.23946545284446152,12,23,226.35532333438687,fallback
urban_nlos,1.0,1.0,clear,black_ice,0,train,held_out,train,0.4166666666666667,1.0,0.5882352941176471,0.09521433318422734,10,24,226.35532333438687,fallback
urban_nlos,1.0,1.0,clear,black_ice,1,train,held_out,train,0.4782608695652174,1.0,0.6470588235294118,0.16204751146200042,11,23,226.35532333438687,fallback
urban_nlos,1.0,1.0,clear,black_ice,2,train,held_out,train,0.625,1.0,0.7692307692307693,-0.10143645349115879,15,24,226.35532333438687,fallback
urban_nlos,1.0,1.0,clear,black_ice,3,train,held_out,train,0.4583333333333333,1.0,0.6285714285714286,-0.06644592828991476,11,24,226.35532333438687,fallback
urban_nlos,1.0,1.0,clear,black_ice,4,train,held_out,train,0.375,1.0,0.5454545454545454,-0.12679183191288307,9,24,226.35532333438687,fallback
urban_nlos,1.0,1.0,clear,black_ice,5,train,held_out,train,0.4583333333333333,1.0,0.6285714285714286,0.004483032314741613,11,24,226.35532333438687,fallback
urban_nlos,1.0,1.0,clear,black_ice,6,train,held_out,train,0.625,1.0,0.7692307692307693,-0.15380492509562751,15,24,226.35532333438687,fallback
urban_nlos,1.0,1.0,clear,black_ice,7,train,held_out,train,0.4166666666666667,1.0,0.5882352941176471,-0.17055242715430036,10,24,226.35532333438687,fallback
urban_nlos,1.0,1.0,clear,black_ice,8,train,held_out,train,0.25,1.0,0.4,0.11861711730771067,6,24,226.35532333438687,fallback
urban_nlos,1.0,1.0,clear,black_ice,9,train,held_out,train,0.5217391304347826,1.0,0.6857142857142856,0.23762512328083843,12,23,226.35532333438687,fallback
urban_nlos,1.0,1.0,heavy_rain,fog_bank,0,train,train,train,0.5,1.0,0.6666666666666666,0.07070866929179465,12,24,226.35532333438687,fallback
urban_nlos,1.0,1.0,heavy_rain,fog_bank,1,train,train,train,0.4583333333333333,1.0,0.6285714285714286,-0.2764288883195106,11,24,226.35532333438687,fallback
urban_nlos,1.0,1.0,heavy_rain,fog_bank,2,train,train,train,0.4166666666666667,1.0,0.5882352941176471,0.20763688016814746,10,24,226.35532333438687,fallback
urban_nlos,1.0,1.0,heavy_rain,fog_bank,3,train,train,train,0.5416666666666666,1.0,0.7027027027027027,0.14533000336703378,13,24,226.35532333438687,fallback
urban_nlos,1.0,1.0,heavy_rain,fog_bank,4,train,train,train,0.6666666666666666,1.0,0.8,0.14547706573180394,16,24,226.35532333438687,fallback
urban_nlos,1.0,1.0,heavy_rain,fog_bank,5,train,train,train,0.4166666666666667,1.0,0.5882352941176471,-0.20179618173807296,10,24,226.35532333438687,fallback
urban_nlos,1.0,1.0,heavy_rain,fog_bank,6,train,train,train,0.5416666666666666,1.0,0.7027027027027027,-0.19411701873208706,13,24,226.35532333438687,fallback
urban_nlos,1.0,1.0,heavy_rain,fog_bank,7,train,train,train,0.6666666666666666,1.0,0.8,0.23755453952643682,16,24,226.35532333438687,fallback
urban_nlos,1.0,1.0,heavy_rain,fog_bank,8,train,train,train,0.4583333333333333,1.0,0.6285714285714286,0.031009364898631143,11,24,226.35532333438687,fallback
urban_nlos,1.0,1.0,heavy_rain,fog_bank,9,train,train,train,0.4583333333333333,1.0,0.6285714285714286,-0.08579043528833818,11,24,226.35532333438687,fallback
urban_nlos,1.0,1.0,heavy_rain,landslide,0,train,train,train,0.5,1.0,0.6666666666666666,-0.0333532514909513,12,24,226.35532333438687,fallback
urban_nlos,1.0,1.0,heavy_rain,landslide,1,train,train,train,0.4583333333333333,1.0,0.6285714285714286,-0.22524390642179784,11,24,226.35532333438687,fallback
urban_nlos,1.0,1.0,heavy_rain,landslide,2,train,train,train,0.4166666666666667,1.0,0.5882352941176471,0.22877990187970546,10,24,226.35532333438687,fallback
urban_nlos,1.0,1.0,heavy_rain,landslide,3,train,train,train,0.5416666666666666,1.0,0.7027027027027027,0.07586411433211511,13,24,226.35532333438687,fallback
urban_nlos,1.0,1.0,heavy_rain,landslide,4,train,train,train,0.6666666666666666,1.0,0.8,0.17165329737325005,16,24,226.35532333438687,fallback
urban_nlos,1.0,1.0,heavy_rain,landslide,5,train,train,train,0.4166666666666667,1.0,0.5882352941176471,-0.09275162448534607,10,24,226.35532333438687,fallback
urban_nlos,1.0,1.0,heavy_rain,landslide,6,train,train,train,0.5416666666666666,1.0,0.7027027027027027,-0.23253260664756437,13,24,226.35532333438687,fallback
urban_nlos,1.0,1.0,heavy_rain,landslide,7,train,train,train,0.6666666666666666,1.0,0.8,0.22713184817604312,16,24,226.35532333438687,fallback
urban_nlos,1.0,1.0,heavy_rain,landslide,8,train,train,train,0.4583333333333333,1.0,0.6285714285714286,0.0042147259832846125,11,24,226.35532333438687,fallback
urban_nlos,1.0,1.0,heavy_rain,landslide,9,train,train,train,0.4583333333333333,1.0,0.6285714285714286,-0.2050466847749364,11,24,226.35532333438687,fallback
urban_nlos,1.0,1.0,heavy_rain,crash,0,train,train,train,0.5217391304347826,1.0,0.6857142857142856,0.19615491265258894,12,23,226.35532333438687,fallback
urban_nlos,1.0,1.0,heavy_rain,crash,1,train,train,train,0.47619047619047616,1.0,0.6451612903225806,0.17849738344163463,10,21,226.35532333438687,fallback
urban_nlos,1.0,1.0,heavy_rain,crash,2,train,train,train,0.4090909090909091,1.0,0.5806451612903226,0.346161102510403,9,22,226.35532333438687,fallback
urban_nlos,1.0,1.0,heavy_rain,crash,3,train,train,train,0.5909090909090909,1.0,0.7428571428571429,0.31329958000012403,13,22,226.35532333438687,fallback
urban_nlos,1.0,1.0,heavy_rain,crash,4,train,train,train,0.5909090909090909,1.0,0.7428571428571429,0.27730988150680347,13,22,226.35532333438687,fallback
urban_nlos,1.0,1.0,heavy_rain,crash,5,train,train,train,0.4782608695652174,1.0,0.6470588235294118,0.2364225845100308,11,23,226.35532333438687,fallback
urban_nlos,1.0,1.0,heavy_rain,crash,6,train,train,train,0.4090909090909091,1.0,0.5806451612903226,0.2728684401481768,9,22,226.35532333438687,fallback
urban_nlos,1.0,1.0,heavy_rain,crash,7,train,train,train,0.6363636363636364,1.0,0.7777777777777778,0.38323642023083343,14,22,226.35532333438687,fallback
urban_nlos,1.0,1.0,heavy_rain,crash,8,train,train,train,0.4090909090909091,1.0,0.5806451612903226,0.2794766574240704,9,22,226.35532333438687,fallback
urban_nlos,1.0,1.0,heavy_rain,crash,9,train,train,train,0.3333333333333333,1.0,0.5,0.1216256053251172,8,24,226.35532333438687,fallback
urban_nlos,1.0,1.0,heavy_rain,waterlogging,0,train,held_out,train,0.5,1.0,0.6666666666666666,-0.0030524132204582514,12,24,226.35532333438687,fallback
urban_nlos,1.0,1.0,heavy_rain,waterlogging,1,train,held_out,train,0.4583333333333333,1.0,0.6285714285714286,-0.24641798919268074,11,24,226.35532333438687,fallback
urban_nlos,1.0,1.0,heavy_rain,waterlogging,2,train,held_out,train,0.4166666666666667,1.0,0.5882352941176471,0.22267843893928127,10,24,226.35532333438687,fallback
urban_nlos,1.0,1.0,heavy_rain,waterlogging,3,train,held_out,train,0.5416666666666666,1.0,0.7027027027027027,0.09940631810729711,13,24,226.35532333438687,fallback
urban_nlos,1.0,1.0,heavy_rain,waterlogging,4,train,held_out,train,0.6666666666666666,1.0,0.8,0.16315641597582906,16,24,226.35532333438687,fallback
urban_nlos,1.0,1.0,heavy_rain,waterlogging,5,train,held_out,train,0.4166666666666667,1.0,0.5882352941176471,-0.1260224590539211,10,24,226.35532333438687,fallback
urban_nlos,1.0,1.0,heavy_rain,waterlogging,6,train,held_out,train,0.5416666666666666,1.0,0.7027027027027027,-0.2278084742671221,13,24,226.35532333438687,fallback
urban_nlos,1.0,1.0,heavy_rain,waterlogging,7,train,held_out,train,0.6666666666666666,1.0,0.8,0.2293166968856311,16,24,226.35532333438687,fallback
urban_nlos,1.0,1.0,heavy_rain,waterlogging,8,train,held_out,train,0.4583333333333333,1.0,0.6285714285714286,0.009927090189314435,11,24,226.35532333438687,fallback
urban_nlos,1.0,1.0,heavy_rain,waterlogging,9,train,held_out,train,0.4583333333333333,1.0,0.6285714285714286,-0.16539588385986567,11,24,226.35532333438687,fallback
urban_nlos,1.0,1.0,heavy_rain,black_ice,0,train,held_out,train,0.5,1.0,0.6666666666666666,-0.01805858450489686,12,24,226.35532333438687,fallback
urban_nlos,1.0,1.0,heavy_rain,black_ice,1,train,held_out,train,0.4583333333333333,1.0,0.6285714285714286,-0.23604468130437362,11,24,226.35532333438687,fallback
urban_nlos,1.0,1.0,heavy_rain,black_ice,2,train,held_out,train,0.4166666666666667,1.0,0.5882352941176471,0.22603246097194857,10,24,226.35532333438687,fallback
urban_nlos,1.0,1.0,heavy_rain,black_ice,3,train,held_out,train,0.5416666666666666,1.0,0.7027027027027027,0.08899615444774556,13,24,226.35532333438687,fallback
urban_nlos,1.0,1.0,heavy_rain,black_ice,4,train,held_out,train,0.6666666666666666,1.0,0.8,0.1672872659181121,16,24,226.35532333438687,fallback
urban_nlos,1.0,1.0,heavy_rain,black_ice,5,train,held_out,train,0.4166666666666667,1.0,0.5882352941176471,-0.10968820222993597,10,24,226.35532333438687,fallback
urban_nlos,1.0,1.0,heavy_rain,black_ice,6,train,held_out,train,0.5416666666666666,1.0,0.7027027027027027,-0.23063052760759287,13,24,226.35532333438687,fallback
urban_nlos,1.0,1.0,heavy_rain,black_ice,7,train,held_out,train,0.6666666666666666,1.0,0.8,0.22817768542057984,16,24,226.35532333438687,fallback
urban_nlos,1.0,1.0,heavy_rain,black_ice,8,train,held_out,train,0.4583333333333333,1.0,0.6285714285714286,0.006982643711971492,11,24,226.35532333438687,fallback
urban_nlos,1.0,1.0,heavy_rain,black_ice,9,train,held_out,train,0.4583333333333333,1.0,0.6285714285714286,-0.1847453679856478,11,24,226.35532333438687,fallback
urban_nlos,1.0,1.0,moderate_rain,fog_bank,0,train,train,held_out,0.4782608695652174,1.0,0.6470588235294118,0.13975544295256714,11,23,226.35532333438687,fallback
urban_nlos,1.0,1.0,moderate_rain,fog_bank,1,train,train,held_out,0.5,1.0,0.6666666666666666,0.09978973306613272,12,24,226.35532333438687,fallback
urban_nlos,1.0,1.0,moderate_rain,fog_bank,2,train,train,held_out,0.5833333333333334,1.0,0.7368421052631579,0.23676363573578849,14,24,226.35532333438687,fallback
urban_nlos,1.0,1.0,moderate_rain,fog_bank,3,train,train,held_out,0.4583333333333333,1.0,0.6285714285714286,-0.29670402232605436,11,24,226.35532333438687,fallback
urban_nlos,1.0,1.0,moderate_rain,fog_bank,4,train,train,held_out,0.625,1.0,0.7692307692307693,0.19868066791699202,15,24,226.35532333438687,fallback
urban_nlos,1.0,1.0,moderate_rain,fog_bank,5,train,train,held_out,0.5416666666666666,1.0,0.7027027027027027,-0.008118481016411648,13,24,226.35532333438687,fallback
urban_nlos,1.0,1.0,moderate_rain,fog_bank,6,train,train,held_out,0.6666666666666666,1.0,0.8,-0.06696111178542449,16,24,226.35532333438687,fallback
urban_nlos,1.0,1.0,moderate_rain,fog_bank,7,train,train,held_out,0.625,1.0,0.7692307692307693,0.19730353994564465,15,24,226.35532333438687,fallback
urban_nlos,1.0,1.0,moderate_rain,fog_bank,8,train,train,held_out,0.6666666666666666,1.0,0.8,0.2552643622382101,16,24,226.35532333438687,fallback
urban_nlos,1.0,1.0,moderate_rain,fog_bank,9,train,train,held_out,0.375,1.0,0.5454545454545454,-0.22975812244716426,9,24,226.35532333438687,fallback
urban_nlos,1.0,1.0,moderate_rain,landslide,0,train,train,held_out,0.4782608695652174,1.0,0.6470588235294118,0.09575911926627433,11,23,226.35532333438687,fallback
urban_nlos,1.0,1.0,moderate_rain,landslide,1,train,train,held_out,0.5,1.0,0.6666666666666666,0.1164875336026393,12,24,226.35532333438687,fallback
urban_nlos,1.0,1.0,moderate_rain,landslide,2,train,train,held_out,0.5833333333333334,1.0,0.7368421052631579,0.22525171195194774,14,24,226.35532333438687,fallback
urban_nlos,1.0,1.0,moderate_rain,landslide,3,train,train,held_out,0.4583333333333333,1.0,0.6285714285714286,-0.30605962161729766,11,24,226.35532333438687,fallback
urban_nlos,1.0,1.0,moderate_rain,landslide,4,train,train,held_out,0.625,1.0,0.7692307692307693,0.16230353732985545,15,24,226.35532333438687,fallback
urban_nlos,1.0,1.0,moderate_rain,landslide,5,train,train,held_out,0.5416666666666666,1.0,0.7027027027027027,-0.014461961566664287,13,24,226.35532333438687,fallback
urban_nlos,1.0,1.0,moderate_rain,landslide,6,train,train,held_out,0.6666666666666666,1.0,0.8,-0.08778944504326472,16,24,226.35532333438687,fallback
urban_nlos,1.0,1.0,moderate_rain,landslide,7,train,train,held_out,0.625,1.0,0.7692307692307693,0.07547514928318962,15,24,226.35532333438687,fallback
urban_nlos,1.0,1.0,moderate_rain,landslide,8,train,train,held_out,0.7083333333333334,1.0,0.8292682926829268,0.30495013064181664,17,24,226.35532333438687,fallback
urban_nlos,1.0,1.0,moderate_rain,landslide,9,train,train,held_out,0.375,1.0,0.5454545454545454,-0.08669767348746223,9,24,226.35532333438687,fallback
urban_nlos,1.0,1.0,moderate_rain,crash,0,train,train,held_out,0.5,1.0,0.6666666666666666,0.1544662990983898,11,22,226.35532333438687,fallback
urban_nlos,1.0,1.0,moderate_rain,crash,1,train,train,held_out,0.5238095238095238,1.0,0.6875000000000001,0.4076453112907517,11,21,226.35532333438687,fallback
urban_nlos,1.0,1.0,moderate_rain,crash,2,train,train,held_out,0.6666666666666666,1.0,0.8,0.3958131170683192,14,21,226.35532333438687,fallback
urban_nlos,1.0,1.0,moderate_rain,crash,3,train,train,held_out,0.5,1.0,0.6666666666666666,0.263446625753599,11,22,226.35532333438687,fallback
urban_nlos,1.0,1.0,moderate_rain,crash,4,train,train,held_out,0.6363636363636364,1.0,0.7777777777777778,0.3556068560167976,14,22,226.35532333438687,fallback
urban_nlos,1.0,1.0,moderate_rain,crash,5,train,train,held_out,0.5416666666666666,1.0,0.7027027027027027,0.02372828456709542,13,24,226.35532333438687,fallback
urban_nlos,1.0,1.0,moderate_rain,crash,6,train,train,held_out,0.6521739130434783,1.0,0.7894736842105263,0.17434538371835115,15,23,226.35532333438687,fallback
urban_nlos,1.0,1.0,moderate_rain,crash,7,train,train,held_out,0.5217391304347826,1.0,0.6857142857142856,0.17130325344206668,12,23,226.35532333438687,fallback
urban_nlos,1.0,1.0,moderate_rain,crash,8,train,train,held_out,0.6363636363636364,1.0,0.7777777777777778,0.5028574042719222,14,22,226.35532333438687,fallback
urban_nlos,1.0,1.0,moderate_rain,crash,9,train,train,held_out,0.2727272727272727,1.0,0.42857142857142855,0.08911633233880337,6,22,226.35532333438687,fallback
urban_nlos,1.0,1.0,moderate_rain,waterlogging,0,train,held_out,held_out,0.4782608695652174,1.0,0.6470588235294118,0.10661538678449431,11,23,226.35532333438687,fallback
urban_nlos,1.0,1.0,moderate_rain,waterlogging,1,train,held_out,held_out,0.5,1.0,0.6666666666666666,0.11023040770789877,12,24,226.35532333438687,fallback
urban_nlos,1.0,1.0,moderate_rain,waterlogging,2,train,held_out,held_out,0.5833333333333334,1.0,0.7368421052631579,0.2313182961884028,14,24,226.35532333438687,fallback
urban_nlos,1.0,1.0,moderate_rain,waterlogging,3,train,held_out,held_out,0.4583333333333333,1.0,0.6285714285714286,-0.31086199424627464,11,24,226.35532333438687,fallback
urban_nlos,1.0,1.0,moderate_rain,waterlogging,4,train,held_out,held_out,0.625,1.0,0.7692307692307693,0.17143344359869586,15,24,226.35532333438687,fallback
urban_nlos,1.0,1.0,moderate_rain,waterlogging,5,train,held_out,held_out,0.5416666666666666,1.0,0.7027027027027027,-0.014767614623510304,13,24,226.35532333438687,fallback
urban_nlos,1.0,1.0,moderate_rain,waterlogging,6,train,held_out,held_out,0.6666666666666666,1.0,0.8,-0.08700456607277683,16,24,226.35532333438687,fallback
urban_nlos,1.0,1.0,moderate_rain,waterlogging,7,train,held_out,held_out,0.625,1.0,0.7692307692307693,0.11298717516553522,15,24,226.35532333438687,fallback
urban_nlos,1.0,1.0,moderate_rain,waterlogging,8,train,held_out,held_out,0.6666666666666666,1.0,0.8,0.29180313474777814,16,24,226.35532333438687,fallback
urban_nlos,1.0,1.0,moderate_rain,waterlogging,9,train,held_out,held_out,0.375,1.0,0.5454545454545454,-0.13270929100333145,9,24,226.35532333438687,fallback
urban_nlos,1.0,1.0,moderate_rain,black_ice,0,train,held_out,held_out,0.4782608695652174,1.0,0.6470588235294118,0.1011079668930929,11,23,226.35532333438687,fallback
urban_nlos,1.0,1.0,moderate_rain,black_ice,1,train,held_out,held_out,0.5,1.0,0.6666666666666666,0.11325156347633308,12,24,226.35532333438687,fallback
urban_nlos,1.0,1.0,moderate_rain,black_ice,2,train,held_out,held_out,0.5833333333333334,1.0,0.7368421052631579,0.22870084258460782,14,24,226.35532333438687,fallback
urban_nlos,1.0,1.0,moderate_rain,black_ice,3,train,held_out,held_out,0.4583333333333333,1.0,0.6285714285714286,-0.3092678877934582,11,24,226.35532333438687,fallback
urban_nlos,1.0,1.0,moderate_rain,black_ice,4,train,held_out,held_out,0.625,1.0,0.7692307692307693,0.16684619810554066,15,24,226.35532333438687,fallback
urban_nlos,1.0,1.0,moderate_rain,black_ice,5,train,held_out,held_out,0.5416666666666666,1.0,0.7027027027027027,-0.01477391231738986,13,24,226.35532333438687,fallback
urban_nlos,1.0,1.0,moderate_rain,black_ice,6,train,held_out,held_out,0.6666666666666666,1.0,0.8,-0.08791571917148441,16,24,226.35532333438687,fallback
urban_nlos,1.0,1.0,moderate_rain,black_ice,7,train,held_out,held_out,0.625,1.0,0.7692307692307693,0.094551099135474,15,24,226.35532333438687,fallback
urban_nlos,1.0,1.0,moderate_rain,black_ice,8,train,held_out,held_out,0.7083333333333334,1.0,0.8292682926829268,0.2984756171687544,17,24,226.35532333438687,fallback
urban_nlos,1.0,1.0,moderate_rain,black_ice,9,train,held_out,held_out,0.375,1.0,0.5454545454545454,-0.10995639739839787,9,24,226.35532333438687,fallback
urban_nlos,1.0,1.0,dense_fog,fog_bank,0,train,train,held_out,0.4166666666666667,1.0,0.5882352941176471,-0.004968019985341313,10,24,226.35532333438687,fallback
urban_nlos,1.0,1.0,dense_fog,fog_bank,1,train,train,held_out,0.6521739130434783,1.0,0.7894736842105263,0.31743651638419107,15,23,226.35532333438687,fallback
urban_nlos,1.0,1.0,dense_fog,fog_bank,2,train,train,held_out,0.5416666666666666,1.0,0.7027027027027027,0.2323108863240097,13,24,226.35532333438687,fallback
urban_nlos,1.0,1.0,dense_fog,fog_bank,3,train,train,held_out,0.6666666666666666,1.0,0.8,-0.12817183403818977,16,24,226.35532333438687,fallback
urban_nlos,1.0,1.0,dense_fog,fog_bank,4,train,train,held_out,0.5454545454545454,1.0,0.7058823529411764,0.23709855213949518,12,22,226.35532333438687,fallback
urban_nlos,1.0,1.0,dense_fog,fog_bank,5,train,train,held_out,0.391304347826087,1.0,0.5625,0.12545474960939074,9,23,226.35532333438687,fallback
urban_nlos,1.0,1.0,dense_fog,fog_bank,6,train,train,held_out,0.7083333333333334,1.0,0.8292682926829268,0.11192419083861181,17,24,226.35532333438687,fallback
urban_nlos,1.0,1.0,dense_fog,fog_bank,7,train,train,held_out,0.375,1.0,0.5454545454545454,-0.09276552672100026,9,24,226.35532333438687,fallback
urban_nlos,1.0,1.0,dense_fog,fog_bank,8,train,train,held_out,0.6086956521739131,1.0,0.7567567567567568,0.259984098953717,14,23,226.35532333438687,fallback
urban_nlos,1.0,1.0,dense_fog,fog_bank,9,train,train,held_out,0.45454545454545453,1.0,0.625,0.17176712285192225,10,22,226.35532333438687,fallback
urban_nlos,1.0,1.0,dense_fog,landslide,0,train,train,held_out,0.4166666666666667,1.0,0.5882352941176471,-0.004248596615407176,10,24,226.35532333438687,fallback
urban_nlos,1.0,1.0,dense_fog,landslide,1,train,train,held_out,0.6521739130434783,1.0,0.7894736842105263,0.3178047048771169,15,23,226.35532333438687,fallback
urban_nlos,1.0,1.0,dense_fog,landslide,2,train,train,held_out,0.5416666666666666,1.0,0.7027027027027027,0.17184214041121387,13,24,226.35532333438687,fallback
urban_nlos,1.0,1.0,dense_fog,landslide,3,train,train,held_out,0.6666666666666666,1.0,0.8,-0.06296220778444855,16,24,226.35532333438687,fallback
urban_nlos,1.0,1.0,dense_fog,landslide,4,train,train,held_out,0.5454545454545454,1.0,0.7058823529411764,0.24717412282053514,12,22,226.35532333438687,fallback
urban_nlos,1.0,1.0,dense_fog,landslide,5,train,train,held_out,0.391304347826087,1.0,0.5625,0.11969871116403913,9,23,226.35532333438687,fallback
urban_nlos,1.0,1.0,dense_fog,landslide,6,train,train,held_out,0.7083333333333334,1.0,0.8292682926829268,-0.011172329682335124,17,24,226.35532333438687,fallback
urban_nlos,1.0,1.0,dense_fog,landslide,7,train,train,held_out,0.375,1.0,0.5454545454545454,0.0017766619042679328,9,24,226.35532333438687,fallback
urban_nlos,1.0,1.0,dense_fog,landslide,8,train,train,held_out,0.6086956521739131,1.0,0.7567567567567568,0.27479985455866357,14,23,226.35532333438687,fallback
urban_nlos,1.0,1.0,dense_fog,landslide,9,train,train,held_out,0.45454545454545453,1.0,0.625,0.1442383973460251,10,22,226.35532333438687,fallback
urban_nlos,1.0,1.0,dense_fog,crash,0,train,train,held_out,0.42857142857142855,1.0,0.6,0.28914901688250055,9,21,226.35532333438687,fallback
urban_nlos,1.0,1.0,dense_fog,crash,1,train,train,held_out,0.7142857142857143,1.0,0.8333333333333333,0.4548576082271495,15,21,226.35532333438687,fallback
urban_nlos,1.0,1.0,dense_fog,crash,2,train,train,held_out,0.5,1.0,0.6666666666666666,0.32912358987784507,11,22,226.35532333438687,fallback
urban_nlos,1.0,1.0,dense_fog,crash,3,train,train,held_out,0.6666666666666666,1.0,0.8,0.1550376618763449,16,24,226.35532333438687,fallback
urban_nlos,1.0,1.0,dense_fog,crash,4,train,train,held_out,0.47619047619047616,1.0,0.6451612903225806,0.3883088980011761,10,21,226.35532333438687,fallback
urban_nlos,1.0,1.0,dense_fog,crash,5,train,train,held_out,0.36363636363636365,1.0,0.5333333333333333,0.23148087099289255,8,22,226.35532333438687,fallback
urban_nlos,1.0,1.0,dense_fog,crash,6,train,train,held_out,0.6086956521739131,1.0,0.7567567567567568,0.417298209827623,14,23,226.35532333438687,fallback
urban_nlos,1.0,1.0,dense_fog,crash,7,train,train,held_out,0.47619047619047616,1.0,0.6451612903225806,0.22147889064268333,10,21,226.35532333438687,fallback
urban_nlos,1.0,1.0,dense_fog,crash,8,train,train,held_out,0.5,1.0,0.6666666666666666,0.32724919293008664,11,22,226.35532333438687,fallback
urban_nlos,1.0,1.0,dense_fog,crash,9,train,train,held_out,0.42857142857142855,1.0,0.6,0.1387447596339837,9,21,226.35532333438687,fallback
urban_nlos,1.0,1.0,dense_fog,waterlogging,0,train,held_out,held_out,0.4166666666666667,1.0,0.5882352941176471,-0.0060387012062814785,10,24,226.35532333438687,fallback
urban_nlos,1.0,1.0,dense_fog,waterlogging,1,train,held_out,held_out,0.6521739130434783,1.0,0.7894736842105263,0.3172072714960125,15,23,226.35532333438687,fallback
urban_nlos,1.0,1.0,dense_fog,waterlogging,2,train,held_out,held_out,0.5416666666666666,1.0,0.7027027027027027,0.18719824893808054,13,24,226.35532333438687,fallback
urban_nlos,1.0,1.0,dense_fog,waterlogging,3,train,held_out,held_out,0.6666666666666666,1.0,0.8,-0.08282392947871849,16,24,226.35532333438687,fallback
urban_nlos,1.0,1.0,dense_fog,waterlogging,4,train,held_out,held_out,0.5454545454545454,1.0,0.7058823529411764,0.24425511111978504,12,22,226.35532333438687,fallback
urban_nlos,1.0,1.0,dense_fog,waterlogging,5,train,held_out,held_out,0.391304347826087,1.0,0.5625,0.12084782027237063,9,23,226.35532333438687,fallback
urban_nlos,1.0,1.0,dense_fog,waterlogging,6,train,held_out,held_out,0.7083333333333334,1.0,0.8292682926829268,0.021766927111130374,17,24,226.35532333438687,fallback
urban_nlos,1.0,1.0,dense_fog,waterlogging,7,train,held_out,held_out,0.375,1.0,0.5454545454545454,-0.024557569113302032,9,24,226.35532333438687,fallback
urban_nlos,1.0,1.0,dense_fog,waterlogging,8,train,held_out,held_out,0.6086956521739131,1.0,0.7567567567567568,0.26984759086111104,14,23,226.35532333438687,fallback
urban_nlos,1.0,1.0,dense_fog,waterlogging,9,train,held_out,held_out,0.45454545454545453,1.0,0.625,0.15114644787368872,10,22,226.35532333438687,fallback
urban_nlos,1.0,1.0,dense_fog,black_ice,0,train,held_out,held_out,0.4166666666666667,1.0,0.5882352941176471,-0.005243566974248445,10,24,226.35532333438687,fallback
urban_nlos,1.0,1.0,dense_fog,black_ice,1,train,held_out,held_out,0.6521739130434783,1.0,0.7894736842105263,0.31746934449085634,15,23,226.35532333438687,fallback
urban_nlos,1.0,1.0,dense_fog,black_ice,2,train,held_out,held_out,0.5416666666666666,1.0,0.7027027027027027,0.17920417977768643,13,24,226.35532333438687,fallback
urban_nlos,1.0,1.0,dense_fog,black_ice,3,train,held_out,held_out,0.6666666666666666,1.0,0.8,-0.07399109477359794,16,24,226.35532333438687,fallback
urban_nlos,1.0,1.0,dense_fog,black_ice,4,train,held_out,held_out,0.5454545454545454,1.0,0.7058823529411764,0.24572593596161074,12,22,226.35532333438687,fallback
urban_nlos,1.0,1.0,dense_fog,black_ice,5,train,held_out,held_out,0.391304347826087,1.0,0.5625,0.12015177098187098,9,23,226.35532333438687,fallback
urban_nlos,1.0,1.0,dense_fog,black_ice,6,train,held_out,held_out,0.7083333333333334,1.0,0.8292682926829268,0.00524796112689828,17,24,226.35532333438687,fallback
urban_nlos,1.0,1.0,dense_fog,black_ice,7,train,held_out,held_out,0.375,1.0,0.5454545454545454,-0.011480757985071022,9,24,226.35532333438687,fallback
urban_nlos,1.0,1.0,dense_fog,black_ice,8,train,held_out,held_out,0.6086956521739131,1.0,0.7567567567567568,0.2722871638819617,14,23,226.35532333438687,fallback
urban_nlos,1.0,1.0,dense_fog,black_ice,9,train,held_out,held_out,0.45454545454545453,1.0,0.625,0.14764409191876876,10,22,226.35532333438687,fallback
urban_grid,1.0,1.0,clear,fog_bank,0,held_out,train,train,0.5,1.0,0.6666666666666666,-0.27710542644636704,8,16,226.35532333438687,fallback
urban_grid,1.0,1.0,clear,fog_bank,1,held_out,train,train,0.875,1.0,0.9333333333333333,0.5082506630910248,14,16,226.35532333438687,fallback
urban_grid,1.0,1.0,clear,fog_bank,2,held_out,train,train,0.75,1.0,0.8571428571428571,0.02756953581062592,12,16,226.35532333438687,fallback
urban_grid,1.0,1.0,clear,fog_bank,3,held_out,train,train,0.4375,1.0,0.6086956521739131,0.29363969033158627,7,16,226.35532333438687,fallback
urban_grid,1.0,1.0,clear,fog_bank,4,held_out,train,train,0.6875,1.0,0.8148148148148148,-0.018130336989597415,11,16,226.35532333438687,fallback
urban_grid,1.0,1.0,clear,fog_bank,5,held_out,train,train,0.5,1.0,0.6666666666666666,-0.1549531436150397,8,16,226.35532333438687,fallback
urban_grid,1.0,1.0,clear,fog_bank,6,held_out,train,train,0.625,1.0,0.7692307692307693,0.020131489571227176,10,16,226.35532333438687,fallback
urban_grid,1.0,1.0,clear,fog_bank,7,held_out,train,train,0.5625,1.0,0.72,-0.04919110970124751,9,16,226.35532333438687,fallback
urban_grid,1.0,1.0,clear,fog_bank,8,held_out,train,train,0.5,1.0,0.6666666666666666,-0.09270811952415571,8,16,226.35532333438687,fallback
urban_grid,1.0,1.0,clear,fog_bank,9,held_out,train,train,0.5625,1.0,0.72,0.37828184833868833,9,16,226.35532333438687,fallback
urban_grid,1.0,1.0,clear,landslide,0,held_out,train,train,0.5,1.0,0.6666666666666666,-0.20422243256542338,8,16,226.35532333438687,fallback
urban_grid,1.0,1.0,clear,landslide,1,held_out,train,train,0.875,1.0,0.9333333333333333,nan,14,16,226.35532333438687,fallback
urban_grid,1.0,1.0,clear,landslide,2,held_out,train,train,0.75,1.0,0.8571428571428571,nan,12,16,226.35532333438687,fallback
urban_grid,1.0,1.0,clear,landslide,3,held_out,train,train,0.4375,1.0,0.6086956521739131,nan,7,16,226.35532333438687,fallback
urban_grid,1.0,1.0,clear,landslide,4,held_out,train,train,0.6875,1.0,0.8148148148148148,nan,11,16,226.35532333438687,fallback
urban_grid,1.0,1.0,clear,landslide,5,held_out,train,train,0.5,1.0,0.6666666666666666,-0.11050456415262778,8,16,226.35532333438687,fallback
urban_grid,1.0,1.0,clear,landslide,6,held_out,train,train,0.625,1.0,0.7692307692307693,-0.10842953039296012,10,16,226.35532333438687,fallback
urban_grid,1.0,1.0,clear,landslide,7,held_out,train,train,0.5625,1.0,0.72,nan,9,16,226.35532333438687,fallback
urban_grid,1.0,1.0,clear,landslide,8,held_out,train,train,0.5,1.0,0.6666666666666666,-0.07769380928259197,8,16,226.35532333438687,fallback
urban_grid,1.0,1.0,clear,landslide,9,held_out,train,train,0.5625,1.0,0.72,0.263713533614476,9,16,226.35532333438687,fallback
urban_grid,1.0,1.0,clear,crash,0,held_out,train,train,0.23076923076923078,1.0,0.375,0.3072493081505054,3,13,226.35532333438687,fallback
urban_grid,1.0,1.0,clear,crash,1,held_out,train,train,0.8125,1.0,0.896551724137931,0.5665245730806122,13,16,226.35532333438687,fallback
urban_grid,1.0,1.0,clear,crash,2,held_out,train,train,0.5625,1.0,0.72,0.45099577528572743,9,16,226.35532333438687,fallback
urban_grid,1.0,1.0,clear,crash,3,held_out,train,train,0.4,1.0,0.5714285714285715,0.2252037142224909,6,15,226.35532333438687,fallback
urban_grid,1.0,1.0,clear,crash,4,held_out,train,train,0.6875,1.0,0.8148148148148148,0.0058183977707875045,11,16,226.35532333438687,fallback
urban_grid,1.0,1.0,clear,crash,5,held_out,train,train,0.375,1.0,0.5454545454545454,-0.13439994662804888,6,16,226.35532333438687,fallback
urban_grid,1.0,1.0,clear,crash,6,held_out,train,train,0.4666666666666667,1.0,0.6363636363636364,0.28496012210020377,7,15,226.35532333438687,fallback
urban_grid,1.0,1.0,clear,crash,7,held_out,train,train,0.3333333333333333,1.0,0.5,0.22860843091281313,5,15,226.35532333438687,fallback
urban_grid,1.0,1.0,clear,crash,8,held_out,train,train,0.5,1.0,0.6666666666666666,0.29994177419165324,7,14,226.35532333438687,fallback
urban_grid,1.0,1.0,clear,crash,9,held_out,train,train,0.4,1.0,0.5714285714285715,0.18570335338728503,6,15,226.35532333438687,fallback
urban_grid,1.0,1.0,clear,waterlogging,0,held_out,held_out,train,0.5,1.0,0.6666666666666666,-0.2538980146886128,8,16,226.35532333438687,fallback
urban_grid,1.0,1.0,clear,waterlogging,1,held_out,held_out,train,0.875,1.0,0.9333333333333333,0.4716580071297715,14,16,226.35532333438687,fallback
urban_grid,1.0,1.0,clear,waterlogging,2,held_out,held_out,train,0.75,1.0,0.8571428571428571,-0.016568259471670677,12,16,226.35532333438687,fallback
urban_grid,1.0,1.0,clear,waterlogging,3,held_out,held_out,train,0.4375,1.0,0.6086956521739131,0.2703731684493541,7,16,226.35532333438687,fallback
urban_grid,1.0,1.0,clear,waterlogging,4,held_out,held_out,train,0.6875,1.0,0.8148148148148148,-0.049747977397907026,11,16,226.35532333438687,fallback
urban_grid,1.0,1.0,clear,waterlogging,5,held_out,held_out,train,0.5,1.0,0.6666666666666666,-0.12995801127268425,8,16,226.35532333438687,fallback
urban_grid,1.0,1.0,clear,waterlogging,6,held_out,held_out,train,0.625,1.0,0.7692307692307693,-0.07222433657228867,10,16,226.35532333438687,fallback
urban_grid,1.0,1.0,clear,waterlogging,7,held_out,held_out,train,0.5625,1.0,0.72,-0.07375117042901218,9,16,226.35532333438687,fallback
urban_grid,1.0,1.0,clear,waterlogging,8,held_out,held_out,train,0.5,1.0,0.6666666666666666,-0.0835368730699903,8,16,226.35532333438687,fallback
urban_grid,1.0,1.0,clear,waterlogging,9,held_out,held_out,train,0.5625,1.0,0.72,0.31463867478071544,9,16,226.35532333438687,fallback
urban_grid,1.0,1.0,clear,black_ice,0,held_out,held_out,train,0.5,1.0,0.6666666666666666,-0.2325895920191613,8,16,226.35532333438687,fallback
urban_grid,1.0,1.0,clear,black_ice,1,held_out,held_out,train,0.875,1.0,0.9333333333333333,0.466697074368181,14,16,226.35532333438687,fallback
urban_grid,1.0,1.0,clear,black_ice,2,held_out,held_out,train,0.75,1.0,0.8571428571428571,-0.023244355339470245,12,16,226.35532333438687,fallback
urban_grid,1.0,1.0,clear,black_ice,3,held_out,held_out,train,0.4375,1.0,0.6086956521739131,0.26837546912109744,7,16,226.35532333438687,fallback
urban_grid,1.0,1.0,clear,black_ice,4,held_out,held_out,train,0.6875,1.0,0.8148148148148148,-0.05523672984334653,11,16,226.35532333438687,fallback
urban_grid,1.0,1.0,clear,black_ice,5,held_out,held_out,train,0.5,1.0,0.6666666666666666,-0.12107826653327128,8,16,226.35532333438687,fallback
urban_grid,1.0,1.0,clear,black_ice,6,held_out,held_out,train,0.625,1.0,0.7692307692307693,-0.09029906731742718,10,16,226.35532333438687,fallback
urban_grid,1.0,1.0,clear,black_ice,7,held_out,held_out,train,0.5625,1.0,0.72,-0.07722296175839036,9,16,226.35532333438687,fallback
urban_grid,1.0,1.0,clear,black_ice,8,held_out,held_out,train,0.5,1.0,0.6666666666666666,-0.08082964512640414,8,16,226.35532333438687,fallback
urban_grid,1.0,1.0,clear,black_ice,9,held_out,held_out,train,0.5625,1.0,0.72,0.291961139379406,9,16,226.35532333438687,fallback
urban_grid,1.0,1.0,heavy_rain,fog_bank,0,held_out,train,train,0.5625,1.0,0.72,0.10689802375531077,9,16,226.35532333438687,fallback
urban_grid,1.0,1.0,heavy_rain,fog_bank,1,held_out,train,train,0.75,1.0,0.8571428571428571,-0.007906762850935018,12,16,226.35532333438687,fallback
urban_grid,1.0,1.0,heavy_rain,fog_bank,2,held_out,train,train,0.5,1.0,0.6666666666666666,0.1105367329800834,8,16,226.35532333438687,fallback
urban_grid,1.0,1.0,heavy_rain,fog_bank,3,held_out,train,train,0.5625,1.0,0.72,0.09600097990215718,9,16,226.35532333438687,fallback
urban_grid,1.0,1.0,heavy_rain,fog_bank,4,held_out,train,train,0.5625,1.0,0.72,0.4548526515981557,9,16,226.35532333438687,fallback
urban_grid,1.0,1.0,heavy_rain,fog_bank,5,held_out,train,train,0.5,1.0,0.6666666666666666,-0.18127139708411777,8,16,226.35532333438687,fallback
urban_grid,1.0,1.0,heavy_rain,fog_bank,6,held_out,train,train,0.6875,1.0,0.8148148148148148,0.028181725096653447,11,16,226.35532333438687,fallback
urban_grid,1.0,1.0,heavy_rain,fog_bank,7,held_out,train,train,0.5625,1.0,0.72,0.09001498697626582,9,16,226.35532333438687,fallback
urban_grid,1.0,1.0,heavy_rain,fog_bank,8,held_out,train,train,0.4666666666666667,1.0,0.6363636363636364,0.24640802797632994,7,15,226.35532333438687,fallback
urban_grid,1.0,1.0,heavy_rain,fog_bank,9,held_out,train,train,0.6875,1.0,0.8148148148148148,-0.2515321064009748,11,16,226.35532333438687,fallback
urban_grid,1.0,1.0,heavy_rain,landslide,0,held_out,train,train,0.5625,1.0,0.72,-0.16870211612515293,9,16,226.35532333438687,fallback
urban_grid,1.0,1.0,heavy_rain,landslide,1,held_out,train,train,0.75,1.0,0.8571428571428571,nan,12,16,226.35532333438687,fallback
urban_grid,1.0,1.0,heavy_rain,landslide,2,held_out,train,train,0.5,1.0,0.6666666666666666,0.01996107680836313,8,16,226.35532333438687,fallback
urban_grid,1.0,1.0,heavy_rain,landslide,3,held_out,train,train,0.5625,1.0,0.72,0.11214995464573757,9,16,226.35532333438687,fallback
urban_grid,1.0,1.0,heavy_rain,landslide,4,held_out,train,train,0.5625,1.0,0.72,0.3978670556156488,9,16,226.35532333438687,fallback
urban_grid,1.0,1.0,heavy_rain,landslide,5,held_out,train,train,0.5,1.0,0.6666666666666666,-0.20048434269565782,8,16,226.35532333438687,fallback
urban_grid,1.0,1.0,heavy_rain,landslide,6,held_out,train,train,0.6875,1.0,0.8148148148148148,0.05191821625358157,11,16,226.35532333438687,fallback
urban_grid,1.0,1.0,heavy_rain,landslide,7,held_out,train,train,0.5625,1.0,0.72,0.05135532025109117,9,16,226.35532333438687,fallback
urban_grid,1.0,1.0,heavy_rain,landslide,8,held_out,train,train,0.4666666666666667,1.0,0.6363636363636364,0.21067247937623124,7,15,226.35532333438687,fallback
urban_grid,1.0,1.0,heavy_rain,landslide,9,held_out,train,train,0.6875,1.0,0.8148148148148148,-0.11829824525906536,11,16,226.35532333438687,fallback
urban_grid,1.0,1.0,heavy_rain,crash,0,held_out,train,train,0.2857142857142857,1.0,0.4444444444444445,0.30155358269584254,4,14,226.35532333438687,fallback
urban_grid,1.0,1.0,heavy_rain,crash,1,held_out,train,train,0.5625,1.0,0.72,0.29676953612589085,9,16,226.35532333438687,fallback
urban_grid,1.0,1.0,heavy_rain,crash,2,held_out,train,train,0.4,1.0,0.5714285714285715,0.27966758184367213,6,15,226.35532333438687,fallback
urban_grid,1.0,1.0,heavy_rain,crash,3,held_out,train,train,0.4375,1.0,0.6086956521739131,0.26065695053509474,7,16,226.35532333438687,fallback
urban_grid,1.0,1.0,heavy_rain,crash,4,held_out,train,train,0.5,1.0,0.6666666666666666,0.534419134812425,8,16,226.35532333438687,fallback
urban_grid,1.0,1.0,heavy_rain,crash,5,held_out,train,train,0.4375,1.0,0.6086956521739131,0.3853060629224102,7,16,226.35532333438687,fallback
urban_grid,1.0,1.0,heavy_rain,crash,6,held_out,train,train,0.4,1.0,0.5714285714285715,0.15768398496210276,6,15,226.35532333438687,fallback
urban_grid,1.0,1.0,heavy_rain,crash,7,held_out,train,train,0.6153846153846154,1.0,0.761904761904762,0.5793212857569693,8,13,226.35532333438687,fallback
urban_grid,1.0,1.0,heavy_rain,crash,8,held_out,train,train,0.38461538461538464,1.0,0.5555555555555556,0.3449656902699545,5,13,226.35532333438687,fallback
urban_grid,1.0,1.0,heavy_rain,crash,9,held_out,train,train,0.5,1.0,0.6666666666666666,-0.10525644726011772,8,16,226.35532333438687,fallback
urban_grid,1.0,1.0,heavy_rain,waterlogging,0,held_out,held_out,train,0.5625,1.0,0.72,-0.07271077292242248,9,16,226.35532333438687,fallback
urban_grid,1.0,1.0,heavy_rain,waterlogging,1,held_out,held_out,train,0.75,1.0,0.8571428571428571,-0.047656575988793304,12,16,226.35532333438687,fallback
urban_grid,1.0,1.0,heavy_rain,waterlogging,2,held_out,held_out,train,0.5,1.0,0.6666666666666666,0.06127979804750975,8,16,226.35532333438687,fallback
urban_grid,1.0,1.0,heavy_rain,waterlogging,3,held_out,held_out,train,0.5625,1.0,0.72,0.1041922950768091,9,16,226.35532333438687,fallback
urban_grid,1.0,1.0,heavy_rain,waterlogging,4,held_out,held_out,train,0.5625,1.0,0.72,0.41554104821900023,9,16,226.35532333438687,fallback
urban_grid,1.0,1.0,heavy_rain,waterlogging,5,held_out,held_out,train,0.5,1.0,0.6666666666666666,-0.2216281594020225,8,16,226.35532333438687,fallback
urban_grid,1.0,1.0,heavy_rain,waterlogging,6,held_out,held_out,train,0.6875,1.0,0.8148148148148148,0.04328401969535943,11,16,226.35532333438687,fallback
urban_grid,1.0,1.0,heavy_rain,waterlogging,7,held_out,held_out,train,0.5625,1.0,0.72,0.06011558816184794,9,16,226.35532333438687,fallback
urban_grid,1.0,1.0,heavy_rain,waterlogging,8,held_out,held_out,train,0.4666666666666667,1.0,0.6363636363636364,0.22006651018927187,7,15,226.35532333438687,fallback
urban_grid,1.0,1.0,heavy_rain,waterlogging,9,held_out,held_out,train,0.6875,1.0,0.8148148148148148,-0.19106168278093064,11,16,226.35532333438687,fallback
urban_grid,1.0,1.0,heavy_rain,black_ice,0,held_out,held_out,train,0.5625,1.0,0.72,-0.11816215522198305,9,16,226.35532333438687,fallback
urban_grid,1.0,1.0,heavy_rain,black_ice,1,held_out,held_out,train,0.75,1.0,0.8571428571428571,-0.053539594641883334,12,16,226.35532333438687,fallback
urban_grid,1.0,1.0,heavy_rain,black_ice,2,held_out,held_out,train,0.5,1.0,0.6666666666666666,0.043509131682185224,8,16,226.35532333438687,fallback
urban_grid,1.0,1.0,heavy_rain,black_ice,3,held_out,held_out,train,0.5625,1.0,0.72,0.1079985383944935,9,16,226.35532333438687,fallback
urban_grid,1.0,1.0,heavy_rain,black_ice,4,held_out,held_out,train,0.5625,1.0,0.72,0.40699979078609383,9,16,226.35532333438687,fallback
urban_grid,1.0,1.0,heavy_rain,black_ice,5,held_out,held_out,train,0.5,1.0,0.6666666666666666,-0.21552007642314744,8,16,226.35532333438687,fallback
urban_grid,1.0,1.0,heavy_rain,black_ice,6,held_out,held_out,train,0.6875,1.0,0.8148148148148148,0.04738196367259156,11,16,226.35532333438687,fallback
urban_grid,1.0,1.0,heavy_rain,black_ice,7,held_out,held_out,train,0.5625,1.0,0.72,0.05555566004406971,9,16,226.35532333438687,fallback
urban_grid,1.0,1.0,heavy_rain,black_ice,8,held_out,held_out,train,0.4666666666666667,1.0,0.6363636363636364,0.21534350229800295,7,15,226.35532333438687,fallback
urban_grid,1.0,1.0,heavy_rain,black_ice,9,held_out,held_out,train,0.6875,1.0,0.8148148148148148,-0.1592678678190315,11,16,226.35532333438687,fallback
urban_grid,1.0,1.0,moderate_rain,fog_bank,0,held_out,train,held_out,0.625,1.0,0.7692307692307693,0.1536854600749692,10,16,226.35532333438687,fallback
urban_grid,1.0,1.0,moderate_rain,fog_bank,1,held_out,train,held_out,0.75,1.0,0.8571428571428571,-0.019273450951702152,12,16,226.35532333438687,fallback
urban_grid,1.0,1.0,moderate_rain,fog_bank,2,held_out,train,held_out,0.75,1.0,0.8571428571428571,0.1592271106124072,12,16,226.35532333438687,fallback
urban_grid,1.0,1.0,moderate_rain,fog_bank,3,held_out,train,held_out,0.625,1.0,0.7692307692307693,0.31079692944762244,10,16,226.35532333438687,fallback
urban_grid,1.0,1.0,moderate_rain,fog_bank,4,held_out,train,held_out,0.625,1.0,0.7692307692307693,0.2694329572150491,10,16,226.35532333438687,fallback
urban_grid,1.0,1.0,moderate_rain,fog_bank,5,held_out,train,held_out,0.6875,1.0,0.8148148148148148,0.2045227433186109,11,16,226.35532333438687,fallback
urban_grid,1.0,1.0,moderate_rain,fog_bank,6,held_out,train,held_out,0.6875,1.0,0.8148148148148148,0.06811027067036447,11,16,226.35532333438687,fallback
urban_grid,1.0,1.0,moderate_rain,fog_bank,7,held_out,train,held_out,0.25,1.0,0.4,0.20609921616313184,4,16,226.35532333438687,fallback
urban_grid,1.0,1.0,moderate_rain,fog_bank,8,held_out,train,held_out,0.4375,1.0,0.6086956521739131,-0.03236369572900295,7,16,226.35532333438687,fallback
urban_grid,1.0,1.0,moderate_rain,fog_bank,9,held_out,train,held_out,0.5,1.0,0.6666666666666666,-0.1889693848436137,8,16,226.35532333438687,fallback
urban_grid,1.0,1.0,moderate_rain,landslide,0,held_out,train,held_out,0.625,1.0,0.7692307692307693,nan,10,16,226.35532333438687,fallback
urban_grid,1.0,1.0,moderate_rain,landslide,1,held_out,train,held_out,0.75,1.0,0.8571428571428571,nan,12,16,226.35532333438687,fallback
urban_grid,1.0,1.0,moderate_rain,landslide,2,held_out,train,held_out,0.75,1.0,0.8571428571428571,-0.06970280203773957,12,16,226.35532333438687,fallback
urban_grid,1.0,1.0,moderate_rain,landslide,3,held_out,train,held_out,0.625,1.0,0.7692307692307693,0.298268363476824,10,16,226.35532333438687,fallback
urban_grid,1.0,1.0,moderate_rain,landslide,4,held_out,train,held_out,0.625,1.0,0.7692307692307693,0.3102548126003631,10,16,226.35532333438687,fallback
urban_grid,1.0,1.0,moderate_rain,landslide,5,held_out,train,held_out,0.6875,1.0,0.8148148148148148,0.3682367154264332,11,16,226.35532333438687,fallback
urban_grid,1.0,1.0,moderate_rain,landslide,6,held_out,train,held_out,0.6875,1.0,0.8148148148148148,0.022035523190765356,11,16,226.35532333438687,fallback
urban_grid,1.0,1.0,moderate_rain,landslide,7,held_out,train,held_out,0.25,1.0,0.4,0.20134943628539292,4,16,226.35532333438687,fallback
urban_grid,1.0,1.0,moderate_rain,landslide,8,held_out,train,held_out,0.4375,1.0,0.6086956521739131,-0.06608570119520372,7,16,226.35532333438687,fallback
urban_grid,1.0,1.0,moderate_rain,landslide,9,held_out,train,held_out,0.5,1.0,0.6666666666666666,-0.15938477879603213,8,16,226.35532333438687,fallback
urban_grid,1.0,1.0,moderate_rain,crash,0,held_out,train,held_out,0.4,1.0,0.5714285714285715,0.13126130384957263,6,15,226.35532333438687,fallback
urban_grid,1.0,1.0,moderate_rain,crash,1,held_out,train,held_out,0.625,1.0,0.7692307692307693,0.18591224440536375,10,16,226.35532333438687,fallback
urban_grid,1.0,1.0,moderate_rain,crash,2,held_out,train,held_out,0.5714285714285714,1.0,0.7272727272727273,0.4012458923868047,8,14,226.35532333438687,fallback
urban_grid,1.0,1.0,moderate_rain,crash,3,held_out,train,held_out,0.6,1.0,0.7499999999999999,0.30119588101983974,9,15,226.35532333438687,fallback
urban_grid,1.0,1.0,moderate_rain,crash,4,held_out,train,held_out,0.4375,1.0,0.6086956521739131,0.36656049734200546,7,16,226.35532333438687,fallback
urban_grid,1.0,1.0,moderate_rain,crash,5,held_out,train,held_out,0.5714285714285714,1.0,0.7272727272727273,0.36940298215399037,8,14,226.35532333438687,fallback
urban_grid,1.0,1.0,moderate_rain,crash,6,held_out,train,held_out,0.46153846153846156,1.0,0.631578947368421,0.37051436851879643,6,13,226.35532333438687,fallback
urban_grid,1.0,1.0,moderate_rain,crash,7,held_out,train,held_out,0.25,1.0,0.4,0.2830111004474837,3,12,226.35532333438687,fallback
urban_grid,1.0,1.0,moderate_rain,crash,8,held_out,train,held_out,0.46153846153846156,1.0,0.631578947368421,0.33955073045785883,6,13,226.35532333438687,fallback
urban_grid,1.0,1.0,moderate_rain,crash,9,held_out,train,held_out,0.4,1.0,0.5714285714285715,0.16859828106075064,6,15,226.35532333438687,fallback
urban_grid,1.0,1.0,moderate_rain,waterlogging,0,held_out,held_out,held_out,0.625,1.0,0.7692307692307693,0.14208137235845625,10,16,226.35532333438687,fallback
urban_grid,1.0,1.0,moderate_rain,waterlogging,1,held_out,held_out,held_out,0.75,1.0,0.8571428571428571,-0.00808997960058894,12,16,226.35532333438687,fallback
urban_grid,1.0,1.0,moderate_rain,waterlogging,2,held_out,held_out,held_out,0.75,1.0,0.8571428571428571,0.008848670121200063,12,16,226.35532333438687,fallback
urban_grid,1.0,1.0,moderate_rain,waterlogging,3,held_out,held_out,held_out,0.625,1.0,0.7692307692307693,0.3079220038612832,10,16,226.35532333438687,fallback
urban_grid,1.0,1.0,moderate_rain,waterlogging,4,held_out,held_out,held_out,0.625,1.0,0.7692307692307693,0.2977669198287282,10,16,226.35532333438687,fallback
urban_grid,1.0,1.0,moderate_rain,waterlogging,5,held_out,held_out,held_out,0.6875,1.0,0.8148148148148148,0.30625802105747574,11,16,226.35532333438687,fallback
urban_grid,1.0,1.0,moderate_rain,waterlogging,6,held_out,held_out,held_out,0.6875,1.0,0.8148148148148148,0.03617088550412682,11,16,226.35532333438687,fallback
urban_grid,1.0,1.0,moderate_rain,waterlogging,7,held_out,held_out,held_out,0.25,1.0,0.4,0.21568391215804894,4,16,226.35532333438687,fallback
urban_grid,1.0,1.0,moderate_rain,waterlogging,8,held_out,held_out,held_out,0.4375,1.0,0.6086956521739131,-0.05695609311257824,7,16,226.35532333438687,fallback
urban_grid,1.0,1.0,moderate_rain,waterlogging,9,held_out,held_out,held_out,0.5,1.0,0.6666666666666666,-0.17646048419722252,8,16,226.35532333438687,fallback
urban_grid,1.0,1.0,moderate_rain,black_ice,0,held_out,held_out,held_out,0.625,1.0,0.7692307692307693,0.14135328629039623,10,16,226.35532333438687,fallback
urban_grid,1.0,1.0,moderate_rain,black_ice,1,held_out,held_out,held_out,0.75,1.0,0.8571428571428571,-0.0063486387992740595,12,16,226.35532333438687,fallback
urban_grid,1.0,1.0,moderate_rain,black_ice,2,held_out,held_out,held_out,0.75,1.0,0.8571428571428571,-0.030736702756950823,12,16,226.35532333438687,fallback
urban_grid,1.0,1.0,moderate_rain,black_ice,3,held_out,held_out,held_out,0.625,1.0,0.7692307692307693,0.3038772587249281,10,16,226.35532333438687,fallback
urban_grid,1.0,1.0,moderate_rain,black_ice,4,held_out,held_out,held_out,0.625,1.0,0.7692307692307693,0.30435095728203276,10,16,226.35532333438687,fallback
urban_grid,1.0,1.0,moderate_rain,black_ice,5,held_out,held_out,held_out,0.6875,1.0,0.8148148148148148,0.3371254617802041,11,16,226.35532333438687,fallback
urban_grid,1.0,1.0,moderate_rain,black_ice,6,held_out,held_out,held_out,0.6875,1.0,0.8148148148148148,0.03050691034041818,11,16,226.35532333438687,fallback
urban_grid,1.0,1.0,moderate_rain,black_ice,7,held_out,held_out,held_out,0.25,1.0,0.4,0.21364324630235756,4,16,226.35532333438687,fallback
urban_grid,1.0,1.0,moderate_rain,black_ice,8,held_out,held_out,held_out,0.4375,1.0,0.6086956521739131,-0.061563078979858715,7,16,226.35532333438687,fallback
urban_grid,1.0,1.0,moderate_rain,black_ice,9,held_out,held_out,held_out,0.5,1.0,0.6666666666666666,-0.16877419366377866,8,16,226.35532333438687,fallback
urban_grid,1.0,1.0,dense_fog,fog_bank,0,held_out,train,held_out,0.6875,1.0,0.8148148148148148,0.13491250319752085,11,16,226.35532333438687,fallback
urban_grid,1.0,1.0,dense_fog,fog_bank,1,held_out,train,held_out,0.8125,1.0,0.896551724137931,0.07216729416041949,13,16,226.35532333438687,fallback
urban_grid,1.0,1.0,dense_fog,fog_bank,2,held_out,train,held_out,0.6875,1.0,0.8148148148148148,0.21432007583249235,11,16,226.35532333438687,fallback
urban_grid,1.0,1.0,dense_fog,fog_bank,3,held_out,train,held_out,0.6875,1.0,0.8148148148148148,0.2043983219138596,11,16,226.35532333438687,fallback
urban_grid,1.0,1.0,dense_fog,fog_bank,4,held_out,train,held_out,0.5,1.0,0.6666666666666666,0.1171900486105231,8,16,226.35532333438687,fallback
urban_grid,1.0,1.0,dense_fog,fog_bank,5,held_out,train,held_out,0.6875,1.0,0.8148148148148148,0.1171552378405137,11,16,226.35532333438687,fallback
urban_grid,1.0,1.0,dense_fog,fog_bank,6,held_out,train,held_out,0.6428571428571429,1.0,0.782608695652174,0.3643580294285423,9,14,226.35532333438687,fallback
urban_grid,1.0,1.0,dense_fog,fog_bank,7,held_out,train,held_out,0.625,1.0,0.7692307692307693,0.019136840393378825,10,16,226.35532333438687,fallback
urban_grid,1.0,1.0,dense_fog,fog_bank,8,held_out,train,held_out,0.3333333333333333,1.0,0.5,0.18522193409717433,5,15,226.35532333438687,fallback
urban_grid,1.0,1.0,dense_fog,fog_bank,9,held_out,train,held_out,0.625,1.0,0.7692307692307693,0.48499597788843285,10,16,226.35532333438687,fallback
urban_grid,1.0,1.0,dense_fog,landslide,0,held_out,train,held_out,0.6875,1.0,0.8148148148148148,0.09389695016389435,11,16,226.35532333438687,fallback
urban_grid,1.0,1.0,dense_fog,landslide,1,held_out,train,held_out,0.8125,1.0,0.896551724137931,nan,13,16,226.35532333438687,fallback
urban_grid,1.0,1.0,dense_fog,landslide,2,held_out,train,held_out,0.6875,1.0,0.8148148148148148,0.03255915581206476,11,16,226.35532333438687,fallback
urban_grid,1.0,1.0,dense_fog,landslide,3,held_out,train,held_out,0.6875,1.0,0.8148148148148148,0.26359448376094613,11,16,226.35532333438687,fallback
urban_grid,1.0,1.0,dense_fog,landslide,4,held_out,train,held_out,0.5,1.0,0.6666666666666666,0.07751384254389512,8,16,226.35532333438687,fallback
urban_grid,1.0,1.0,dense_fog,landslide,5,held_out,train,held_out,0.6875,1.0,0.8148148148148148,0.1054813048813055,11,16,226.35532333438687,fallback
urban_grid,1.0,1.0,dense_fog,landslide,6,held_out,train,held_out,0.6428571428571429,1.0,0.782608695652174,0.3783438336953301,9,14,226.35532333438687,fallback
urban_grid,1.0,1.0,dense_fog,landslide,7,held_out,train,held_out,0.625,1.0,0.7692307692307693,-0.1890593561995447,10,16,226.35532333438687,fallback
urban_grid,1.0,1.0,dense_fog,landslide,8,held_out,train,held_out,0.3333333333333333,1.0,0.5,0.19827728299036215,5,15,226.35532333438687,fallback
urban_grid,1.0,1.0,dense_fog,landslide,9,held_out,train,held_out,0.625,1.0,0.7692307692307693,0.33333333333333326,10,16,226.35532333438687,fallback
urban_grid,1.0,1.0,dense_fog,crash,0,held_out,train,held_out,0.5,1.0,0.6666666666666666,0.45314793242534035,6,12,226.35532333438687,fallback
urban_grid,1.0,1.0,dense_fog,crash,1,held_out,train,held_out,0.625,1.0,0.7692307692307693,-0.03400407868570275,10,16,226.35532333438687,fallback
urban_grid,1.0,1.0,dense_fog,crash,2,held_out,train,held_out,0.5333333333333333,1.0,0.6956521739130436,0.2697503120486415,8,15,226.35532333438687,fallback
urban_grid,1.0,1.0,dense_fog,crash,3,held_out,train,held_out,0.4666666666666667,1.0,0.6363636363636364,0.40540753663885054,7,15,226.35532333438687,fallback
urban_grid,1.0,1.0,dense_fog,crash,4,held_out,train,held_out,0.4,1.0,0.5714285714285715,0.217181792968574,6,15,226.35532333438687,fallback
urban_grid,1.0,1.0,dense_fog,crash,5,held_out,train,held_out,0.6428571428571429,1.0,0.782608695652174,0.5747365275748509,9,14,226.35532333438687,fallback
urban_grid,1.0,1.0,dense_fog,crash,6,held_out,train,held_out,0.4166666666666667,1.0,0.5882352941176471,0.3141287386697659,5,12,226.35532333438687,fallback
urban_grid,1.0,1.0,dense_fog,crash,7,held_out,train,held_out,0.5,1.0,0.6666666666666666,0.3461297412545306,7,14,226.35532333438687,fallback
urban_grid,1.0,1.0,dense_fog,crash,8,held_out,train,held_out,0.26666666666666666,1.0,0.4210526315789474,0.1541905248171709,4,15,226.35532333438687,fallback
urban_grid,1.0,1.0,dense_fog,crash,9,held_out,train,held_out,0.6,1.0,0.7499999999999999,0.368582986156428,9,15,226.35532333438687,fallback
urban_grid,1.0,1.0,dense_fog,waterlogging,0,held_out,held_out,held_out,0.6875,1.0,0.8148148148148148,0.10368888212223114,11,16,226.35532333438687,fallback
urban_grid,1.0,1.0,dense_fog,waterlogging,1,held_out,held_out,held_out,0.8125,1.0,0.896551724137931,0.054366767457897106,13,16,226.35532333438687,fallback
urban_grid,1.0,1.0,dense_fog,waterlogging,2,held_out,held_out,held_out,0.6875,1.0,0.8148148148148148,0.09966883023635804,11,16,226.35532333438687,fallback
urban_grid,1.0,1.0,dense_fog,waterlogging,3,held_out,held_out,held_out,0.6875,1.0,0.8148148148148148,0.2456570670893551,11,16,226.35532333438687,fallback
urban_grid,1.0,1.0,dense_fog,waterlogging,4,held_out,held_out,held_out,0.5,1.0,0.6666666666666666,0.08761829091201438,8,16,226.35532333438687,fallback
urban_grid,1.0,1.0,dense_fog,waterlogging,5,held_out,held_out,held_out,0.6875,1.0,0.8148148148148148,0.10580158785587716,11,16,226.35532333438687,fallback
urban_grid,1.0,1.0,dense_fog,waterlogging,6,held_out,held_out,held_out,0.6428571428571429,1.0,0.782608695652174,0.37455366971879284,9,14,226.35532333438687,fallback
urban_grid,1.0,1.0,dense_fog,waterlogging,7,held_out,held_out,held_out,0.625,1.0,0.7692307692307693,-0.12428313327319965,10,16,226.35532333438687,fallback
urban_grid,1.0,1.0,dense_fog,waterlogging,8,held_out,held_out,held_out,0.3333333333333333,1.0,0.5,0.19496038108294897,5,15,226.35532333438687,fallback
urban_grid,1.0,1.0,dense_fog,waterlogging,9,held_out,held_out,held_out,0.625,1.0,0.7692307692307693,0.3835686498950055,10,16,226.35532333438687,fallback
urban_grid,1.0,1.0,dense_fog,black_ice,0,held_out,held_out,held_out,0.6875,1.0,0.8148148148148148,0.09866457261037162,11,16,226.35532333438687,fallback
urban_grid,1.0,1.0,dense_fog,black_ice,1,held_out,held_out,held_out,0.8125,1.0,0.896551724137931,0.05083598616454734,13,16,226.35532333438687,fallback
urban_grid,1.0,1.0,dense_fog,black_ice,2,held_out,held_out,held_out,0.6875,1.0,0.8148148148148148,0.06837323257129468,11,16,226.35532333438687,fallback
urban_grid,1.0,1.0,dense_fog,black_ice,3,held_out,held_out,held_out,0.6875,1.0,0.8148148148148148,0.2545382286300602,11,16,226.35532333438687,fallback
urban_grid,1.0,1.0,dense_fog,black_ice,4,held_out,held_out,held_out,0.5,1.0,0.6666666666666666,0.08256223195474612,8,16,226.35532333438687,fallback
urban_grid,1.0,1.0,dense_fog,black_ice,5,held_out,held_out,held_out,0.6875,1.0,0.8148148148148148,0.10539042102774503,11,16,226.35532333438687,fallback
urban_grid,1.0,1.0,dense_fog,black_ice,6,held_out,held_out,held_out,0.6428571428571429,1.0,0.782608695652174,0.37645672716555345,9,14,226.35532333438687,fallback
urban_grid,1.0,1.0,dense_fog,black_ice,7,held_out,held_out,held_out,0.625,1.0,0.7692307692307693,-0.15738225986005963,10,16,226.35532333438687,fallback
urban_grid,1.0,1.0,dense_fog,black_ice,8,held_out,held_out,held_out,0.3333333333333333,1.0,0.5,0.19662974204024827,5,15,226.35532333438687,fallback
urban_grid,1.0,1.0,dense_fog,black_ice,9,held_out,held_out,held_out,0.625,1.0,0.7692307692307693,0.3591592493399337,10,16,226.35532333438687,fallback
rural_highway,2.0,2.0,clear,fog_bank,0,train,train,train,0.88,1.0,0.9361702127659575,0.8985459394086294,22,25,226.35532333438687,fallback
rural_highway,2.0,2.0,clear,fog_bank,1,train,train,train,0.7777777777777778,1.0,0.8750000000000001,0.8206695651043877,21,27,226.35532333438687,fallback
rural_highway,2.0,2.0,clear,fog_bank,2,train,train,train,0.8571428571428571,1.0,0.923076923076923,0.8058361039589352,24,28,226.35532333438687,fallback
rural_highway,2.0,2.0,clear,fog_bank,3,train,train,train,0.8666666666666667,1.0,0.9285714285714286,0.7881297847669065,26,30,226.35532333438687,fallback
rural_highway,2.0,2.0,clear,fog_bank,4,train,train,train,0.8846153846153846,1.0,0.9387755102040816,0.8613132690643815,23,26,226.35532333438687,fallback
rural_highway,2.0,2.0,clear,fog_bank,5,train,train,train,0.8518518518518519,1.0,0.92,0.8430448895580956,23,27,226.35532333438687,fallback
rural_highway,2.0,2.0,clear,fog_bank,6,train,train,train,0.9259259259259259,1.0,0.9615384615384615,0.8911274648520691,25,27,226.35532333438687,fallback
rural_highway,2.0,2.0,clear,fog_bank,7,train,train,train,0.8571428571428571,1.0,0.923076923076923,0.7975925496489865,24,28,226.35532333438687,fallback
rural_highway,2.0,2.0,clear,fog_bank,8,train,train,train,0.92,1.0,0.9583333333333334,0.8821566499748736,23,25,226.35532333438687,fallback
rural_highway,2.0,2.0,clear,fog_bank,9,train,train,train,0.88,1.0,0.9361702127659575,0.8324242431639229,22,25,226.35532333438687,fallback
rural_highway,2.0,2.0,clear,landslide,0,train,train,train,0.88,1.0,0.9361702127659575,0.9043614775711082,22,25,226.35532333438687,fallback
rural_highway,2.0,2.0,clear,landslide,1,train,train,train,0.7777777777777778,1.0,0.8750000000000001,0.8297155013436978,21,27,226.35532333438687,fallback
rural_highway,2.0,2.0,clear,landslide,2,train,train,train,0.8571428571428571,1.0,0.923076923076923,0.820061803656304,24,28,226.35532333438687,fallback
rural_highway,2.0,2.0,clear,landslide,3,train,train,train,0.8666666666666667,1.0,0.9285714285714286,0.8040903857442605,26,30,226.35532333438687,fallback
rural_highway,2.0,2.0,clear,landslide,4,train,train,train,0.8888888888888888,1.0,0.9411764705882353,0.8726568215429018,24,27,226.35532333438687,fallback
rural_highway,2.0,2.0,clear,landslide,5,train,train,train,0.8518518518518519,1.0,0.92,0.8575325596997416,23,27,226.35532333438687,fallback
rural_highway,2.0,2.0,clear,landslide,6,train,train,train,0.9285714285714286,1.0,0.962962962962963,0.8987029338313037,26,28,226.35532333438687,fallback
rural_highway,2.0,2.0,clear,landslide,7,train,train,train,0.8571428571428571,1.0,0.923076923076923,0.8066528316036667,24,28,226.35532333438687,fallback
rural_highway,2.0,2.0,clear,landslide,8,train,train,train,0.92,1.0,0.9583333333333334,0.8895876074539671,23,25,226.35532333438687,fallback
rural_highway,2.0,2.0,clear,landslide,9,train,train,train,0.8888888888888888,1.0,0.9411764705882353,0.8478454614180294,24,27,226.35532333438687,fallback
rural_highway,2.0,2.0,clear,crash,0,train,train,train,0.8333333333333334,0.5,0.625,0.6194115582324872,20,12,226.35532333438687,fallback
rural_highway,2.0,2.0,clear,crash,1,train,train,train,0.6666666666666666,0.5555555555555556,0.606060606060606,0.5698480458515133,18,15,226.35532333438687,fallback
rural_highway,2.0,2.0,clear,crash,2,train,train,train,0.8235294117647058,0.7,0.7567567567567567,0.617450686746461,20,17,226.35532333438687,fallback
rural_highway,2.0,2.0,clear,crash,3,train,train,train,0.8666666666666667,0.5652173913043478,0.6842105263157895,0.3350743955930824,23,15,226.35532333438687,fallback
rural_highway,2.0,2.0,clear,crash,4,train,train,train,0.9333333333333333,0.6363636363636364,0.7567567567567568,0.6866155828331727,22,15,226.35532333438687,fallback
rural_highway,2.0,2.0,clear,crash,5,train,train,train,0.8461538461538461,0.4782608695652174,0.6111111111111112,0.5550748446342223,23,13,226.35532333438687,fallback
rural_highway,2.0,2.0,clear,crash,6,train,train,train,0.9333333333333333,0.56,0.7000000000000001,0.48276803844582694,25,15,226.35532333438687,fallback
rural_highway,2.0,2.0,clear,crash,7,train,train,train,0.8571428571428571,0.6,0.7058823529411764,0.7220757120277311,20,14,226.35532333438687,fallback
rural_highway,2.0,2.0,clear,crash,8,train,train,train,0.9285714285714286,0.65,0.7647058823529412,0.6568746960991532,20,14,226.35532333438687,fallback
rural_highway,2.0,2.0,clear,crash,9,train,train,train,0.9166666666666666,0.55,0.6874999999999999,0.6408864978110459,20,12,226.35532333438687,fallback
rural_highway,2.0,2.0,clear,waterlogging,0,train,held_out,train,0.88,1.0,0.9361702127659575,0.9028344058515119,22,25,226.35532333438687,fallback
rural_highway,2.0,2.0,clear,waterlogging,1,train,held_out,train,0.7777777777777778,1.0,0.8750000000000001,0.8273862931208723,21,27,226.35532333438687,fallback
rural_highway,2.0,2.0,clear,waterlogging,2,train,held_out,train,0.8571428571428571,1.0,0.923076923076923,0.8163837103577102,24,28,226.35532333438687,fallback
rural_highway,2.0,2.0,clear,waterlogging,3,train,held_out,train,0.8666666666666667,1.0,0.9285714285714286,0.7998999154439479,26,30,226.35532333438687,fallback
rural_highway,2.0,2.0,clear,waterlogging,4,train,held_out,train,0.8888888888888888,1.0,0.9411764705882353,0.8697910535105926,24,27,226.35532333438687,fallback
rural_highway,2.0,2.0,clear,waterlogging,5,train,held_out,train,0.8518518518518519,1.0,0.92,0.8538329915839106,23,27,226.35532333438687,fallback
rural_highway,2.0,2.0,clear,waterlogging,6,train,held_out,train,0.9285714285714286,1.0,0.962962962962963,0.8967907089167607,26,28,226.35532333438687,fallback
rural_highway,2.0,2.0,clear,waterlogging,7,train,held_out,train,0.8571428571428571,1.0,0.923076923076923,0.8042699325083025,24,28,226.35532333438687,fallback
rural_highway,2.0,2.0,clear,waterlogging,8,train,held_out,train,0.92,1.0,0.9583333333333334,0.8875734893747467,23,25,226.35532333438687,fallback
rural_highway,2.0,2.0,clear,waterlogging,9,train,held_out,train,0.8846153846153846,1.0,0.9387755102040816,0.8438045465738785,23,26,226.35532333438687,fallback
rural_highway,2.0,2.0,clear,black_ice,0,train,held_out,train,0.88,1.0,0.9361702127659575,0.9036014651911123,22,25,226.35532333438687,fallback
rural_highway,2.0,2.0,clear,black_ice,1,train,held_out,train,0.7777777777777778,1.0,0.8750000000000001,0.8285574660182009,21,27,226.35532333438687,fallback
rural_highway,2.0,2.0,clear,black_ice,2,train,held_out,train,0.8571428571428571,1.0,0.923076923076923,0.8182359126829243,24,28,226.35532333438687,fallback
rural_highway,2.0,2.0,clear,black_ice,3,train,held_out,train,0.8666666666666667,1.0,0.9285714285714286,0.802011774932448,26,30,226.35532333438687,fallback
rural_highway,2.0,2.0,clear,black_ice,4,train,held_out,train,0.8888888888888888,1.0,0.9411764705882353,0.8712403541799567,24,27,226.35532333438687,fallback
rural_highway,2.0,2.0,clear,black_ice,5,train,held_out,train,0.8518518518518519,1.0,0.92,0.8557018833466844,23,27,226.35532333438687,fallback
rural_highway,2.0,2.0,clear,black_ice,6,train,held_out,train,0.9285714285714286,1.0,0.962962962962963,0.8977551166130682,26,28,226.35532333438687,fallback
rural_highway,2.0,2.0,clear,black_ice,7,train,held_out,train,0.8571428571428571,1.0,0.923076923076923,0.8054642487260937,24,28,226.35532333438687,fallback
rural_highway,2.0,2.0,clear,black_ice,8,train,held_out,train,0.92,1.0,0.9583333333333334,0.8885844237652453,23,25,226.35532333438687,fallback
rural_highway,2.0,2.0,clear,black_ice,9,train,held_out,train,0.8518518518518519,1.0,0.92,0.8458463160984959,23,27,226.35532333438687,fallback
rural_highway,2.0,2.0,heavy_rain,fog_bank,0,train,train,train,0.8333333333333334,1.0,0.9090909090909091,0.8939789417524365,20,24,226.35532333438687,fallback
rural_highway,2.0,2.0,heavy_rain,fog_bank,1,train,train,train,0.7272727272727273,1.0,0.8421052631578948,0.8187880246011627,16,22,226.35532333438687,fallback
rural_highway,2.0,2.0,heavy_rain,fog_bank,2,train,train,train,0.75,1.0,0.8571428571428571,0.7606618176055213,18,24,226.35532333438687,fallback
rural_highway,2.0,2.0,heavy_rain,fog_bank,3,train,train,train,0.7692307692307693,1.0,0.8695652173913044,0.7589785710471261,20,26,226.35532333438687,fallback
rural_highway,2.0,2.0,heavy_rain,fog_bank,4,train,train,train,0.8333333333333334,1.0,0.9090909090909091,0.8536343478612113,20,24,226.35532333438687,fallback
rural_highway,2.0,2.0,heavy_rain,fog_bank,5,train,train,train,0.9230769230769231,1.0,0.9600000000000001,0.8827087226377844,24,26,226.35532333438687,fallback
rural_highway,2.0,2.0,heavy_rain,fog_bank,6,train,train,train,0.75,1.0,0.8571428571428571,0.836479099429468,18,24,226.35532333438687,fallback
rural_highway,2.0,2.0,heavy_rain,fog_bank,7,train,train,train,0.84,1.0,0.9130434782608696,0.7949883315205971,21,25,226.35532333438687,fallback
rural_highway,2.0,2.0,heavy_rain,fog_bank,8,train,train,train,0.8181818181818182,1.0,0.9,0.836719348892619,18,22,226.35532333438687,fallback
rural_highway,2.0,2.0,heavy_rain,fog_bank,9,train,train,train,0.7391304347826086,1.0,0.85,0.8002414753911904,17,23,226.35532333438687,fallback
rural_highway,2.0,2.0,heavy_rain,landslide,0,train,train,train,0.8333333333333334,1.0,0.9090909090909091,0.9010665822462802,20,24,226.35532333438687,fallback
rural_highway,2.0,2.0,heavy_rain,landslide,1,train,train,train,0.76,1.0,0.8636363636363636,0.8315525172545736,19,25,226.35532333438687,fallback
rural_highway,2.0,2.0,heavy_rain,landslide,2,train,train,train,0.7692307692307693,1.0,0.8695652173913044,0.7817998096744891,20,26,226.35532333438687,fallback
rural_highway,2.0,2.0,heavy_rain,landslide,3,train,train,train,0.8148148148148148,1.0,0.8979591836734693,0.770163455516507,22,27,226.35532333438687,fallback
rural_highway,2.0,2.0,heavy_rain,landslide,4,train,train,train,0.8333333333333334,1.0,0.9090909090909091,0.8677354730506206,20,24,226.35532333438687,fallback
rural_highway,2.0,2.0,heavy_rain,landslide,5,train,train,train,0.9230769230769231,1.0,0.9600000000000001,0.8938674412368797,24,26,226.35532333438687,fallback
rural_highway,2.0,2.0,heavy_rain,landslide,6,train,train,train,0.8,1.0,0.888888888888889,0.852034179494015,20,25,226.35532333438687,fallback
rural_highway,2.0,2.0,heavy_rain,landslide,7,train,train,train,0.84,1.0,0.9130434782608696,0.8081293787559698,21,25,226.35532333438687,fallback
rural_highway,2.0,2.0,heavy_rain,landslide,8,train,train,train,0.8260869565217391,1.0,0.9047619047619047,0.8522513514188557,19,23,226.35532333438687,fallback
rural_highway,2.0,2.0,heavy_rain,landslide,9,train,train,train,0.7391304347826086,1.0,0.85,0.8107960237320652,17,23,226.35532333438687,fallback
rural_highway,2.0,2.0,heavy_rain,crash,0,train,train,train,0.7692307692307693,0.5263157894736842,0.625,0.6108271181795226,19,13,226.35532333438687,fallback
rural_highway,2.0,2.0,heavy_rain,crash,1,train,train,train,0.6666666666666666,0.5714285714285714,0.6153846153846153,0.6442324766261238,14,12,226.35532333438687,fallback
rural_highway,2.0,2.0,heavy_rain,crash,2,train,train,train,0.7142857142857143,0.625,0.6666666666666666,0.545110363559598,16,14,226.35532333438687,fallback
rural_highway,2.0,2.0,heavy_rain,crash,3,train,train,train,0.6153846153846154,0.47058823529411764,0.5333333333333333,0.4617745973674823,17,13,226.35532333438687,fallback
rural_highway,2.0,2.0,heavy_rain,crash,4,train,train,train,0.8333333333333334,0.5555555555555556,0.6666666666666667,0.7296464282513393,18,12,226.35532333438687,fallback
rural_highway,2.0,2.0,heavy_rain,crash,5,train,train,train,0.9230769230769231,0.5217391304347826,0.6666666666666667,0.6068254386091897,23,13,226.35532333438687,fallback
rural_highway,2.0,2.0,heavy_rain,crash,6,train,train,train,0.75,0.47368421052631576,0.5806451612903226,0.5001515018107808,19,12,226.35532333438687,fallback
rural_highway,2.0,2.0,heavy_rain,crash,7,train,train,train,0.8461538461538461,0.6470588235294118,0.7333333333333334,0.7177054612951448,17,13,226.35532333438687,fallback
rural_highway,2.0,2.0,heavy_rain,crash,8,train,train,train,0.8333333333333334,0.5882352941176471,0.6896551724137931,0.5788643039632958,17,12,226.35532333438687,fallback
rural_highway,2.0,2.0,heavy_rain,crash,9,train,train,train,0.6363636363636364,0.4666666666666667,0.5384615384615385,0.7672120655149776,15,11,226.35532333438687,fallback
rural_highway,2.0,2.0,heavy_rain,waterlogging,0,train,held_out,train,0.8333333333333334,1.0,0.9090909090909091,0.8992426796293308,20,24,226.35532333438687,fallback
rural_highway,2.0,2.0,heavy_rain,waterlogging,1,train,held_out,train,0.72,1.0,0.8372093023255813,0.828242210040191,18,25,226.35532333438687,fallback
rural_highway,2.0,2.0,heavy_rain,waterlogging,2,train,held_out,train,0.7692307692307693,1.0,0.8695652173913044,0.7763101579195383,20,26,226.35532333438687,fallback
rural_highway,2.0,2.0,heavy_rain,waterlogging,3,train,held_out,train,0.7777777777777778,1.0,0.8750000000000001,0.7672019300034381,21,27,226.35532333438687,fallback
rural_highway,2.0,2.0,heavy_rain,waterlogging,4,train,held_out,train,0.8333333333333334,1.0,0.9090909090909091,0.8641807029266254,20,24,226.35532333438687,fallback
rural_highway,2.0,2.0,heavy_rain,waterlogging,5,train,held_out,train,0.9230769230769231,1.0,0.9600000000000001,0.8910434488830676,24,26,226.35532333438687,fallback
rural_highway,2.0,2.0,heavy_rain,waterlogging,6,train,held_out,train,0.7916666666666666,1.0,0.8837209302325582,0.8481065806005985,19,24,226.35532333438687,fallback
rural_highway,2.0,2.0,heavy_rain,waterlogging,7,train,held_out,train,0.84,1.0,0.9130434782608696,0.8046878943733851,21,25,226.35532333438687,fallback
rural_highway,2.0,2.0,heavy_rain,waterlogging,8,train,held_out,train,0.8260869565217391,1.0,0.9047619047619047,0.8482474967874806,19,23,226.35532333438687,fallback
rural_highway,2.0,2.0,heavy_rain,waterlogging,9,train,held_out,train,0.7391304347826086,1.0,0.85,0.8080004872520342,17,23,226.35532333438687,fallback
rural_highway,2.0,2.0,heavy_rain,black_ice,0,train,held_out,train,0.8333333333333334,1.0,0.9090909090909091,0.9001616471586519,20,24,226.35532333438687,fallback
rural_highway,2.0,2.0,heavy_rain,black_ice,1,train,held_out,train,0.76,1.0,0.8636363636363636,0.829911120330616,19,25,226.35532333438687,fallback
rural_highway,2.0,2.0,heavy_rain,black_ice,2,train,held_out,train,0.7692307692307693,1.0,0.8695652173913044,0.7790809689607645,20,26,226.35532333438687,fallback
rural_highway,2.0,2.0,heavy_rain,black_ice,3,train,held_out,train,0.8148148148148148,1.0,0.8979591836734693,0.7686875179887254,22,27,226.35532333438687,fallback
rural_highway,2.0,2.0,heavy_rain,black_ice,4,train,held_out,train,0.8333333333333334,1.0,0.9090909090909091,0.8659836839188123,20,24,226.35532333438687,fallback
rural_highway,2.0,2.0,heavy_rain,black_ice,5,train,held_out,train,0.9230769230769231,1.0,0.9600000000000001,0.8924721760220574,24,26,226.35532333438687,fallback
rural_highway,2.0,2.0,heavy_rain,black_ice,6,train,held_out,train,0.8,1.0,0.888888888888889,0.8500926694087927,20,25,226.35532333438687,fallback
rural_highway,2.0,2.0,heavy_rain,black_ice,7,train,held_out,train,0.84,1.0,0.9130434782608696,0.8064183138935526,21,25,226.35532333438687,fallback
rural_highway,2.0,2.0,heavy_rain,black_ice,8,train,held_out,train,0.8260869565217391,1.0,0.9047619047619047,0.8502711494527257,19,23,226.35532333438687,fallback
rural_highway,2.0,2.0,heavy_rain,black_ice,9,train,held_out,train,0.7391304347826086,1.0,0.85,0.809406662933745,17,23,226.35532333438687,fallback
rural_highway,2.0,2.0,moderate_rain,fog_bank,0,train,train,held_out,0.8636363636363636,1.0,0.9268292682926829,0.8968042808591453,19,22,226.35532333438687,fallback
rural_highway,2.0,2.0,moderate_rain,fog_bank,1,train,train,held_out,0.76,1.0,0.8636363636363636,0.821392619242973,19,25,226.35532333438687,fallback
rural_highway,2.0,2.0,moderate_rain,fog_bank,2,train,train,held_out,0.8,1.0,0.888888888888889,0.7661491563791896,20,25,226.35532333438687,fallback
rural_highway,2.0,2.0,moderate_rain,fog_bank,3,train,train,held_out,0.8148148148148148,1.0,0.8979591836734693,0.7765976263485774,22,27,226.35532333438687,fallback
rural_highway,2.0,2.0,moderate_rain,fog_bank,4,train,train,held_out,0.7777777777777778,1.0,0.8750000000000001,0.8599125041446658,21,27,226.35532333438687,fallback
rural_highway,2.0,2.0,moderate_rain,fog_bank,5,train,train,held_out,0.875,1.0,0.9333333333333333,0.8352949624059002,21,24,226.35532333438687,fallback
rural_highway,2.0,2.0,moderate_rain,fog_bank,6,train,train,held_out,0.8695652173913043,1.0,0.9302325581395349,0.8922239582709424,20,23,226.35532333438687,fallback
rural_highway,2.0,2.0,moderate_rain,fog_bank,7,train,train,held_out,0.8620689655172413,1.0,0.9259259259259259,0.799475622483772,25,29,226.35532333438687,fallback
rural_highway,2.0,2.0,moderate_rain,fog_bank,8,train,train,held_out,0.8260869565217391,1.0,0.9047619047619047,0.8842431622894811,19,23,226.35532333438687,fallback
rural_highway,2.0,2.0,moderate_rain,fog_bank,9,train,train,held_out,0.8076923076923077,1.0,0.8936170212765957,0.8147458474268338,21,26,226.35532333438687,fallback
rural_highway,2.0,2.0,moderate_rain,landslide,0,train,train,held_out,0.8260869565217391,1.0,0.9047619047619047,0.9027020102668519,19,23,226.35532333438687,fallback
rural_highway,2.0,2.0,moderate_rain,landslide,1,train,train,held_out,0.76,1.0,0.8636363636363636,0.8329902810434899,19,25,226.35532333438687,fallback
rural_highway,2.0,2.0,moderate_rain,landslide,2,train,train,held_out,0.8,1.0,0.888888888888889,0.7850277185069251,20,25,226.35532333438687,fallback
rural_highway,2.0,2.0,moderate_rain,landslide,3,train,train,held_out,0.8620689655172413,1.0,0.9259259259259259,0.7914415869556737,25,29,226.35532333438687,fallback
rural_highway,2.0,2.0,moderate_rain,landslide,4,train,train,held_out,0.8888888888888888,1.0,0.9411764705882353,0.8727977953603189,24,27,226.35532333438687,fallback
rural_highway,2.0,2.0,moderate_rain,landslide,5,train,train,held_out,0.875,1.0,0.9333333333333333,0.8495438437216299,21,24,226.35532333438687,fallback
rural_highway,2.0,2.0,moderate_rain,landslide,6,train,train,held_out,0.8695652173913043,1.0,0.9302325581395349,0.9011800391716769,20,23,226.35532333438687,fallback
rural_highway,2.0,2.0,moderate_rain,landslide,7,train,train,held_out,0.8620689655172413,1.0,0.9259259259259259,0.8112282653482461,25,29,226.35532333438687,fallback
rural_highway,2.0,2.0,moderate_rain,landslide,8,train,train,held_out,0.8260869565217391,1.0,0.9047619047619047,0.8928662523996356,19,23,226.35532333438687,fallback
rural_highway,2.0,2.0,moderate_rain,landslide,9,train,train,held_out,0.8888888888888888,1.0,0.9411764705882353,0.8267449714378011,24,27,226.35532333438687,fallback
rural_highway,2.0,2.0,moderate_rain,crash,0,train,train,held_out,0.7692307692307693,0.5882352941176471,0.6666666666666667,0.633592105918357,17,13,226.35532333438687,fallback
rural_highway,2.0,2.0,moderate_rain,crash,1,train,train,held_out,0.6153846153846154,0.5,0.5517241379310345,0.5828280510256149,16,13,226.35532333438687,fallback
rural_highway,2.0,2.0,moderate_rain,crash,2,train,train,held_out,0.7692307692307693,0.5882352941176471,0.6666666666666667,0.6064121932790859,17,13,226.35532333438687,fallback
rural_highway,2.0,2.0,moderate_rain,crash,3,train,train,held_out,0.8,0.5714285714285714,0.6666666666666666,0.34277446548072343,21,15,226.35532333438687,fallback
rural_highway,2.0,2.0,moderate_rain,crash,4,train,train,held_out,0.9333333333333333,0.6363636363636364,0.7567567567567568,0.7027984849875815,22,15,226.35532333438687,fallback
rural_highway,2.0,2.0,moderate_rain,crash,5,train,train,held_out,0.9230769230769231,0.5714285714285714,0.7058823529411765,0.6211919579978047,21,13,226.35532333438687,fallback
rural_highway,2.0,2.0,moderate_rain,crash,6,train,train,held_out,0.8181818181818182,0.45,0.5806451612903226,0.48373901196954694,20,11,226.35532333438687,fallback
rural_highway,2.0,2.0,moderate_rain,crash,7,train,train,held_out,0.8666666666666667,0.6190476190476191,0.7222222222222222,0.6874238848645953,21,15,226.35532333438687,fallback
rural_highway,2.0,2.0,moderate_rain,crash,8,train,train,held_out,0.8461538461538461,0.6470588235294118,0.7333333333333334,0.6293800084934975,17,13,226.35532333438687,fallback
rural_highway,2.0,2.0,moderate_rain,crash,9,train,train,held_out,0.8571428571428571,0.5714285714285714,0.6857142857142857,0.7383304012855498,21,14,226.35532333438687,fallback
rural_highway,2.0,2.0,moderate_rain,waterlogging,0,train,held_out,held_out,0.8260869565217391,1.0,0.9047619047619047,0.9011818565573326,19,23,226.35532333438687,fallback
rural_highway,2.0,2.0,moderate_rain,waterlogging,1,train,held_out,held_out,0.76,1.0,0.8636363636363636,0.8299852267834892,19,25,226.35532333438687,fallback
rural_highway,2.0,2.0,moderate_rain,waterlogging,2,train,held_out,held_out,0.8,1.0,0.888888888888889,0.780118960387515,20,25,226.35532333438687,fallback
rural_highway,2.0,2.0,moderate_rain,waterlogging,3,train,held_out,held_out,0.8620689655172413,1.0,0.9259259259259259,0.7874678258395386,25,29,226.35532333438687,fallback
rural_highway,2.0,2.0,moderate_rain,waterlogging,4,train,held_out,held_out,0.8888888888888888,1.0,0.9411764705882353,0.8695477206250243,24,27,226.35532333438687,fallback
rural_highway,2.0,2.0,moderate_rain,waterlogging,5,train,held_out,held_out,0.875,1.0,0.9333333333333333,0.8459299460489326,21,24,226.35532333438687,fallback
rural_highway,2.0,2.0,moderate_rain,waterlogging,6,train,held_out,held_out,0.8695652173913043,1.0,0.9302325581395349,0.8989273093020411,20,23,226.35532333438687,fallback
rural_highway,2.0,2.0,moderate_rain,waterlogging,7,train,held_out,held_out,0.8620689655172413,1.0,0.9259259259259259,0.8081084423172188,25,29,226.35532333438687,fallback
rural_highway,2.0,2.0,moderate_rain,waterlogging,8,train,held_out,held_out,0.8260869565217391,1.0,0.9047619047619047,0.8906493334632655,19,23,226.35532333438687,fallback
rural_highway,2.0,2.0,moderate_rain,waterlogging,9,train,held_out,held_out,0.8888888888888888,1.0,0.9411764705882353,0.8233686036387203,24,27,226.35532333438687,fallback
rural_highway,2.0,2.0,moderate_rain,black_ice,0,train,held_out,held_out,0.8260869565217391,1.0,0.9047619047619047,0.9019462358187594,19,23,226.35532333438687,fallback
rural_highway,2.0,2.0,moderate_rain,black_ice,1,train,held_out,held_out,0.76,1.0,0.8636363636363636,0.831498297071488,19,25,226.35532333438687,fallback
rural_highway,2.0,2.0,moderate_rain,black_ice,2,train,held_out,held_out,0.8,1.0,0.888888888888889,0.7825938937197715,20,25,226.35532333438687,fallback
rural_highway,2.0,2.0,moderate_rain,black_ice,3,train,held_out,held_out,0.8620689655172413,1.0,0.9259259259259259,0.7894672501212362,25,29,226.35532333438687,fallback
rural_highway,2.0,2.0,moderate_rain,black_ice,4,train,held_out,held_out,0.8888888888888888,1.0,0.9411764705882353,0.871194387433356,24,27,226.35532333438687,fallback
rural_highway,2.0,2.0,moderate_rain,black_ice,5,train,held_out,held_out,0.875,1.0,0.9333333333333333,0.8477552967065919,21,24,226.35532333438687,fallback
rural_highway,2.0,2.0,moderate_rain,black_ice,6,train,held_out,held_out,0.8695652173913043,1.0,0.9302325581395349,0.9000658781778175,20,23,226.35532333438687,fallback
rural_highway,2.0,2.0,moderate_rain,black_ice,7,train,held_out,held_out,0.8620689655172413,1.0,0.9259259259259259,0.8096754322612647,25,29,226.35532333438687,fallback
rural_highway,2.0,2.0,moderate_rain,black_ice,8,train,held_out,held_out,0.8260869565217391,1.0,0.9047619047619047,0.8917669600035498,19,23,226.35532333438687,fallback
rural_highway,2.0,2.0,moderate_rain,black_ice,9,train,held_out,held_out,0.8888888888888888,1.0,0.9411764705882353,0.8250115293989341,24,27,226.35532333438687,fallback
rural_highway,2.0,2.0,dense_fog,fog_bank,0,train,train,held_out,0.9047619047619048,1.0,0.9500000000000001,0.8934238499525116,19,21,226.35532333438687,fallback
rural_highway,2.0,2.0,dense_fog,fog_bank,1,train,train,held_out,0.8,1.0,0.888888888888889,0.8789888228925503,16,20,226.35532333438687,fallback
rural_highway,2.0,2.0,dense_fog,fog_bank,2,train,train,held_out,0.7916666666666666,1.0,0.8837209302325582,0.7445838422721124,19,24,226.35532333438687,fallback
rural_highway,2.0,2.0,dense_fog,fog_bank,3,train,train,held_out,0.7083333333333334,1.0,0.8292682926829268,0.7606904613738925,17,24,226.35532333438687,fallback
rural_highway,2.0,2.0,dense_fog,fog_bank,4,train,train,held_out,0.8095238095238095,1.0,0.8947368421052632,0.8015879456675393,17,21,226.35532333438687,fallback
rural_highway,2.0,2.0,dense_fog,fog_bank,5,train,train,held_out,0.8181818181818182,1.0,0.9,0.8361325251648588,18,22,226.35532333438687,fallback
rural_highway,2.0,2.0,dense_fog,fog_bank,6,train,train,held_out,0.7272727272727273,1.0,0.8421052631578948,0.7961277522038065,16,22,226.35532333438687,fallback
rural_highway,2.0,2.0,dense_fog,fog_bank,7,train,train,held_out,0.7916666666666666,1.0,0.8837209302325582,0.7933848089252964,19,24,226.35532333438687,fallback
rural_highway,2.0,2.0,dense_fog,fog_bank,8,train,train,held_out,0.8695652173913043,1.0,0.9302325581395349,0.8297617615757787,20,23,226.35532333438687,fallback
rural_highway,2.0,2.0,dense_fog,fog_bank,9,train,train,held_out,0.7727272727272727,1.0,0.8717948717948718,0.7875735880351245,17,22,226.35532333438687,fallback
rural_highway,2.0,2.0,dense_fog,landslide,0,train,train,held_out,0.9047619047619048,1.0,0.9500000000000001,0.9014322355870469,19,21,226.35532333438687,fallback
rural_highway,2.0,2.0,dense_fog,landslide,1,train,train,held_out,0.8095238095238095,1.0,0.8947368421052632,0.889080367388755,17,21,226.35532333438687,fallback
rural_highway,2.0,2.0,dense_fog,landslide,2,train,train,held_out,0.8,1.0,0.888888888888889,0.7654601553316381,20,25,226.35532333438687,fallback
rural_highway,2.0,2.0,dense_fog,landslide,3,train,train,held_out,0.7083333333333334,1.0,0.8292682926829268,0.7735250718430188,17,24,226.35532333438687,fallback
rural_highway,2.0,2.0,dense_fog,landslide,4,train,train,held_out,0.8181818181818182,1.0,0.9,0.8199347833316712,18,22,226.35532333438687,fallback
rural_highway,2.0,2.0,dense_fog,landslide,5,train,train,held_out,0.8181818181818182,1.0,0.9,0.8526623487637814,18,22,226.35532333438687,fallback
rural_highway,2.0,2.0,dense_fog,landslide,6,train,train,held_out,0.7272727272727273,1.0,0.8421052631578948,0.8173534178950244,16,22,226.35532333438687,fallback
rural_highway,2.0,2.0,dense_fog,landslide,7,train,train,held_out,0.7916666666666666,1.0,0.8837209302325582,0.807978218380569,19,24,226.35532333438687,fallback
rural_highway,2.0,2.0,dense_fog,landslide,8,train,train,held_out,0.875,1.0,0.9333333333333333,0.8462100300271486,21,24,226.35532333438687,fallback
rural_highway,2.0,2.0,dense_fog,landslide,9,train,train,held_out,0.7727272727272727,1.0,0.8717948717948718,0.7959953094947342,17,22,226.35532333438687,fallback
rural_highway,2.0,2.0,dense_fog,crash,0,train,train,held_out,0.9090909090909091,0.5555555555555556,0.6896551724137931,0.5985560590251036,18,11,226.35532333438687,fallback
rural_highway,2.0,2.0,dense_fog,crash,1,train,train,held_out,0.7,0.4375,0.5384615384615384,0.6505183559443594,16,10,226.35532333438687,fallback
rural_highway,2.0,2.0,dense_fog,crash,2,train,train,held_out,0.7692307692307693,0.5882352941176471,0.6666666666666667,0.5491360230489717,17,13,226.35532333438687,fallback
rural_highway,2.0,2.0,dense_fog,crash,3,train,train,held_out,0.5833333333333334,0.4375,0.5,0.36261123628642494,16,12,226.35532333438687,fallback
rural_highway,2.0,2.0,dense_fog,crash,4,train,train,held_out,0.8333333333333334,0.6666666666666666,0.7407407407407408,0.7334461432882706,15,12,226.35532333438687,fallback
rural_highway,2.0,2.0,dense_fog,crash,5,train,train,held_out,0.8333333333333334,0.5882352941176471,0.6896551724137931,0.5510135660433554,17,12,226.35532333438687,fallback
rural_highway,2.0,2.0,dense_fog,crash,6,train,train,held_out,0.6363636363636364,0.4375,0.5185185185185185,0.4582548475976297,16,11,226.35532333438687,fallback
rural_highway,2.0,2.0,dense_fog,crash,7,train,train,held_out,0.8461538461538461,0.6470588235294118,0.7333333333333334,0.6185218619370273,17,13,226.35532333438687,fallback
rural_highway,2.0,2.0,dense_fog,crash,8,train,train,held_out,0.9166666666666666,0.5789473684210527,0.7096774193548387,0.6200291254968707,19,12,226.35532333438687,fallback
rural_highway,2.0,2.0,dense_fog,crash,9,train,train,held_out,0.7272727272727273,0.5,0.5925925925925926,0.7544338938860655,16,11,226.35532333438687,fallback
rural_highway,2.0,2.0,dense_fog,waterlogging,0,train,held_out,held_out,0.9047619047619048,1.0,0.9500000000000001,0.8993867497484219,19,21,226.35532333438687,fallback
rural_highway,2.0,2.0,dense_fog,waterlogging,1,train,held_out,held_out,0.8095238095238095,1.0,0.8947368421052632,0.8864587731384899,17,21,226.35532333438687,fallback
rural_highway,2.0,2.0,dense_fog,waterlogging,2,train,held_out,held_out,0.8,1.0,0.888888888888889,0.7600020236294134,20,25,226.35532333438687,fallback
rural_highway,2.0,2.0,dense_fog,waterlogging,3,train,held_out,held_out,0.7083333333333334,1.0,0.8292682926829268,0.7701179749989211,17,24,226.35532333438687,fallback
rural_highway,2.0,2.0,dense_fog,waterlogging,4,train,held_out,held_out,0.8181818181818182,1.0,0.9,0.815225281299868,18,22,226.35532333438687,fallback
rural_highway,2.0,2.0,dense_fog,waterlogging,5,train,held_out,held_out,0.8181818181818182,1.0,0.9,0.848476245863112,18,22,226.35532333438687,fallback
rural_highway,2.0,2.0,dense_fog,waterlogging,6,train,held_out,held_out,0.7272727272727273,1.0,0.8421052631578948,0.8120020734471332,16,22,226.35532333438687,fallback
rural_highway,2.0,2.0,dense_fog,waterlogging,7,train,held_out,held_out,0.7916666666666666,1.0,0.8837209302325582,0.804153596729808,19,24,226.35532333438687,fallback
rural_highway,2.0,2.0,dense_fog,waterlogging,8,train,held_out,held_out,0.875,1.0,0.9333333333333333,0.8419559877115678,21,24,226.35532333438687,fallback
rural_highway,2.0,2.0,dense_fog,waterlogging,9,train,held_out,held_out,0.7727272727272727,1.0,0.8717948717948718,0.7937667561946533,17,22,226.35532333438687,fallback
rural_highway,2.0,2.0,dense_fog,black_ice,0,train,held_out,held_out,0.9047619047619048,1.0,0.9500000000000001,0.9004188895453386,19,21,226.35532333438687,fallback
rural_highway,2.0,2.0,dense_fog,black_ice,1,train,held_out,held_out,0.8095238095238095,1.0,0.8947368421052632,0.887783138724771,17,21,226.35532333438687,fallback
rural_highway,2.0,2.0,dense_fog,black_ice,2,train,held_out,held_out,0.8,1.0,0.888888888888889,0.7627537459405568,20,25,226.35532333438687,fallback
rural_highway,2.0,2.0,dense_fog,black_ice,3,train,held_out,held_out,0.7083333333333334,1.0,0.8292682926829268,0.7718283867214809,17,24,226.35532333438687,fallback
rural_highway,2.0,2.0,dense_fog,black_ice,4,train,held_out,held_out,0.8181818181818182,1.0,0.9,0.817607579839402,18,22,226.35532333438687,fallback
rural_highway,2.0,2.0,dense_fog,black_ice,5,train,held_out,held_out,0.8181818181818182,1.0,0.9,0.8505964180163319,18,22,226.35532333438687,fallback
rural_highway,2.0,2.0,dense_fog,black_ice,6,train,held_out,held_out,0.7272727272727273,1.0,0.8421052631578948,0.8147123191111892,16,22,226.35532333438687,fallback
rural_highway,2.0,2.0,dense_fog,black_ice,7,train,held_out,held_out,0.7916666666666666,1.0,0.8837209302325582,0.8060788710046792,19,24,226.35532333438687,fallback
rural_highway,2.0,2.0,dense_fog,black_ice,8,train,held_out,held_out,0.875,1.0,0.9333333333333333,0.8441066009450356,21,24,226.35532333438687,fallback
rural_highway,2.0,2.0,dense_fog,black_ice,9,train,held_out,held_out,0.7727272727272727,1.0,0.8717948717948718,0.7948852754518715,17,22,226.35532333438687,fallback
urban_nlos,2.0,2.0,clear,fog_bank,0,train,train,train,0.625,1.0,0.7692307692307693,0.18882124157609803,30,48,226.35532333438687,fallback
urban_nlos,2.0,2.0,clear,fog_bank,1,train,train,train,0.5208333333333334,1.0,0.684931506849315,0.09428836954917896,25,48,226.35532333438687,fallback
urban_nlos,2.0,2.0,clear,fog_bank,2,train,train,train,0.3541666666666667,1.0,0.5230769230769231,0.03613338942083786,17,48,226.35532333438687,fallback
urban_nlos,2.0,2.0,clear,fog_bank,3,train,train,train,0.45652173913043476,1.0,0.626865671641791,0.06163927707895847,21,46,226.35532333438687,fallback
urban_nlos,2.0,2.0,clear,fog_bank,4,train,train,train,0.6041666666666666,1.0,0.7532467532467533,0.06717101205411387,29,48,226.35532333438687,fallback
urban_nlos,2.0,2.0,clear,fog_bank,5,train,train,train,0.5833333333333334,1.0,0.7368421052631579,0.11016548346971058,28,48,226.35532333438687,fallback
urban_nlos,2.0,2.0,clear,fog_bank,6,train,train,train,0.5416666666666666,1.0,0.7027027027027027,0.13351338115057135,26,48,226.35532333438687,fallback
urban_nlos,2.0,2.0,clear,fog_bank,7,train,train,train,0.4583333333333333,1.0,0.6285714285714286,-0.08766611253621037,22,48,226.35532333438687,fallback
urban_nlos,2.0,2.0,clear,fog_bank,8,train,train,train,0.6808510638297872,1.0,0.810126582278481,0.19365875446229333,32,47,226.35532333438687,fallback
urban_nlos,2.0,2.0,clear,fog_bank,9,train,train,train,0.5625,1.0,0.72,-0.11384942840412339,27,48,226.35532333438687,fallback
urban_nlos,2.0,2.0,clear,landslide,0,train,train,train,0.625,1.0,0.7692307692307693,0.08338377844146809,30,48,226.35532333438687,fallback
urban_nlos,2.0,2.0,clear,landslide,1,train,train,train,0.5208333333333334,1.0,0.684931506849315,0.03604829861202002,25,48,226.35532333438687,fallback
urban_nlos,2.0,2.0,clear,landslide,2,train,train,train,0.3541666666666667,1.0,0.5230769230769231,0.042033468476899385,17,48,226.35532333438687,fallback
urban_nlos,2.0,2.0,clear,landslide,3,train,train,train,0.45652173913043476,1.0,0.626865671641791,0.10989533895058089,21,46,226.35532333438687,fallback
urban_nlos,2.0,2.0,clear,landslide,4,train,train,train,0.625,1.0,0.7692307692307693,0.06404776171750752,30,48,226.35532333438687,fallback
urban_nlos,2.0,2.0,clear,landslide,5,train,train,train,0.5833333333333334,1.0,0.7368421052631579,0.05466617665740328,28,48,226.35532333438687,fallback
urban_nlos,2.0,2.0,clear,landslide,6,train,train,train,0.5416666666666666,1.0,0.7027027027027027,0.027317319855323624,26,48,226.35532333438687,fallback
urban_nlos,2.0,2.0,clear,landslide,7,train,train,train,0.4583333333333333,1.0,0.6285714285714286,-0.04595463970898566,22,48,226.35532333438687,fallback
urban_nlos,2.0,2.0,clear,landslide,8,train,train,train,0.6808510638297872,1.0,0.810126582278481,0.21590017014504376,32,47,226.35532333438687,fallback
urban_nlos,2.0,2.0,clear,landslide,9,train,train,train,0.5625,1.0,0.72,-0.08191246105124167,27,48,226.35532333438687,fallback
urban_nlos,2.0,2.0,clear,crash,0,train,train,train,0.6521739130434783,1.0,0.7894736842105263,0.38532731262527276,30,46,226.35532333438687,fallback
urban_nlos,2.0,2.0,clear,crash,1,train,train,train,0.4666666666666667,1.0,0.6363636363636364,0.24944303872553697,21,45,226.35532333438687,fallback
urban_nlos,2.0,2.0,clear,crash,2,train,train,train,0.3409090909090909,1.0,0.5084745762711864,0.1946968107444168,15,44,226.35532333438687,fallback
urban_nlos,2.0,2.0,clear,crash,3,train,train,train,0.4634146341463415,1.0,0.6333333333333334,0.22892122182335647,19,41,226.35532333438687,fallback
urban_nlos,2.0,2.0,clear,crash,4,train,train,train,0.6382978723404256,1.0,0.7792207792207793,0.21977013315451976,30,47,226.35532333438687,fallback
urban_nlos,2.0,2.0,clear,crash,5,train,train,train,0.5777777777777777,1.0,0.732394366197183,0.32591682324156557,26,45,226.35532333438687,fallback
urban_nlos,2.0,2.0,clear,crash,6,train,train,train,0.5434782608695652,1.0,0.704225352112676,0.27221493528903834,25,46,226.35532333438687,fallback
urban_nlos,2.0,2.0,clear,crash,7,train,train,train,0.46808510638297873,1.0,0.6376811594202899,0.11239559377247395,22,47,226.35532333438687,fallback
urban_nlos,2.0,2.0,clear,crash,8,train,train,train,0.6888888888888889,1.0,0.8157894736842105,0.38670320666840474,31,45,226.35532333438687,fallback
urban_nlos,2.0,2.0,clear,crash,9,train,train,train,0.5531914893617021,1.0,0.7123287671232876,0.014378910925284927,26,47,226.35532333438687,fallback
urban_nlos,2.0,2.0,clear,waterlogging,0,train,held_out,train,0.625,1.0,0.7692307692307693,0.11622135853607957,30,48,226.35532333438687,fallback
urban_nlos,2.0,2.0,clear,waterlogging,1,train,held_out,train,0.5208333333333334,1.0,0.684931506849315,0.053318643294411855,25,48,226.35532333438687,fallback
urban_nlos,2.0,2.0,clear,waterlogging,2,train,held_out,train,0.3541666666666667,1.0,0.5230769230769231,0.036556749685788835,17,48,226.35532333438687,fallback
urban_nlos,2.0,2.0,clear,waterlogging,3,train,held_out,train,0.45652173913043476,1.0,0.626865671641791,0.09709710760509847,21,46,226.35532333438687,fallback
urban_nlos,2.0,2.0,clear,waterlogging,4,train,held_out,train,0.625,1.0,0.7692307692307693,0.062254666040573725,30,48,226.35532333438687,fallback
urban_nlos,2.0,2.0,clear,waterlogging,5,train,held_out,train,0.5833333333333334,1.0,0.7368421052631579,0.06972821650630355,28,48,226.35532333438687,fallback
urban_nlos,2.0,2.0,clear,waterlogging,6,train,held_out,train,0.5416666666666666,1.0,0.7027027027027027,0.05557534137960926,26,48,226.35532333438687,fallback
urban_nlos,2.0,2.0,clear,waterlogging,7,train,held_out,train,0.4583333333333333,1.0,0.6285714285714286,-0.06347197224561478,22,48,226.35532333438687,fallback
urban_nlos,2.0,2.0,clear,waterlogging,8,train,held_out,train,0.6808510638297872,1.0,0.810126582278481,0.20817330500208073,32,47,226.35532333438687,fallback
urban_nlos,2.0,2.0,clear,waterlogging,9,train,held_out,train,0.5625,1.0,0.72,-0.09336199839369806,27,48,226.35532333438687,fallback
urban_nlos,2.0,2.0,clear,black_ice,0,train,held_out,train,0.625,1.0,0.7692307692307693,0.10021235664819063,30,48,226.35532333438687,fallback
urban_nlos,2.0,2.0,clear,black_ice,1,train,held_out,train,0.5208333333333334,1.0,0.684931506849315,0.044720988760034094,25,48,226.35532333438687,fallback
urban_nlos,2.0,2.0,clear,black_ice,2,train,held_out,train,0.3541666666666667,1.0,0.5230769230769231,0.039073441769602354,17,48,226.35532333438687,fallback
urban_nlos,2.0,2.0,clear,black_ice,3,train,held_out,train,0.45652173913043476,1.0,0.626865671641791,0.1035294549433111,21,46,226.35532333438687,fallback
urban_nlos,2.0,2.0,clear,black_ice,4,train,held_out,train,0.625,1.0,0.7692307692307693,0.06296019321987986,30,48,226.35532333438687,fallback
urban_nlos,2.0,2.0,clear,black_ice,5,train,held_out,train,0.5833333333333334,1.0,0.7368421052631579,0.062245735673159254,28,48,226.35532333438687,fallback
urban_nlos,2.0,2.0,clear,black_ice,6,train,held_out,train,0.5416666666666666,1.0,0.7027027027027027,0.04089467669040855,26,48,226.35532333438687,fallback
urban_nlos,2.0,2.0,clear,black_ice,7,train,held_out,train,0.4583333333333333,1.0,0.6285714285714286,-0.05518381605869917,22,48,226.35532333438687,fallback
urban_nlos,2.0,2.0,clear,black_ice,8,train,held_out,train,0.6808510638297872,1.0,0.810126582278481,0.21191001781941907,32,47,226.35532333438687,fallback
urban_nlos,2.0,2.0,clear,black_ice,9,train,held_out,train,0.5625,1.0,0.72,-0.08788026597272929,27,48,226.35532333438687,fallback
urban_nlos,2.0,2.0,heavy_rain,fog_bank,0,train,train,train,0.625,1.0,0.7692307692307693,0.1107224271705292,30,48,226.35532333438687,fallback
urban_nlos,2.0,2.0,heavy_rain,fog_bank,1,train,train,train,0.46808510638297873,1.0,0.6376811594202899,0.18065170573755274,22,47,226.35532333438687,fallback
urban_nlos,2.0,2.0,heavy_rain,fog_bank,2,train,train,train,0.3958333333333333,1.0,0.5671641791044776,0.13426898339860752,19,48,226.35532333438687,fallback
urban_nlos,2.0,2.0,heavy_rain,fog_bank,3,train,train,train,0.5833333333333334,1.0,0.7368421052631579,0.11117790938395743,28,48,226.35532333438687,fallback
urban_nlos,2.0,2.0,heavy_rain,fog_bank,4,train,train,train,0.625,1.0,0.7692307692307693,0.17921413907449696,30,48,226.35532333438687,fallback
urban_nlos,2.0,2.0,heavy_rain,fog_bank,5,train,train,train,0.6041666666666666,1.0,0.7532467532467533,0.15037187134397162,29,48,226.35532333438687,fallback
urban_nlos,2.0,2.0,heavy_rain,fog_bank,6,train,train,train,0.7083333333333334,1.0,0.8292682926829268,0.16875715826512425,34,48,226.35532333438687,fallback
urban_nlos,2.0,2.0,heavy_rain,fog_bank,7,train,train,train,0.3958333333333333,1.0,0.5671641791044776,0.10079714247270975,19,48,226.35532333438687,fallback
urban_nlos,2.0,2.0,heavy_rain,fog_bank,8,train,train,train,0.6875,1.0,0.8148148148148148,0.2237593416504373,33,48,226.35532333438687,fallback
urban_nlos,2.0,2.0,heavy_rain,fog_bank,9,train,train,train,0.5106382978723404,1.0,0.676056338028169,0.15860503177733842,24,47,226.35532333438687,fallback
urban_nlos,2.0,2.0,heavy_rain,landslide,0,train,train,train,0.625,1.0,0.7692307692307693,0.03127595965721088,30,48,226.35532333438687,fallback
urban_nlos,2.0,2.0,heavy_rain,landslide,1,train,train,train,0.46808510638297873,1.0,0.6376811594202899,0.2283725885491841,22,47,226.35532333438687,fallback
urban_nlos,2.0,2.0,heavy_rain,landslide,2,train,train,train,0.3958333333333333,1.0,0.5671641791044776,0.04670756537455308,19,48,226.35532333438687,fallback
urban_nlos,2.0,2.0,heavy_rain,landslide,3,train,train,train,0.5833333333333334,1.0,0.7368421052631579,0.22413384801274214,28,48,226.35532333438687,fallback
urban_nlos,2.0,2.0,heavy_rain,landslide,4,train,train,train,0.625,1.0,0.7692307692307693,0.1890962078302297,30,48,226.35532333438687,fallback
urban_nlos,2.0,2.0,heavy_rain,landslide,5,train,train,train,0.6041666666666666,1.0,0.7532467532467533,-0.019557345890157184,29,48,226.35532333438687,fallback
urban_nlos,2.0,2.0,heavy_rain,landslide,6,train,train,train,0.7083333333333334,1.0,0.8292682926829268,0.18639080903159977,34,48,226.35532333438687,fallback
urban_nlos,2.0,2.0,heavy_rain,landslide,7,train,train,train,0.3958333333333333,1.0,0.5671641791044776,0.04551830384497806,19,48,226.35532333438687,fallback
urban_nlos,2.0,2.0,heavy_rain,landslide,8,train,train,train,0.6875,1.0,0.8148148148148148,0.26590782680448655,33,48,226.35532333438687,fallback
urban_nlos,2.0,2.0,heavy_rain,landslide,9,train,train,train,0.5106382978723404,1.0,0.676056338028169,0.14285040687702447,24,47,226.35532333438687,fallback
urban_nlos,2.0,2.0,heavy_rain,crash,0,train,train,train,0.6444444444444445,1.0,0.7837837837837839,0.32527846200077376,29,45,226.35532333438687,fallback
urban_nlos,2.0,2.0,heavy_rain,crash,1,train,train,train,0.43478260869565216,1.0,0.6060606060606061,0.33127366761868005,20,46,226.35532333438687,fallback
urban_nlos,2.0,2.0,heavy_rain,crash,2,train,train,train,0.36363636363636365,1.0,0.5333333333333333,0.23270195313938635,16,44,226.35532333438687,fallback
urban_nlos,2.0,2.0,heavy_rain,crash,3,train,train,train,0.5625,1.0,0.72,0.15156356288991693,27,48,226.35532333438687,fallback
urban_nlos,2.0,2.0,heavy_rain,crash,4,train,train,train,0.6170212765957447,1.0,0.763157894736842,0.26725707168501983,29,47,226.35532333438687,fallback
urban_nlos,2.0,2.0,heavy_rain,crash,5,train,train,train,0.5952380952380952,1.0,0.7462686567164178,0.4232313496814971,25,42,226.35532333438687,fallback
urban_nlos,2.0,2.0,heavy_rain,crash,6,train,train,train,0.6739130434782609,1.0,0.8051948051948052,0.3228908120084185,31,46,226.35532333438687,fallback
urban_nlos,2.0,2.0,heavy_rain,crash,7,train,train,train,0.43478260869565216,1.0,0.6060606060606061,0.21821917086294157,20,46,226.35532333438687,fallback
urban_nlos,2.0,2.0,heavy_rain,crash,8,train,train,train,0.6521739130434783,1.0,0.7894736842105263,0.39586613037568535,30,46,226.35532333438687,fallback
urban_nlos,2.0,2.0,heavy_rain,crash,9,train,train,train,0.4772727272727273,1.0,0.6461538461538462,0.24869656703710644,21,44,226.35532333438687,fallback
urban_nlos,2.0,2.0,heavy_rain,waterlogging,0,train,held_out,train,0.625,1.0,0.7692307692307693,0.05248525042998966,30,48,226.35532333438687,fallback
urban_nlos,2.0,2.0,heavy_rain,waterlogging,1,train,held_out,train,0.46808510638297873,1.0,0.6376811594202899,0.21524097546522444,22,47,226.35532333438687,fallback
urban_nlos,2.0,2.0,heavy_rain,waterlogging,2,train,held_out,train,0.3958333333333333,1.0,0.5671641791044776,0.07253297197186476,19,48,226.35532333438687,fallback
urban_nlos,2.0,2.0,heavy_rain,waterlogging,3,train,held_out,train,0.5833333333333334,1.0,0.7368421052631579,0.1920159381500515,28,48,226.35532333438687,fallback
urban_nlos,2.0,2.0,heavy_rain,waterlogging,4,train,held_out,train,0.625,1.0,0.7692307692307693,0.18539728872337957,30,48,226.35532333438687,fallback
urban_nlos,2.0,2.0,heavy_rain,waterlogging,5,train,held_out,train,0.6041666666666666,1.0,0.7532467532467533,0.028456766357380345,29,48,226.35532333438687,fallback
urban_nlos,2.0,2.0,heavy_rain,waterlogging,6,train,held_out,train,0.7083333333333334,1.0,0.8292682926829268,0.17956965757189816,34,48,226.35532333438687,fallback
urban_nlos,2.0,2.0,heavy_rain,waterlogging,7,train,held_out,train,0.3958333333333333,1.0,0.5671641791044776,0.059275326500698694,19,48,226.35532333438687,fallback
urban_nlos,2.0,2.0,heavy_rain,waterlogging,8,train,held_out,train,0.6875,1.0,0.8148148148148148,0.2549302882100092,33,48,226.35532333438687,fallback
urban_nlos,2.0,2.0,heavy_rain,waterlogging,9,train,held_out,train,0.5106382978723404,1.0,0.676056338028169,0.14655414122111543,24,47,226.35532333438687,fallback
urban_nlos,2.0,2.0,heavy_rain,black_ice,0,train,held_out,train,0.625,1.0,0.7692307692307693,0.04186173101321212,30,48,226.35532333438687,fallback
urban_nlos,2.0,2.0,heavy_rain,black_ice,1,train,held_out,train,0.46808510638297873,1.0,0.6376811594202899,0.22186376506336503,22,47,226.35532333438687,fallback
urban_nlos,2.0,2.0,heavy_rain,black_ice,2,train,held_out,train,0.3958333333333333,1.0,0.5671641791044776,0.05993188053836225,19,48,226.35532333438687,fallback
urban_nlos,2.0,2.0,heavy_rain,black_ice,3,train,held_out,train,0.5833333333333334,1.0,0.7368421052631579,0.20812583145428257,28,48,226.35532333438687,fallback
urban_nlos,2.0,2.0,heavy_rain,black_ice,4,train,held_out,train,0.625,1.0,0.7692307692307693,0.1872248899995988,30,48,226.35532333438687,fallback
urban_nlos,2.0,2.0,heavy_rain,black_ice,5,train,held_out,train,0.6041666666666666,1.0,0.7532467532467533,0.004593362710724284,29,48,226.35532333438687,fallback
urban_nlos,2.0,2.0,heavy_rain,black_ice,6,train,held_out,train,0.7083333333333334,1.0,0.8292682926829268,0.1829149090779696,34,48,226.35532333438687,fallback
urban_nlos,2.0,2.0,heavy_rain,black_ice,7,train,held_out,train,0.3958333333333333,1.0,0.5671641791044776,0.05230435228679413,19,48,226.35532333438687,fallback
urban_nlos,2.0,2.0,heavy_rain,black_ice,8,train,held_out,train,0.6875,1.0,0.8148148148148148,0.260483445978104,33,48,226.35532333438687,fallback
urban_nlos,2.0,2.0,heavy_rain,black_ice,9,train,held_out,train,0.5106382978723404,1.0,0.676056338028169,0.14467678690006128,24,47,226.35532333438687,fallback
urban_nlos,2.0,2.0,moderate_rain,fog_bank,0,train,train,held_out,0.5625,1.0,0.72,0.2809923440437411,27,48,226.35532333438687,fallback
urban_nlos,2.0,2.0,moderate_rain,fog_bank,1,train,train,held_out,0.5106382978723404,1.0,0.676056338028169,0.1432691393120077,24,47,226.35532333438687,fallback
urban_nlos,2.0,2.0,moderate_rain,fog_bank,2,train,train,held_out,0.6458333333333334,1.0,0.7848101265822784,-0.08609990961911378,31,48,226.35532333438687,fallback
urban_nlos,2.0,2.0,moderate_rain,fog_bank,3,train,train,held_out,0.5,1.0,0.6666666666666666,0.23433486344810303,24,48,226.35532333438687,fallback
urban_nlos,2.0,2.0,moderate_rain,fog_bank,4,train,train,held_out,0.6875,1.0,0.8148148148148148,0.1442503643340702,33,48,226.35532333438687,fallback
urban_nlos,2.0,2.0,moderate_rain,fog_bank,5,train,train,held_out,0.6041666666666666,1.0,0.7532467532467533,0.07739537097438953,29,48,226.35532333438687,fallback
urban_nlos,2.0,2.0,moderate_rain,fog_bank,6,train,train,held_out,0.5625,1.0,0.72,0.05507246965361777,27,48,226.35532333438687,fallback
urban_nlos,2.0,2.0,moderate_rain,fog_bank,7,train,train,held_out,0.625,1.0,0.7692307692307693,-0.027511045128002794,30,48,226.35532333438687,fallback
urban_nlos,2.0,2.0,moderate_rain,fog_bank,8,train,train,held_out,0.5,1.0,0.6666666666666666,-0.07628615765527201,24,48,226.35532333438687,fallback
urban_nlos,2.0,2.0,moderate_rain,fog_bank,9,train,train,held_out,0.5833333333333334,1.0,0.7368421052631579,0.02536928627191008,28,48,226.35532333438687,fallback
urban_nlos,2.0,2.0,moderate_rain,landslide,0,train,train,held_out,0.5625,1.0,0.72,0.16158102611942476,27,48,226.35532333438687,fallback
urban_nlos,2.0,2.0,moderate_rain,landslide,1,train,train,held_out,0.5106382978723404,1.0,0.676056338028169,0.1242625519336601,24,47,226.35532333438687,fallback
urban_nlos,2.0,2.0,moderate_rain,landslide,2,train,train,held_out,0.6458333333333334,1.0,0.7848101265822784,-0.007832856150639403,31,48,226.35532333438687,fallback
urban_nlos,2.0,2.0,moderate_rain,landslide,3,train,train,held_out,0.5,1.0,0.6666666666666666,0.1331396998765279,24,48,226.35532333438687,fallback
urban_nlos,2.0,2.0,moderate_rain,landslide,4,train,train,held_out,0.6875,1.0,0.8148148148148148,0.08580808969921017,33,48,226.35532333438687,fallback
urban_nlos,2.0,2.0,moderate_rain,landslide,5,train,train,held_out,0.6041666666666666,1.0,0.7532467532467533,0.06691361451039966,29,48,226.35532333438687,fallback
urban_nlos,2.0,2.0,moderate_rain,landslide,6,train,train,held_out,0.5625,1.0,0.72,0.05094372581605406,27,48,226.35532333438687,fallback
urban_nlos,2.0,2.0,moderate_rain,landslide,7,train,train,held_out,0.625,1.0,0.7692307692307693,-0.028976643623959845,30,48,226.35532333438687,fallback
urban_nlos,2.0,2.0,moderate_rain,landslide,8,train,train,held_out,0.5,1.0,0.6666666666666666,-0.07828635129173683,24,48,226.35532333438687,fallback
urban_nlos,2.0,2.0,moderate_rain,landslide,9,train,train,held_out,0.6041666666666666,1.0,0.7532467532467533,0.08437969816525459,29,48,226.35532333438687,fallback
urban_nlos,2.0,2.0,moderate_rain,crash,0,train,train,held_out,0.5869565217391305,1.0,0.7397260273972603,0.23700769984843045,27,46,226.35532333438687,fallback
urban_nlos,2.0,2.0,moderate_rain,crash,1,train,train,held_out,0.5111111111111111,1.0,0.676470588235294,0.29915177734534154,23,45,226.35532333438687,fallback
urban_nlos,2.0,2.0,moderate_rain,crash,2,train,train,held_out,0.6428571428571429,1.0,0.782608695652174,0.34634083625485307,27,42,226.35532333438687,fallback
urban_nlos,2.0,2.0,moderate_rain,crash,3,train,train,held_out,0.5217391304347826,1.0,0.6857142857142856,0.25634533851994756,24,46,226.35532333438687,fallback
urban_nlos,2.0,2.0,moderate_rain,crash,4,train,train,held_out,0.7021276595744681,1.0,0.825,0.28792809268758063,33,47,226.35532333438687,fallback
urban_nlos,2.0,2.0,moderate_rain,crash,5,train,train,held_out,0.5869565217391305,1.0,0.7397260273972603,0.23271567900416998,27,46,226.35532333438687,fallback
urban_nlos,2.0,2.0,moderate_rain,crash,6,train,train,held_out,0.5116279069767442,1.0,0.676923076923077,0.27575272773826864,22,43,226.35532333438687,fallback
urban_nlos,2.0,2.0,moderate_rain,crash,7,train,train,held_out,0.6304347826086957,1.0,0.7733333333333333,0.19558266300567603,29,46,226.35532333438687,fallback
urban_nlos,2.0,2.0,moderate_rain,crash,8,train,train,held_out,0.5217391304347826,1.0,0.6857142857142856,0.15282342674645186,24,46,226.35532333438687,fallback
urban_nlos,2.0,2.0,moderate_rain,crash,9,train,train,held_out,0.5111111111111111,1.0,0.676470588235294,0.22770480850543542,23,45,226.35532333438687,fallback
urban_nlos,2.0,2.0,moderate_rain,waterlogging,0,train,held_out,held_out,0.5625,1.0,0.72,0.194081503254662,27,48,226.35532333438687,fallback
urban_nlos,2.0,2.0,moderate_rain,waterlogging,1,train,held_out,held_out,0.5106382978723404,1.0,0.676056338028169,0.1285252515498971,24,47,226.35532333438687,fallback
urban_nlos,2.0,2.0,moderate_rain,waterlogging,2,train,held_out,held_out,0.6458333333333334,1.0,0.7848101265822784,-0.03500349788226987,31,48,226.35532333438687,fallback
urban_nlos,2.0,2.0,moderate_rain,waterlogging,3,train,held_out,held_out,0.5,1.0,0.6666666666666666,0.164234997115455,24,48,226.35532333438687,fallback
urban_nlos,2.0,2.0,moderate_rain,waterlogging,4,train,held_out,held_out,0.6875,1.0,0.8148148148148148,0.10105903212371148,33,48,226.35532333438687,fallback
urban_nlos,2.0,2.0,moderate_rain,waterlogging,5,train,held_out,held_out,0.6041666666666666,1.0,0.7532467532467533,0.06763887042011346,29,48,226.35532333438687,fallback
urban_nlos,2.0,2.0,moderate_rain,waterlogging,6,train,held_out,held_out,0.5625,1.0,0.72,0.04958886730973858,27,48,226.35532333438687,fallback
urban_nlos,2.0,2.0,moderate_rain,waterlogging,7,train,held_out,held_out,0.625,1.0,0.7692307692307693,-0.029663297396012964,30,48,226.35532333438687,fallback
urban_nlos,2.0,2.0,moderate_rain,waterlogging,8,train,held_out,held_out,0.5,1.0,0.6666666666666666,-0.07673274275185198,24,48,226.35532333438687,fallback
urban_nlos,2.0,2.0,moderate_rain,waterlogging,9,train,held_out,held_out,0.5833333333333334,1.0,0.7368421052631579,0.06623200703587342,28,48,226.35532333438687,fallback
urban_nlos,2.0,2.0,moderate_rain,black_ice,0,train,held_out,held_out,0.5625,1.0,0.72,0.17782086574208586,27,48,226.35532333438687,fallback
urban_nlos,2.0,2.0,moderate_rain,black_ice,1,train,held_out,held_out,0.5106382978723404,1.0,0.676056338028169,0.1263354306608078,24,47,226.35532333438687,fallback
urban_nlos,2.0,2.0,moderate_rain,black_ice,2,train,held_out,held_out,0.6458333333333334,1.0,0.7848101265822784,-0.021781540336387087,31,48,226.35532333438687,fallback
urban_nlos,2.0,2.0,moderate_rain,black_ice,3,train,held_out,held_out,0.5,1.0,0.6666666666666666,0.14898485535441458,24,48,226.35532333438687,fallback
urban_nlos,2.0,2.0,moderate_rain,black_ice,4,train,held_out,held_out,0.6875,1.0,0.8148148148148148,0.09334976110358327,33,48,226.35532333438687,fallback
urban_nlos,2.0,2.0,moderate_rain,black_ice,5,train,held_out,held_out,0.6041666666666666,1.0,0.7532467532467533,0.06720939398954336,29,48,226.35532333438687,fallback
urban_nlos,2.0,2.0,moderate_rain,black_ice,6,train,held_out,held_out,0.5625,1.0,0.72,0.05011513021653653,27,48,226.35532333438687,fallback
urban_nlos,2.0,2.0,moderate_rain,black_ice,7,train,held_out,held_out,0.625,1.0,0.7692307692307693,-0.029113136651290335,30,48,226.35532333438687,fallback
urban_nlos,2.0,2.0,moderate_rain,black_ice,8,train,held_out,held_out,0.5,1.0,0.6666666666666666,-0.07773844783008638,24,48,226.35532333438687,fallback
urban_nlos,2.0,2.0,moderate_rain,black_ice,9,train,held_out,held_out,0.6041666666666666,1.0,0.7532467532467533,0.07522876865237149,29,48,226.35532333438687,fallback
urban_nlos,2.0,2.0,dense_fog,fog_bank,0,train,train,held_out,0.7021276595744681,1.0,0.825,0.2207646157961969,33,47,226.35532333438687,fallback
urban_nlos,2.0,2.0,dense_fog,fog_bank,1,train,train,held_out,0.625,1.0,0.7692307692307693,0.24650392058671447,30,48,226.35532333438687,fallback
urban_nlos,2.0,2.0,dense_fog,fog_bank,2,train,train,held_out,0.5106382978723404,1.0,0.676056338028169,0.10026109149370716,24,47,226.35532333438687,fallback
urban_nlos,2.0,2.0,dense_fog,fog_bank,3,train,train,held_out,0.5833333333333334,1.0,0.7368421052631579,0.18479413741934558,28,48,226.35532333438687,fallback
urban_nlos,2.0,2.0,dense_fog,fog_bank,4,train,train,held_out,0.5217391304347826,1.0,0.6857142857142856,0.11040867963404837,24,46,226.35532333438687,fallback
urban_nlos,2.0,2.0,dense_fog,fog_bank,5,train,train,held_out,0.625,1.0,0.7692307692307693,0.012419968492952361,30,48,226.35532333438687,fallback
urban_nlos,2.0,2.0,dense_fog,fog_bank,6,train,train,held_out,0.4583333333333333,1.0,0.6285714285714286,-0.054289717246750815,22,48,226.35532333438687,fallback
urban_nlos,2.0,2.0,dense_fog,fog_bank,7,train,train,held_out,0.6041666666666666,1.0,0.7532467532467533,0.22060424600344228,29,48,226.35532333438687,fallback
urban_nlos,2.0,2.0,dense_fog,fog_bank,8,train,train,held_out,0.5319148936170213,1.0,0.6944444444444444,0.14723461327331366,25,47,226.35532333438687,fallback
urban_nlos,2.0,2.0,dense_fog,fog_bank,9,train,train,held_out,0.5681818181818182,1.0,0.7246376811594203,0.2849441503157017,25,44,226.35532333438687,fallback
urban_nlos,2.0,2.0,dense_fog,landslide,0,train,train,held_out,0.7021276595744681,1.0,0.825,0.18085210772951563,33,47,226.35532333438687,fallback
urban_nlos,2.0,2.0,dense_fog,landslide,1,train,train,held_out,0.625,1.0,0.7692307692307693,0.1999132700436569,30,48,226.35532333438687,fallback
urban_nlos,2.0,2.0,dense_fog,landslide,2,train,train,held_out,0.5106382978723404,1.0,0.676056338028169,0.09577263267041818,24,47,226.35532333438687,fallback
urban_nlos,2.0,2.0,dense_fog,landslide,3,train,train,held_out,0.5833333333333334,1.0,0.7368421052631579,0.20138013248600203,28,48,226.35532333438687,fallback
urban_nlos,2.0,2.0,dense_fog,landslide,4,train,train,held_out,0.5434782608695652,1.0,0.704225352112676,0.12486782499647703,25,46,226.35532333438687,fallback
urban_nlos,2.0,2.0,dense_fog,landslide,5,train,train,held_out,0.625,1.0,0.7692307692307693,0.032201827922252436,30,48,226.35532333438687,fallback
urban_nlos,2.0,2.0,dense_fog,landslide,6,train,train,held_out,0.4583333333333333,1.0,0.6285714285714286,-0.08064891919889126,22,48,226.35532333438687,fallback
urban_nlos,2.0,2.0,dense_fog,landslide,7,train,train,held_out,0.6041666666666666,1.0,0.7532467532467533,0.27859140369573165,29,48,226.35532333438687,fallback
urban_nlos,2.0,2.0,dense_fog,landslide,8,train,train,held_out,0.5319148936170213,1.0,0.6944444444444444,0.12650831868823156,25,47,226.35532333438687,fallback
urban_nlos,2.0,2.0,dense_fog,landslide,9,train,train,held_out,0.5681818181818182,1.0,0.7246376811594203,0.29963131985863717,25,44,226.35532333438687,fallback
urban_nlos,2.0,2.0,dense_fog,crash,0,train,train,held_out,0.6304347826086957,1.0,0.7733333333333333,0.298190216404427,29,46,226.35532333438687,fallback
urban_nlos,2.0,2.0,dense_fog,crash,1,train,train,held_out,0.5217391304347826,1.0,0.6857142857142856,0.35291701274748877,24,46,226.35532333438687,fallback
urban_nlos,2.0,2.0,dense_fog,crash,2,train,train,held_out,0.4634146341463415,1.0,0.6333333333333334,0.35657880740448716,19,41,226.35532333438687,fallback
urban_nlos,2.0,2.0,dense_fog,crash,3,train,train,held_out,0.5106382978723404,1.0,0.676056338028169,0.22479533130074922,24,47,226.35532333438687,fallback
urban_nlos,2.0,2.0,dense_fog,crash,4,train,train,held_out,0.5454545454545454,1.0,0.7058823529411764,0.1986630106533285,24,44,226.35532333438687,fallback
urban_nlos,2.0,2.0,dense_fog,crash,5,train,train,held_out,0.5833333333333334,1.0,0.7368421052631579,0.2565370536532057,28,48,226.35532333438687,fallback
urban_nlos,2.0,2.0,dense_fog,crash,6,train,train,held_out,0.4772727272727273,1.0,0.6461538461538462,0.32431869719755113,21,44,226.35532333438687,fallback
urban_nlos,2.0,2.0,dense_fog,crash,7,train,train,held_out,0.5111111111111111,1.0,0.676470588235294,0.36974645010916746,23,45,226.35532333438687,fallback
urban_nlos,2.0,2.0,dense_fog,crash,8,train,train,held_out,0.5652173913043478,1.0,0.7222222222222222,0.2020187611472992,26,46,226.35532333438687,fallback
urban_nlos,2.0,2.0,dense_fog,crash,9,train,train,held_out,0.5714285714285714,1.0,0.7272727272727273,0.3616149429432258,24,42,226.35532333438687,fallback
urban_nlos,2.0,2.0,dense_fog,waterlogging,0,train,held_out,held_out,0.7021276595744681,1.0,0.825,0.19072513495211982,33,47,226.35532333438687,fallback
urban_nlos,2.0,2.0,dense_fog,waterlogging,1,train,held_out,held_out,0.625,1.0,0.7692307692307693,0.21226974415121744,30,48,226.35532333438687,fallback
urban_nlos,2.0,2.0,dense_fog,waterlogging,2,train,held_out,held_out,0.5106382978723404,1.0,0.676056338028169,0.09557994969172891,24,47,226.35532333438687,fallback
urban_nlos,2.0,2.0,dense_fog,waterlogging,3,train,held_out,held_out,0.5833333333333334,1.0,0.7368421052631579,0.19598793335521347,28,48,226.35532333438687,fallback
urban_nlos,2.0,2.0,dense_fog,waterlogging,4,train,held_out,held_out,0.5434782608695652,1.0,0.704225352112676,0.1204776911522675,25,46,226.35532333438687,fallback
urban_nlos,2.0,2.0,dense_fog,waterlogging,5,train,held_out,held_out,0.625,1.0,0.7692307692307693,0.02102205280128587,30,48,226.35532333438687,fallback
urban_nlos,2.0,2.0,dense_fog,waterlogging,6,train,held_out,held_out,0.4583333333333333,1.0,0.6285714285714286,-0.0740417205794709,22,48,226.35532333438687,fallback
urban_nlos,2.0,2.0,dense_fog,waterlogging,7,train,held_out,held_out,0.6041666666666666,1.0,0.7532467532467533,0.262484648456596,29,48,226.35532333438687,fallback
urban_nlos,2.0,2.0,dense_fog,waterlogging,8,train,held_out,held_out,0.5319148936170213,1.0,0.6944444444444444,0.13220049276163184,25,47,226.35532333438687,fallback
urban_nlos,2.0,2.0,dense_fog,waterlogging,9,train,held_out,held_out,0.5681818181818182,1.0,0.7246376811594203,0.2947215646872782,25,44,226.35532333438687,fallback
urban_nlos,2.0,2.0,dense_fog,black_ice,0,train,held_out,held_out,0.7021276595744681,1.0,0.825,0.1857000315636663,33,47,226.35532333438687,fallback
urban_nlos,2.0,2.0,dense_fog,black_ice,1,train,held_out,held_out,0.625,1.0,0.7692307692307693,0.20604656624459525,30,48,226.35532333438687,fallback
urban_nlos,2.0,2.0,dense_fog,black_ice,2,train,held_out,held_out,0.5106382978723404,1.0,0.676056338028169,0.09560109257194935,24,47,226.35532333438687,fallback
urban_nlos,2.0,2.0,dense_fog,black_ice,3,train,held_out,held_out,0.5833333333333334,1.0,0.7368421052631579,0.19864311188821324,28,48,226.35532333438687,fallback
urban_nlos,2.0,2.0,dense_fog,black_ice,4,train,held_out,held_out,0.5434782608695652,1.0,0.704225352112676,0.12264095271986081,25,46,226.35532333438687,fallback
urban_nlos,2.0,2.0,dense_fog,black_ice,5,train,held_out,held_out,0.625,1.0,0.7692307692307693,0.026163067745746532,30,48,226.35532333438687,fallback
urban_nlos,2.0,2.0,dense_fog,black_ice,6,train,held_out,held_out,0.4583333333333333,1.0,0.6285714285714286,-0.07758505012068351,22,48,226.35532333438687,fallback
urban_nlos,2.0,2.0,dense_fog,black_ice,7,train,held_out,held_out,0.6041666666666666,1.0,0.7532467532467533,0.2705755523173666,29,48,226.35532333438687,fallback
urban_nlos,2.0,2.0,dense_fog,black_ice,8,train,held_out,held_out,0.5319148936170213,1.0,0.6944444444444444,0.12925950153062793,25,47,226.35532333438687,fallback
urban_nlos,2.0,2.0,dense_fog,black_ice,9,train,held_out,held_out,0.5681818181818182,1.0,0.7246376811594203,0.29719437322990033,25,44,226.35532333438687,fallback
urban_grid,2.0,2.0,clear,fog_bank,0,held_out,train,train,0.46875,1.0,0.6382978723404256,-0.06538202303611872,15,32,226.35532333438687,fallback
urban_grid,2.0,2.0,clear,fog_bank,1,held_out,train,train,0.65625,1.0,0.7924528301886793,0.5952064889193756,21,32,226.35532333438687,fallback
urban_grid,2.0,2.0,clear,fog_bank,2,held_out,train,train,0.6129032258064516,1.0,0.76,0.21918429067457867,19,31,226.35532333438687,fallback
urban_grid,2.0,2.0,clear,fog_bank,3,held_out,train,train,0.6875,1.0,0.8148148148148148,0.014023335264959039,22,32,226.35532333438687,fallback
urban_grid,2.0,2.0,clear,fog_bank,4,held_out,train,train,0.625,1.0,0.7692307692307693,0.09085999305962596,20,32,226.35532333438687,fallback
urban_grid,2.0,2.0,clear,fog_bank,5,held_out,train,train,0.71875,1.0,0.8363636363636363,-0.20534557726580654,23,32,226.35532333438687,fallback
urban_grid,2.0,2.0,clear,fog_bank,6,held_out,train,train,0.6875,1.0,0.8148148148148148,-0.029945199016861154,22,32,226.35532333438687,fallback
urban_grid,2.0,2.0,clear,fog_bank,7,held_out,train,train,0.5625,1.0,0.72,-0.13553547721774162,18,32,226.35532333438687,fallback
urban_grid,2.0,2.0,clear,fog_bank,8,held_out,train,train,0.4375,1.0,0.6086956521739131,0.10896286898592061,14,32,226.35532333438687,fallback
urban_grid,2.0,2.0,clear,fog_bank,9,held_out,train,train,0.5625,1.0,0.72,0.43060157932855736,18,32,226.35532333438687,fallback
urban_grid,2.0,2.0,clear,landslide,0,held_out,train,train,0.46875,1.0,0.6382978723404256,nan,15,32,226.35532333438687,fallback
urban_grid,2.0,2.0,clear,landslide,1,held_out,train,train,0.65625,1.0,0.7924528301886793,0.24120694052532793,21,32,226.35532333438687,fallback
urban_grid,2.0,2.0,clear,landslide,2,held_out,train,train,0.6129032258064516,1.0,0.76,0.19298909929682703,19,31,226.35532333438687,fallback
urban_grid,2.0,2.0,clear,landslide,3,held_out,train,train,0.6875,1.0,0.8148148148148148,nan,22,32,226.35532333438687,fallback
urban_grid,2.0,2.0,clear,landslide,4,held_out,train,train,0.625,1.0,0.7692307692307693,0.23186944788008415,20,32,226.35532333438687,fallback
urban_grid,2.0,2.0,clear,landslide,5,held_out,train,train,0.71875,1.0,0.8363636363636363,nan,23,32,226.35532333438687,fallback
urban_grid,2.0,2.0,clear,landslide,6,held_out,train,train,0.6875,1.0,0.8148148148148148,-0.053866731276624086,22,32,226.35532333438687,fallback
urban_grid,2.0,2.0,clear,landslide,7,held_out,train,train,0.5625,1.0,0.72,nan,18,32,226.35532333438687,fallback
urban_grid,2.0,2.0,clear,landslide,8,held_out,train,train,0.4375,1.0,0.6086956521739131,0.11391315003692712,14,32,226.35532333438687,fallback
urban_grid,2.0,2.0,clear,landslide,9,held_out,train,train,0.5625,1.0,0.72,0.20361256313001694,18,32,226.35532333438687,fallback
urban_grid,2.0,2.0,clear,crash,0,held_out,train,train,0.3548387096774194,1.0,0.5238095238095238,0.14897771548794686,11,31,226.35532333438687,fallback
urban_grid,2.0,2.0,clear,crash,1,held_out,train,train,0.5666666666666667,1.0,0.7234042553191489,0.3357758957287607,17,30,226.35532333438687,fallback
urban_grid,2.0,2.0,clear,crash,2,held_out,train,train,0.5161290322580645,1.0,0.6808510638297872,0.19560960810683664,16,31,226.35532333438687,fallback
urban_grid,2.0,2.0,clear,crash,3,held_out,train,train,0.5333333333333333,1.0,0.6956521739130436,0.25034978776050426,16,30,226.35532333438687,fallback
urban_grid,2.0,2.0,clear,crash,4,held_out,train,train,0.45161290322580644,1.0,0.6222222222222222,0.18017825815961339,14,31,226.35532333438687,fallback
urban_grid,2.0,2.0,clear,crash,5,held_out,train,train,0.5483870967741935,1.0,0.7083333333333333,0.18790138222262467,17,31,226.35532333438687,fallback
urban_grid,2.0,2.0,clear,crash,6,held_out,train,train,0.5161290322580645,1.0,0.6808510638297872,0.13431299119254242,16,31,226.35532333438687,fallback
urban_grid,2.0,2.0,clear,crash,7,held_out,train,train,0.43333333333333335,1.0,0.6046511627906976,0.25801007682591176,13,30,226.35532333438687,fallback
urban_grid,2.0,2.0,clear,crash,8,held_out,train,train,0.4666666666666667,1.0,0.6363636363636364,0.25938480088185817,14,30,226.35532333438687,fallback
urban_grid,2.0,2.0,clear,crash,9,held_out,train,train,0.40625,1.0,0.5777777777777777,0.2453531352531211,13,32,226.35532333438687,fallback
urban_grid,2.0,2.0,clear,waterlogging,0,held_out,held_out,train,0.46875,1.0,0.6382978723404256,-0.0782127967797528,15,32,226.35532333438687,fallback
urban_grid,2.0,2.0,clear,waterlogging,1,held_out,held_out,train,0.65625,1.0,0.7924528301886793,0.4695473504948826,21,32,226.35532333438687,fallback
urban_grid,2.0,2.0,clear,waterlogging,2,held_out,held_out,train,0.6129032258064516,1.0,0.76,0.19996294799699832,19,31,226.35532333438687,fallback
urban_grid,2.0,2.0,clear,waterlogging,3,held_out,held_out,train,0.6875,1.0,0.8148148148148148,-0.01331768819651684,22,32,226.35532333438687,fallback
urban_grid,2.0,2.0,clear,waterlogging,4,held_out,held_out,train,0.625,1.0,0.7692307692307693,0.02036279231150325,20,32,226.35532333438687,fallback
urban_grid,2.0,2.0,clear,waterlogging,5,held_out,held_out,train,0.71875,1.0,0.8363636363636363,-0.23717999482352126,23,32,226.35532333438687,fallback
urban_grid,2.0,2.0,clear,waterlogging,6,held_out,held_out,train,0.6875,1.0,0.8148148148148148,-0.04910399004874807,22,32,226.35532333438687,fallback
urban_grid,2.0,2.0,clear,waterlogging,7,held_out,held_out,train,0.5625,1.0,0.72,-0.16683204369172086,18,32,226.35532333438687,fallback
urban_grid,2.0,2.0,clear,waterlogging,8,held_out,held_out,train,0.4375,1.0,0.6086956521739131,0.11122291894069282,14,32,226.35532333438687,fallback
urban_grid,2.0,2.0,clear,waterlogging,9,held_out,held_out,train,0.5625,1.0,0.72,0.37112827366338846,18,32,226.35532333438687,fallback
urban_grid,2.0,2.0,clear,black_ice,0,held_out,held_out,train,0.46875,1.0,0.6382978723404256,-0.07979744145132915,15,32,226.35532333438687,fallback
urban_grid,2.0,2.0,clear,black_ice,1,held_out,held_out,train,0.65625,1.0,0.7924528301886793,0.3814642519734925,21,32,226.35532333438687,fallback
urban_grid,2.0,2.0,clear,black_ice,2,held_out,held_out,train,0.6129032258064516,1.0,0.76,0.19645922255335593,19,31,226.35532333438687,fallback
urban_grid,2.0,2.0,clear,black_ice,3,held_out,held_out,train,0.6875,1.0,0.8148148148148148,-0.017501735863129003,22,32,226.35532333438687,fallback
urban_grid,2.0,2.0,clear,black_ice,4,held_out,held_out,train,0.625,1.0,0.7692307692307693,0.029405978061014394,20,32,226.35532333438687,fallback
urban_grid,2.0,2.0,clear,black_ice,5,held_out,held_out,train,0.71875,1.0,0.8363636363636363,-0.24377084083003384,23,32,226.35532333438687,fallback
urban_grid,2.0,2.0,clear,black_ice,6,held_out,held_out,train,0.6875,1.0,0.8148148148148148,-0.051693265651872,22,32,226.35532333438687,fallback
urban_grid,2.0,2.0,clear,black_ice,7,held_out,held_out,train,0.5625,1.0,0.72,-0.17118416894201577,18,32,226.35532333438687,fallback
urban_grid,2.0,2.0,clear,black_ice,8,held_out,held_out,train,0.4375,1.0,0.6086956521739131,0.11373249696611563,14,32,226.35532333438687,fallback
urban_grid,2.0,2.0,clear,black_ice,9,held_out,held_out,train,0.5625,1.0,0.72,0.31137035070882874,18,32,226.35532333438687,fallback
urban_grid,2.0,2.0,heavy_rain,fog_bank,0,held_out,train,train,0.625,1.0,0.7692307692307693,-0.01847540899633616,20,32,226.35532333438687,fallback
urban_grid,2.0,2.0,heavy_rain,fog_bank,1,held_out,train,train,0.65625,1.0,0.7924528301886793,0.1305474482476312,21,32,226.35532333438687,fallback
urban_grid,2.0,2.0,heavy_rain,fog_bank,2,held_out,train,train,0.6129032258064516,1.0,0.76,0.25815308407290466,19,31,226.35532333438687,fallback
urban_grid,2.0,2.0,heavy_rain,fog_bank,3,held_out,train,train,0.75,1.0,0.8571428571428571,0.2118206918145819,24,32,226.35532333438687,fallback
urban_grid,2.0,2.0,heavy_rain,fog_bank,4,held_out,train,train,0.71875,1.0,0.8363636363636363,0.278667472871667,23,32,226.35532333438687,fallback
urban_grid,2.0,2.0,heavy_rain,fog_bank,5,held_out,train,train,0.53125,1.0,0.6938775510204082,0.1736797467891676,17,32,226.35532333438687,fallback
urban_grid,2.0,2.0,heavy_rain,fog_bank,6,held_out,train,train,0.6875,1.0,0.8148148148148148,0.10280538543326896,22,32,226.35532333438687,fallback
urban_grid,2.0,2.0,heavy_rain,fog_bank,7,held_out,train,train,0.65625,1.0,0.7924528301886793,-0.07322856068134069,21,32,226.35532333438687,fallback
urban_grid,2.0,2.0,heavy_rain,fog_bank,8,held_out,train,train,0.46875,1.0,0.6382978723404256,-0.14073086803845594,15,32,226.35532333438687,fallback
urban_grid,2.0,2.0,heavy_rain,fog_bank,9,held_out,train,train,0.75,1.0,0.8571428571428571,0.03421608605742723,24,32,226.35532333438687,fallback
urban_grid,2.0,2.0,heavy_rain,landslide,0,held_out,train,train,0.625,1.0,0.7692307692307693,0.23013169206447157,20,32,226.35532333438687,fallback
urban_grid,2.0,2.0,heavy_rain,landslide,1,held_out,train,train,0.65625,1.0,0.7924528301886793,0.08178314402300883,21,32,226.35532333438687,fallback
urban_grid,2.0,2.0,heavy_rain,landslide,2,held_out,train,train,0.6129032258064516,1.0,0.76,0.22617576827477814,19,31,226.35532333438687,fallback
urban_grid,2.0,2.0,heavy_rain,landslide,3,held_out,train,train,0.75,1.0,0.8571428571428571,0.10288800744355225,24,32,226.35532333438687,fallback
urban_grid,2.0,2.0,heavy_rain,landslide,4,held_out,train,train,0.71875,1.0,0.8363636363636363,0.2282961133029333,23,32,226.35532333438687,fallback
urban_grid,2.0,2.0,heavy_rain,landslide,5,held_out,train,train,0.53125,1.0,0.6938775510204082,0.24226259584857343,17,32,226.35532333438687,fallback
urban_grid,2.0,2.0,heavy_rain,landslide,6,held_out,train,train,0.6875,1.0,0.8148148148148148,0.047125944276435454,22,32,226.35532333438687,fallback
urban_grid,2.0,2.0,heavy_rain,landslide,7,held_out,train,train,0.65625,1.0,0.7924528301886793,-0.0428368805390044,21,32,226.35532333438687,fallback
urban_grid,2.0,2.0,heavy_rain,landslide,8,held_out,train,train,0.46875,1.0,0.6382978723404256,-0.17738028205430018,15,32,226.35532333438687,fallback
urban_grid,2.0,2.0,heavy_rain,landslide,9,held_out,train,train,0.75,1.0,0.8571428571428571,0.04944429051010708,24,32,226.35532333438687,fallback
urban_grid,2.0,2.0,heavy_rain,crash,0,held_out,train,train,0.3870967741935484,1.0,0.5581395348837209,0.16302525315949246,12,31,226.35532333438687,fallback
urban_grid,2.0,2.0,heavy_rain,crash,1,held_out,train,train,0.5517241379310345,1.0,0.7111111111111111,0.3514383691990277,16,29,226.35532333438687,fallback
urban_grid,2.0,2.0,heavy_rain,crash,2,held_out,train,train,0.4838709677419355,1.0,0.6521739130434783,0.2532249640882996,15,31,226.35532333438687,fallback
urban_grid,2.0,2.0,heavy_rain,crash,3,held_out,train,train,0.5666666666666667,1.0,0.7234042553191489,0.3292691475100313,17,30,226.35532333438687,fallback
urban_grid,2.0,2.0,heavy_rain,crash,4,held_out,train,train,0.5666666666666667,1.0,0.7234042553191489,0.4196292158687795,17,30,226.35532333438687,fallback
urban_grid,2.0,2.0,heavy_rain,crash,5,held_out,train,train,0.4666666666666667,1.0,0.6363636363636364,0.2616167869106994,14,30,226.35532333438687,fallback
urban_grid,2.0,2.0,heavy_rain,crash,6,held_out,train,train,0.5161290322580645,1.0,0.6808510638297872,0.2707754130427307,16,31,226.35532333438687,fallback
urban_grid,2.0,2.0,heavy_rain,crash,7,held_out,train,train,0.5,1.0,0.6666666666666666,0.13899876542347034,16,32,226.35532333438687,fallback
urban_grid,2.0,2.0,heavy_rain,crash,8,held_out,train,train,0.3333333333333333,1.0,0.5,0.15678676301247915,10,30,226.35532333438687,fallback
urban_grid,2.0,2.0,heavy_rain,crash,9,held_out,train,train,0.5172413793103449,1.0,0.6818181818181819,0.3038489396721796,15,29,226.35532333438687,fallback
urban_grid,2.0,2.0,heavy_rain,waterlogging,0,held_out,held_out,train,0.625,1.0,0.7692307692307693,0.004964161254205811,20,32,226.35532333438687,fallback
urban_grid,2.0,2.0,heavy_rain,waterlogging,1,held_out,held_out,train,0.65625,1.0,0.7924528301886793,0.0941843810487842,21,32,226.35532333438687,fallback
urban_grid,2.0,2.0,heavy_rain,waterlogging,2,held_out,held_out,train,0.6129032258064516,1.0,0.76,0.2306702198798482,19,31,226.35532333438687,fallback
urban_grid,2.0,2.0,heavy_rain,waterlogging,3,held_out,held_out,train,0.75,1.0,0.8571428571428571,0.13133265688557552,24,32,226.35532333438687,fallback
urban_grid,2.0,2.0,heavy_rain,waterlogging,4,held_out,held_out,train,0.71875,1.0,0.8363636363636363,0.2637732826728335,23,32,226.35532333438687,fallback
urban_grid,2.0,2.0,heavy_rain,waterlogging,5,held_out,held_out,train,0.53125,1.0,0.6938775510204082,0.2187776088377681,17,32,226.35532333438687,fallback
urban_grid,2.0,2.0,heavy_rain,waterlogging,6,held_out,held_out,train,0.6875,1.0,0.8148148148148148,0.060985011085143606,22,32,226.35532333438687,fallback
urban_grid,2.0,2.0,heavy_rain,waterlogging,7,held_out,held_out,train,0.65625,1.0,0.7924528301886793,-0.059555634267845575,21,32,226.35532333438687,fallback
urban_grid,2.0,2.0,heavy_rain,waterlogging,8,held_out,held_out,train,0.46875,1.0,0.6382978723404256,-0.16848931236036602,15,32,226.35532333438687,fallback
urban_grid,2.0,2.0,heavy_rain,waterlogging,9,held_out,held_out,train,0.75,1.0,0.8571428571428571,0.0405891639523582,24,32,226.35532333438687,fallback
urban_grid,2.0,2.0,heavy_rain,black_ice,0,held_out,held_out,train,0.625,1.0,0.7692307692307693,0.04966456496900184,20,32,226.35532333438687,fallback
urban_grid,2.0,2.0,heavy_rain,black_ice,1,held_out,held_out,train,0.65625,1.0,0.7924528301886793,0.08794108212147002,21,32,226.35532333438687,fallback
urban_grid,2.0,2.0,heavy_rain,black_ice,2,held_out,held_out,train,0.6129032258064516,1.0,0.76,0.2281744932160807,19,31,226.35532333438687,fallback
urban_grid,2.0,2.0,heavy_rain,black_ice,3,held_out,held_out,train,0.75,1.0,0.8571428571428571,0.11699770533650268,24,32,226.35532333438687,fallback
urban_grid,2.0,2.0,heavy_rain,black_ice,4,held_out,held_out,train,0.71875,1.0,0.8363636363636363,0.24838938437305577,23,32,226.35532333438687,fallback
urban_grid,2.0,2.0,heavy_rain,black_ice,5,held_out,held_out,train,0.53125,1.0,0.6938775510204082,0.23069202763437943,17,32,226.35532333438687,fallback
urban_grid,2.0,2.0,heavy_rain,black_ice,6,held_out,held_out,train,0.6875,1.0,0.8148148148148148,0.05394864099149571,22,32,226.35532333438687,fallback
urban_grid,2.0,2.0,heavy_rain,black_ice,7,held_out,held_out,train,0.65625,1.0,0.7924528301886793,-0.0520217975399333,21,32,226.35532333438687,fallback
urban_grid,2.0,2.0,heavy_rain,black_ice,8,held_out,held_out,train,0.46875,1.0,0.6382978723404256,-0.1728581950911921,15,32,226.35532333438687,fallback
urban_grid,2.0,2.0,heavy_rain,black_ice,9,held_out,held_out,train,0.75,1.0,0.8571428571428571,0.044554566332378386,24,32,226.35532333438687,fallback
urban_grid,2.0,2.0,moderate_rain,fog_bank,0,held_out,train,held_out,0.59375,1.0,0.7450980392156863,-0.07859567252885766,19,32,226.35532333438687,fallback
urban_grid,2.0,2.0,moderate_rain,fog_bank,1,held_out,train,held_out,0.625,1.0,0.7692307692307693,0.06909102415765275,20,32,226.35532333438687,fallback
urban_grid,2.0,2.0,moderate_rain,fog_bank,2,held_out,train,held_out,0.5,1.0,0.6666666666666666,0.21849490243216818,16,32,226.35532333438687,fallback
urban_grid,2.0,2.0,moderate_rain,fog_bank,3,held_out,train,held_out,0.71875,1.0,0.8363636363636363,0.2624819874621698,23,32,226.35532333438687,fallback
urban_grid,2.0,2.0,moderate_rain,fog_bank,4,held_out,train,held_out,0.71875,1.0,0.8363636363636363,0.1418811450378407,23,32,226.35532333438687,fallback
urban_grid,2.0,2.0,moderate_rain,fog_bank,5,held_out,train,held_out,0.375,1.0,0.5454545454545454,0.00025135454370397005,12,32,226.35532333438687,fallback
urban_grid,2.0,2.0,moderate_rain,fog_bank,6,held_out,train,held_out,0.6875,1.0,0.8148148148148148,0.04080767233317852,22,32,226.35532333438687,fallback
urban_grid,2.0,2.0,moderate_rain,fog_bank,7,held_out,train,held_out,0.40625,1.0,0.5777777777777777,0.1558028424584,13,32,226.35532333438687,fallback
urban_grid,2.0,2.0,moderate_rain,fog_bank,8,held_out,train,held_out,0.53125,1.0,0.6938775510204082,-0.0826056833812293,17,32,226.35532333438687,fallback
urban_grid,2.0,2.0,moderate_rain,fog_bank,9,held_out,train,held_out,0.625,1.0,0.7692307692307693,0.22774581787175005,20,32,226.35532333438687,fallback
urban_grid,2.0,2.0,moderate_rain,landslide,0,held_out,train,held_out,0.59375,1.0,0.7450980392156863,0.17559862997417142,19,32,226.35532333438687,fallback
urban_grid,2.0,2.0,moderate_rain,landslide,1,held_out,train,held_out,0.625,1.0,0.7692307692307693,0.04111776104648609,20,32,226.35532333438687,fallback
urban_grid,2.0,2.0,moderate_rain,landslide,2,held_out,train,held_out,0.5,1.0,0.6666666666666666,0.17654432123935548,16,32,226.35532333438687,fallback
urban_grid,2.0,2.0,moderate_rain,landslide,3,held_out,train,held_out,0.71875,1.0,0.8363636363636363,0.11448981849520619,23,32,226.35532333438687,fallback
urban_grid,2.0,2.0,moderate_rain,landslide,4,held_out,train,held_out,0.71875,1.0,0.8363636363636363,0.06992383639451123,23,32,226.35532333438687,fallback
urban_grid,2.0,2.0,moderate_rain,landslide,5,held_out,train,held_out,0.375,1.0,0.5454545454545454,-0.11224079488454823,12,32,226.35532333438687,fallback
urban_grid,2.0,2.0,moderate_rain,landslide,6,held_out,train,held_out,0.6875,1.0,0.8148148148148148,0.08873342022494275,22,32,226.35532333438687,fallback
urban_grid,2.0,2.0,moderate_rain,landslide,7,held_out,train,held_out,0.40625,1.0,0.5777777777777777,0.24053366367411858,13,32,226.35532333438687,fallback
urban_grid,2.0,2.0,moderate_rain,landslide,8,held_out,train,held_out,0.53125,1.0,0.6938775510204082,-0.1059231709400622,17,32,226.35532333438687,fallback
urban_grid,2.0,2.0,moderate_rain,landslide,9,held_out,train,held_out,0.625,1.0,0.7692307692307693,0.23170701939350896,20,32,226.35532333438687,fallback
urban_grid,2.0,2.0,moderate_rain,crash,0,held_out,train,held_out,0.4666666666666667,1.0,0.6363636363636364,0.2853950144461987,14,30,226.35532333438687,fallback
urban_grid,2.0,2.0,moderate_rain,crash,1,held_out,train,held_out,0.4838709677419355,1.0,0.6521739130434783,0.28248254815019963,15,31,226.35532333438687,fallback
urban_grid,2.0,2.0,moderate_rain,crash,2,held_out,train,held_out,0.46875,1.0,0.6382978723404256,0.31093593051148366,15,32,226.35532333438687,fallback
urban_grid,2.0,2.0,moderate_rain,crash,3,held_out,train,held_out,0.5172413793103449,1.0,0.6818181818181819,0.3878184028940658,15,29,226.35532333438687,fallback
urban_grid,2.0,2.0,moderate_rain,crash,4,held_out,train,held_out,0.5625,1.0,0.72,0.32286856646619794,18,32,226.35532333438687,fallback
urban_grid,2.0,2.0,moderate_rain,crash,5,held_out,train,held_out,0.3103448275862069,1.0,0.4736842105263158,0.2597612184572134,9,29,226.35532333438687,fallback
urban_grid,2.0,2.0,moderate_rain,crash,6,held_out,train,held_out,0.5,1.0,0.6666666666666666,0.2274652581254115,15,30,226.35532333438687,fallback
urban_grid,2.0,2.0,moderate_rain,crash,7,held_out,train,held_out,0.3103448275862069,1.0,0.4736842105263158,0.2269315636222996,9,29,226.35532333438687,fallback
urban_grid,2.0,2.0,moderate_rain,crash,8,held_out,train,held_out,0.3448275862068966,1.0,0.5128205128205129,0.2086755911095244,10,29,226.35532333438687,fallback
urban_grid,2.0,2.0,moderate_rain,crash,9,held_out,train,held_out,0.4838709677419355,1.0,0.6521739130434783,0.223960488664266,15,31,226.35532333438687,fallback
urban_grid,2.0,2.0,moderate_rain,waterlogging,0,held_out,held_out,held_out,0.59375,1.0,0.7450980392156863,0.03163477248277807,19,32,226.35532333438687,fallback
urban_grid,2.0,2.0,moderate_rain,waterlogging,1,held_out,held_out,held_out,0.625,1.0,0.7692307692307693,0.04791893176684769,20,32,226.35532333438687,fallback
urban_grid,2.0,2.0,moderate_rain,waterlogging,2,held_out,held_out,held_out,0.5,1.0,0.6666666666666666,0.19157998107435337,16,32,226.35532333438687,fallback
urban_grid,2.0,2.0,moderate_rain,waterlogging,3,held_out,held_out,held_out,0.71875,1.0,0.8363636363636363,0.1677310417905041,23,32,226.35532333438687,fallback
urban_grid,2.0,2.0,moderate_rain,waterlogging,4,held_out,held_out,held_out,0.71875,1.0,0.8363636363636363,0.08779859604536593,23,32,226.35532333438687,fallback
urban_grid,2.0,2.0,moderate_rain,waterlogging,5,held_out,held_out,held_out,0.375,1.0,0.5454545454545454,-0.07910402762576582,12,32,226.35532333438687,fallback
urban_grid,2.0,2.0,moderate_rain,waterlogging,6,held_out,held_out,held_out,0.6875,1.0,0.8148148148148148,0.07077294973706669,22,32,226.35532333438687,fallback
urban_grid,2.0,2.0,moderate_rain,waterlogging,7,held_out,held_out,held_out,0.40625,1.0,0.5777777777777777,0.2015957474576562,13,32,226.35532333438687,fallback
urban_grid,2.0,2.0,moderate_rain,waterlogging,8,held_out,held_out,held_out,0.53125,1.0,0.6938775510204082,-0.1031528136007931,17,32,226.35532333438687,fallback
urban_grid,2.0,2.0,moderate_rain,waterlogging,9,held_out,held_out,held_out,0.625,1.0,0.7692307692307693,0.25121444349911587,20,32,226.35532333438687,fallback
urban_grid,2.0,2.0,moderate_rain,black_ice,0,held_out,held_out,held_out,0.59375,1.0,0.7450980392156863,0.09843868333304186,19,32,226.35532333438687,fallback
urban_grid,2.0,2.0,moderate_rain,black_ice,1,held_out,held_out,held_out,0.625,1.0,0.7692307692307693,0.04442921809626911,20,32,226.35532333438687,fallback
urban_grid,2.0,2.0,moderate_rain,black_ice,2,held_out,held_out,held_out,0.5,1.0,0.6666666666666666,0.18463573987124338,16,32,226.35532333438687,fallback
urban_grid,2.0,2.0,moderate_rain,black_ice,3,held_out,held_out,held_out,0.71875,1.0,0.8363636363636363,0.1421615364771337,23,32,226.35532333438687,fallback
urban_grid,2.0,2.0,moderate_rain,black_ice,4,held_out,held_out,held_out,0.71875,1.0,0.8363636363636363,0.07886484811598421,23,32,226.35532333438687,fallback
urban_grid,2.0,2.0,moderate_rain,black_ice,5,held_out,held_out,held_out,0.375,1.0,0.5454545454545454,-0.0954903468708317,12,32,226.35532333438687,fallback
urban_grid,2.0,2.0,moderate_rain,black_ice,6,held_out,held_out,held_out,0.6875,1.0,0.8148148148148148,0.07941475286423537,22,32,226.35532333438687,fallback
urban_grid,2.0,2.0,moderate_rain,black_ice,7,held_out,held_out,held_out,0.40625,1.0,0.5777777777777777,0.2193793654280336,13,32,226.35532333438687,fallback
urban_grid,2.0,2.0,moderate_rain,black_ice,8,held_out,held_out,held_out,0.53125,1.0,0.6938775510204082,-0.10489256295700423,17,32,226.35532333438687,fallback
urban_grid,2.0,2.0,moderate_rain,black_ice,9,held_out,held_out,held_out,0.625,1.0,0.7692307692307693,0.2547257562885158,20,32,226.35532333438687,fallback
urban_grid,2.0,2.0,dense_fog,fog_bank,0,held_out,train,held_out,0.59375,1.0,0.7450980392156863,-0.013069563801213234,19,32,226.35532333438687,fallback
urban_grid,2.0,2.0,dense_fog,fog_bank,1,held_out,train,held_out,0.625,1.0,0.7692307692307693,0.27662556951384243,20,32,226.35532333438687,fallback
urban_grid,2.0,2.0,dense_fog,fog_bank,2,held_out,train,held_out,0.625,1.0,0.7692307692307693,0.14130051349288184,20,32,226.35532333438687,fallback
urban_grid,2.0,2.0,dense_fog,fog_bank,3,held_out,train,held_out,0.65625,1.0,0.7924528301886793,0.32243158385307225,21,32,226.35532333438687,fallback
urban_grid,2.0,2.0,dense_fog,fog_bank,4,held_out,train,held_out,0.6129032258064516,1.0,0.76,0.3649117464897991,19,31,226.35532333438687,fallback
urban_grid,2.0,2.0,dense_fog,fog_bank,5,held_out,train,held_out,0.53125,1.0,0.6938775510204082,0.07400726893467216,17,32,226.35532333438687,fallback
urban_grid,2.0,2.0,dense_fog,fog_bank,6,held_out,train,held_out,0.5,1.0,0.6666666666666666,-0.12718698840161366,16,32,226.35532333438687,fallback
urban_grid,2.0,2.0,dense_fog,fog_bank,7,held_out,train,held_out,0.5666666666666667,1.0,0.7234042553191489,0.24795802451272056,17,30,226.35532333438687,fallback
urban_grid,2.0,2.0,dense_fog,fog_bank,8,held_out,train,held_out,0.5,1.0,0.6666666666666666,0.10345618973774469,16,32,226.35532333438687,fallback
urban_grid,2.0,2.0,dense_fog,fog_bank,9,held_out,train,held_out,0.71875,1.0,0.8363636363636363,0.329735076159642,23,32,226.35532333438687,fallback
urban_grid,2.0,2.0,dense_fog,landslide,0,held_out,train,held_out,0.59375,1.0,0.7450980392156863,-0.03017976564323665,19,32,226.35532333438687,fallback
urban_grid,2.0,2.0,dense_fog,landslide,1,held_out,train,held_out,0.625,1.0,0.7692307692307693,0.2685924847982238,20,32,226.35532333438687,fallback
urban_grid,2.0,2.0,dense_fog,landslide,2,held_out,train,held_out,0.625,1.0,0.7692307692307693,0.14008580079815866,20,32,226.35532333438687,fallback
urban_grid,2.0,2.0,dense_fog,landslide,3,held_out,train,held_out,0.65625,1.0,0.7924528301886793,0.2556083213365037,21,32,226.35532333438687,fallback
urban_grid,2.0,2.0,dense_fog,landslide,4,held_out,train,held_out,0.6129032258064516,1.0,0.76,0.29172984698997995,19,31,226.35532333438687,fallback
urban_grid,2.0,2.0,dense_fog,landslide,5,held_out,train,held_out,0.53125,1.0,0.6938775510204082,0.18508831742769213,17,32,226.35532333438687,fallback
urban_grid,2.0,2.0,dense_fog,landslide,6,held_out,train,held_out,0.5,1.0,0.6666666666666666,-0.19708513377814169,16,32,226.35532333438687,fallback
urban_grid,2.0,2.0,dense_fog,landslide,7,held_out,train,held_out,0.5666666666666667,1.0,0.7234042553191489,0.24449833155047,17,30,226.35532333438687,fallback
urban_grid,2.0,2.0,dense_fog,landslide,8,held_out,train,held_out,0.5,1.0,0.6666666666666666,0.007546915924242812,16,32,226.35532333438687,fallback
urban_grid,2.0,2.0,dense_fog,landslide,9,held_out,train,held_out,0.71875,1.0,0.8363636363636363,0.1736445839216382,23,32,226.35532333438687,fallback
urban_grid,2.0,2.0,dense_fog,crash,0,held_out,train,held_out,0.42857142857142855,1.0,0.6,0.2765750131977624,12,28,226.35532333438687,fallback
urban_grid,2.0,2.0,dense_fog,crash,1,held_out,train,held_out,0.6206896551724138,1.0,0.7659574468085107,0.44396317741614005,18,29,226.35532333438687,fallback
urban_grid,2.0,2.0,dense_fog,crash,2,held_out,train,held_out,0.6333333333333333,1.0,0.7755102040816326,0.3209108547836163,19,30,226.35532333438687,fallback
urban_grid,2.0,2.0,dense_fog,crash,3,held_out,train,held_out,0.6538461538461539,1.0,0.7906976744186047,0.599600054822468,17,26,226.35532333438687,fallback
urban_grid,2.0,2.0,dense_fog,crash,4,held_out,train,held_out,0.41935483870967744,1.0,0.5909090909090909,0.36059193102794374,13,31,226.35532333438687,fallback
urban_grid,2.0,2.0,dense_fog,crash,5,held_out,train,held_out,0.4827586206896552,1.0,0.6511627906976745,0.3191869105827794,14,29,226.35532333438687,fallback
urban_grid,2.0,2.0,dense_fog,crash,6,held_out,train,held_out,0.3548387096774194,1.0,0.5238095238095238,0.29219671130403385,11,31,226.35532333438687,fallback
urban_grid,2.0,2.0,dense_fog,crash,7,held_out,train,held_out,0.4444444444444444,1.0,0.6153846153846153,0.32016488966008194,12,27,226.35532333438687,fallback
urban_grid,2.0,2.0,dense_fog,crash,8,held_out,train,held_out,0.5,1.0,0.6666666666666666,0.2360302330241843,15,30,226.35532333438687,fallback
urban_grid,2.0,2.0,dense_fog,crash,9,held_out,train,held_out,0.5483870967741935,1.0,0.7083333333333333,0.21862056675362768,17,31,226.35532333438687,fallback
urban_grid,2.0,2.0,dense_fog,waterlogging,0,held_out,held_out,held_out,0.59375,1.0,0.7450980392156863,-0.028242360393917403,19,32,226.35532333438687,fallback
urban_grid,2.0,2.0,dense_fog,waterlogging,1,held_out,held_out,held_out,0.625,1.0,0.7692307692307693,0.2696847051218558,20,32,226.35532333438687,fallback
urban_grid,2.0,2.0,dense_fog,waterlogging,2,held_out,held_out,held_out,0.625,1.0,0.7692307692307693,0.14119883318663146,20,32,226.35532333438687,fallback
urban_grid,2.0,2.0,dense_fog,waterlogging,3,held_out,held_out,held_out,0.65625,1.0,0.7924528301886793,0.274310350053006,21,32,226.35532333438687,fallback
urban_grid,2.0,2.0,dense_fog,waterlogging,4,held_out,held_out,held_out,0.6129032258064516,1.0,0.76,0.31052584046592047,19,31,226.35532333438687,fallback
urban_grid,2.0,2.0,dense_fog,waterlogging,5,held_out,held_out,held_out,0.53125,1.0,0.6938775510204082,0.1500605983696252,17,32,226.35532333438687,fallback
urban_grid,2.0,2.0,dense_fog,waterlogging,6,held_out,held_out,held_out,0.5,1.0,0.6666666666666666,-0.19282399611200454,16,32,226.35532333438687,fallback
urban_grid,2.0,2.0,dense_fog,waterlogging,7,held_out,held_out,held_out,0.5666666666666667,1.0,0.7234042553191489,0.24474406090568607,17,30,226.35532333438687,fallback
urban_grid,2.0,2.0,dense_fog,waterlogging,8,held_out,held_out,held_out,0.5,1.0,0.6666666666666666,0.03487220173920811,16,32,226.35532333438687,fallback
urban_grid,2.0,2.0,dense_fog,waterlogging,9,held_out,held_out,held_out,0.71875,1.0,0.8363636363636363,0.2214480950102567,23,32,226.35532333438687,fallback
urban_grid,2.0,2.0,dense_fog,black_ice,0,held_out,held_out,held_out,0.59375,1.0,0.7450980392156863,-0.029491848657908368,19,32,226.35532333438687,fallback
urban_grid,2.0,2.0,dense_fog,black_ice,1,held_out,held_out,held_out,0.625,1.0,0.7692307692307693,0.26915913159876853,20,32,226.35532333438687,fallback
urban_grid,2.0,2.0,dense_fog,black_ice,2,held_out,held_out,held_out,0.625,1.0,0.7692307692307693,0.14087529773320195,20,32,226.35532333438687,fallback
urban_grid,2.0,2.0,dense_fog,black_ice,3,held_out,held_out,held_out,0.65625,1.0,0.7924528301886793,0.2649949646771974,21,32,226.35532333438687,fallback
urban_grid,2.0,2.0,dense_fog,black_ice,4,held_out,held_out,held_out,0.6129032258064516,1.0,0.76,0.30117158963794627,19,31,226.35532333438687,fallback
urban_grid,2.0,2.0,dense_fog,black_ice,5,held_out,held_out,held_out,0.53125,1.0,0.6938775510204082,0.16784109049436857,17,32,226.35532333438687,fallback
urban_grid,2.0,2.0,dense_fog,black_ice,6,held_out,held_out,held_out,0.5,1.0,0.6666666666666666,-0.1973466235593115,16,32,226.35532333438687,fallback
urban_grid,2.0,2.0,dense_fog,black_ice,7,held_out,held_out,held_out,0.5666666666666667,1.0,0.7234042553191489,0.2446152532819968,17,30,226.35532333438687,fallback
urban_grid,2.0,2.0,dense_fog,black_ice,8,held_out,held_out,held_out,0.5,1.0,0.6666666666666666,0.021309302807837174,16,32,226.35532333438687,fallback
urban_grid,2.0,2.0,dense_fog,black_ice,9,held_out,held_out,held_out,0.71875,1.0,0.8363636363636363,0.1980512667052928,23,32,226.35532333438687,fallback
rural_highway,3.0,3.0,clear,fog_bank,0,train,train,train,0.8108108108108109,1.0,0.8955223880597014,0.8145479622994984,30,37,226.35532333438687,fallback
rural_highway,3.0,3.0,clear,fog_bank,1,train,train,train,0.8421052631578947,1.0,0.9142857142857143,0.835247254381352,32,38,226.35532333438687,fallback
rural_highway,3.0,3.0,clear,fog_bank,2,train,train,train,0.7435897435897436,1.0,0.8529411764705882,0.8308853111569019,29,39,226.35532333438687,fallback
rural_highway,3.0,3.0,clear,fog_bank,3,train,train,train,0.918918918918919,1.0,0.9577464788732395,0.899805281337309,34,37,226.35532333438687,fallback
rural_highway,3.0,3.0,clear,fog_bank,4,train,train,train,0.8157894736842105,1.0,0.898550724637681,0.7954197550817225,31,38,226.35532333438687,fallback
rural_highway,3.0,3.0,clear,fog_bank,5,train,train,train,0.8947368421052632,1.0,0.9444444444444444,0.8574086522999651,34,38,226.35532333438687,fallback
rural_highway,3.0,3.0,clear,fog_bank,6,train,train,train,0.9024390243902439,1.0,0.9487179487179488,0.8636394854370879,37,41,226.35532333438687,fallback
rural_highway,3.0,3.0,clear,fog_bank,7,train,train,train,0.8461538461538461,1.0,0.9166666666666666,0.8330558479611773,33,39,226.35532333438687,fallback
rural_highway,3.0,3.0,clear,fog_bank,8,train,train,train,0.8333333333333334,1.0,0.9090909090909091,0.8218832784672857,30,36,226.35532333438687,fallback
rural_highway,3.0,3.0,clear,fog_bank,9,train,train,train,0.8974358974358975,1.0,0.945945945945946,0.8627398472678854,35,39,226.35532333438687,fallback
rural_highway,3.0,3.0,clear,landslide,0,train,train,train,0.8108108108108109,1.0,0.8955223880597014,0.8229745933424429,30,37,226.35532333438687,fallback
rural_highway,3.0,3.0,clear,landslide,1,train,train,train,0.8421052631578947,1.0,0.9142857142857143,0.8481836261640875,32,38,226.35532333438687,fallback
rural_highway,3.0,3.0,clear,landslide,2,train,train,train,0.7560975609756098,1.0,0.8611111111111112,0.8424996492430757,31,41,226.35532333438687,fallback
rural_highway,3.0,3.0,clear,landslide,3,train,train,train,0.918918918918919,1.0,0.9577464788732395,0.9056531772713289,34,37,226.35532333438687,fallback
rural_highway,3.0,3.0,clear,landslide,4,train,train,train,0.8205128205128205,1.0,0.9014084507042254,0.8091414432716878,32,39,226.35532333438687,fallback
rural_highway,3.0,3.0,clear,landslide,5,train,train,train,0.8717948717948718,1.0,0.9315068493150686,0.8701938204484229,34,39,226.35532333438687,fallback
rural_highway,3.0,3.0,clear,landslide,6,train,train,train,0.9024390243902439,1.0,0.9487179487179488,0.8735795025506721,37,41,226.35532333438687,fallback
rural_highway,3.0,3.0,clear,landslide,7,train,train,train,0.8461538461538461,1.0,0.9166666666666666,0.8505507869794153,33,39,226.35532333438687,fallback
rural_highway,3.0,3.0,clear,landslide,8,train,train,train,0.8205128205128205,1.0,0.9014084507042254,0.8328369986029839,32,39,226.35532333438687,fallback
rural_highway,3.0,3.0,clear,landslide,9,train,train,train,0.9024390243902439,1.0,0.9487179487179488,0.8741633342941936,37,41,226.35532333438687,fallback
rural_highway,3.0,3.0,clear,crash,0,train,train,train,0.7777777777777778,0.4827586206896552,0.5957446808510638,0.46867235838742977,29,18,226.35532333438687,fallback
rural_highway,3.0,3.0,clear,crash,1,train,train,train,0.8421052631578947,0.5333333333333333,0.653061224489796,0.6135471595850434,30,19,226.35532333438687,fallback
rural_highway,3.0,3.0,clear,crash,2,train,train,train,0.8095238095238095,0.6296296296296297,0.7083333333333334,0.5957881447702709,27,21,226.35532333438687,fallback
rural_highway,3.0,3.0,clear,crash,3,train,train,train,0.9,0.6206896551724138,0.7346938775510204,0.6878379167122994,29,20,226.35532333438687,fallback
rural_highway,3.0,3.0,clear,crash,4,train,train,train,0.8,0.5517241379310345,0.6530612244897959,0.6296931696801048,29,20,226.35532333438687,fallback
rural_highway,3.0,3.0,clear,crash,5,train,train,train,0.8421052631578947,0.5333333333333333,0.653061224489796,0.5428241835368623,30,19,226.35532333438687,fallback
rural_highway,3.0,3.0,clear,crash,6,train,train,train,0.8695652173913043,0.5714285714285714,0.689655172413793,0.42688686869962916,35,23,226.35532333438687,fallback
rural_highway,3.0,3.0,clear,crash,7,train,train,train,0.7777777777777778,0.4827586206896552,0.5957446808510638,0.5987858020182465,29,18,226.35532333438687,fallback
rural_highway,3.0,3.0,clear,crash,8,train,train,train,0.7777777777777778,0.5185185185185185,0.6222222222222222,0.5633209912194916,27,18,226.35532333438687,fallback
rural_highway,3.0,3.0,clear,crash,9,train,train,train,0.9090909090909091,0.6451612903225806,0.7547169811320754,0.6765090885575483,31,22,226.35532333438687,fallback
rural_highway,3.0,3.0,clear,waterlogging,0,train,held_out,train,0.8108108108108109,1.0,0.8955223880597014,0.8207169496668717,30,37,226.35532333438687,fallback
rural_highway,3.0,3.0,clear,waterlogging,1,train,held_out,train,0.8421052631578947,1.0,0.9142857142857143,0.8448977113310924,32,38,226.35532333438687,fallback
rural_highway,3.0,3.0,clear,waterlogging,2,train,held_out,train,0.7560975609756098,1.0,0.8611111111111112,0.839475231622394,31,41,226.35532333438687,fallback
rural_highway,3.0,3.0,clear,waterlogging,3,train,held_out,train,0.918918918918919,1.0,0.9577464788732395,0.9041237646206087,34,37,226.35532333438687,fallback
rural_highway,3.0,3.0,clear,waterlogging,4,train,held_out,train,0.8205128205128205,1.0,0.9014084507042254,0.8055600059322032,32,39,226.35532333438687,fallback
rural_highway,3.0,3.0,clear,waterlogging,5,train,held_out,train,0.8947368421052632,1.0,0.9444444444444444,0.8668730245194793,34,38,226.35532333438687,fallback
rural_highway,3.0,3.0,clear,waterlogging,6,train,held_out,train,0.9024390243902439,1.0,0.9487179487179488,0.8710233212378586,37,41,226.35532333438687,fallback
rural_highway,3.0,3.0,clear,waterlogging,7,train,held_out,train,0.8461538461538461,1.0,0.9166666666666666,0.8460685196258113,33,39,226.35532333438687,fallback
rural_highway,3.0,3.0,clear,waterlogging,8,train,held_out,train,0.8378378378378378,1.0,0.911764705882353,0.830010033206297,31,37,226.35532333438687,fallback
rural_highway,3.0,3.0,clear,waterlogging,9,train,held_out,train,0.9,1.0,0.9473684210526316,0.871168968888845,36,40,226.35532333438687,fallback
rural_highway,3.0,3.0,clear,black_ice,0,train,held_out,train,0.8108108108108109,1.0,0.8955223880597014,0.8218484926684839,30,37,226.35532333438687,fallback
rural_highway,3.0,3.0,clear,black_ice,1,train,held_out,train,0.8421052631578947,1.0,0.9142857142857143,0.8465569064205506,32,38,226.35532333438687,fallback
rural_highway,3.0,3.0,clear,black_ice,2,train,held_out,train,0.7560975609756098,1.0,0.8611111111111112,0.8409722453996007,31,41,226.35532333438687,fallback
rural_highway,3.0,3.0,clear,black_ice,3,train,held_out,train,0.918918918918919,1.0,0.9577464788732395,0.9048924201551906,34,37,226.35532333438687,fallback
rural_highway,3.0,3.0,clear,black_ice,4,train,held_out,train,0.8205128205128205,1.0,0.9014084507042254,0.807362832191985,32,39,226.35532333438687,fallback
rural_highway,3.0,3.0,clear,black_ice,5,train,held_out,train,0.8717948717948718,1.0,0.9315068493150686,0.8685497328068028,34,39,226.35532333438687,fallback
rural_highway,3.0,3.0,clear,black_ice,6,train,held_out,train,0.9024390243902439,1.0,0.9487179487179488,0.8723121261457426,37,41,226.35532333438687,fallback
rural_highway,3.0,3.0,clear,black_ice,7,train,held_out,train,0.8461538461538461,1.0,0.9166666666666666,0.8483377922251866,33,39,226.35532333438687,fallback
rural_highway,3.0,3.0,clear,black_ice,8,train,held_out,train,0.7948717948717948,1.0,0.8857142857142858,0.8314314247964818,31,39,226.35532333438687,fallback
rural_highway,3.0,3.0,clear,black_ice,9,train,held_out,train,0.9024390243902439,1.0,0.9487179487179488,0.8726786692976635,37,41,226.35532333438687,fallback
rural_highway,3.0,3.0,heavy_rain,fog_bank,0,train,train,train,0.7878787878787878,1.0,0.8813559322033898,0.8164323349674723,26,33,226.35532333438687,fallback
rural_highway,3.0,3.0,heavy_rain,fog_bank,1,train,train,train,0.8378378378378378,1.0,0.911764705882353,0.7883555004597944,31,37,226.35532333438687,fallback
rural_highway,3.0,3.0,heavy_rain,fog_bank,2,train,train,train,0.7428571428571429,1.0,0.8524590163934427,0.818915422165724,26,35,226.35532333438687,fallback
rural_highway,3.0,3.0,heavy_rain,fog_bank,3,train,train,train,0.8888888888888888,1.0,0.9411764705882353,0.860423243296045,32,36,226.35532333438687,fallback
rural_highway,3.0,3.0,heavy_rain,fog_bank,4,train,train,train,0.7948717948717948,1.0,0.8857142857142858,0.8074734630466602,31,39,226.35532333438687,fallback
rural_highway,3.0,3.0,heavy_rain,fog_bank,5,train,train,train,0.8611111111111112,1.0,0.9253731343283582,0.8786764448912666,31,36,226.35532333438687,fallback
rural_highway,3.0,3.0,heavy_rain,fog_bank,6,train,train,train,0.8108108108108109,1.0,0.8955223880597014,0.8183345524209882,30,37,226.35532333438687,fallback
rural_highway,3.0,3.0,heavy_rain,fog_bank,7,train,train,train,0.8421052631578947,1.0,0.9142857142857143,0.8082005051487777,32,38,226.35532333438687,fallback
rural_highway,3.0,3.0,heavy_rain,fog_bank,8,train,train,train,0.8108108108108109,1.0,0.8955223880597014,0.8200005280740477,30,37,226.35532333438687,fallback
rural_highway,3.0,3.0,heavy_rain,fog_bank,9,train,train,train,0.8888888888888888,1.0,0.9411764705882353,0.8480362601173209,32,36,226.35532333438687,fallback
rural_highway,3.0,3.0,heavy_rain,landslide,0,train,train,train,0.7878787878787878,1.0,0.8813559322033898,0.825684851703052,26,33,226.35532333438687,fallback
rural_highway,3.0,3.0,heavy_rain,landslide,1,train,train,train,0.8421052631578947,1.0,0.9142857142857143,0.8070772047019563,32,38,226.35532333438687,fallback
rural_highway,3.0,3.0,heavy_rain,landslide,2,train,train,train,0.7428571428571429,1.0,0.8524590163934427,0.8321779624492631,26,35,226.35532333438687,fallback
rural_highway,3.0,3.0,heavy_rain,landslide,3,train,train,train,0.8888888888888888,1.0,0.9411764705882353,0.8697481516596616,32,36,226.35532333438687,fallback
rural_highway,3.0,3.0,heavy_rain,landslide,4,train,train,train,0.7948717948717948,1.0,0.8857142857142858,0.8197115705273432,31,39,226.35532333438687,fallback
rural_highway,3.0,3.0,heavy_rain,landslide,5,train,train,train,0.8611111111111112,1.0,0.9253731343283582,0.887648561211675,31,36,226.35532333438687,fallback
rural_highway,3.0,3.0,heavy_rain,landslide,6,train,train,train,0.8108108108108109,1.0,0.8955223880597014,0.8315291835960914,30,37,226.35532333438687,fallback
rural_highway,3.0,3.0,heavy_rain,landslide,7,train,train,train,0.8421052631578947,1.0,0.9142857142857143,0.8245006743883176,32,38,226.35532333438687,fallback
rural_highway,3.0,3.0,heavy_rain,landslide,8,train,train,train,0.8108108108108109,1.0,0.8955223880597014,0.8334309861320425,30,37,226.35532333438687,fallback
rural_highway,3.0,3.0,heavy_rain,landslide,9,train,train,train,0.8888888888888888,1.0,0.9411764705882353,0.8586541200613886,32,36,226.35532333438687,fallback
rural_highway,3.0,3.0,heavy_rain,crash,0,train,train,train,0.7777777777777778,0.56,0.6511627906976745,0.5468037390616441,25,18,226.35532333438687,fallback
rural_highway,3.0,3.0,heavy_rain,crash,1,train,train,train,0.85,0.5666666666666667,0.68,0.5804046948162127,30,20,226.35532333438687,fallback
rural_highway,3.0,3.0,heavy_rain,crash,2,train,train,train,0.6875,0.4583333333333333,0.5499999999999999,0.6035757745339244,24,16,226.35532333438687,fallback
rural_highway,3.0,3.0,heavy_rain,crash,3,train,train,train,0.8888888888888888,0.5714285714285714,0.6956521739130435,0.6612044864052946,28,18,226.35532333438687,fallback
rural_highway,3.0,3.0,heavy_rain,crash,4,train,train,train,0.8571428571428571,0.6206896551724138,0.7200000000000001,0.5235491717965398,29,21,226.35532333438687,fallback
rural_highway,3.0,3.0,heavy_rain,crash,5,train,train,train,0.8095238095238095,0.6296296296296297,0.7083333333333334,0.6325902377967023,27,21,226.35532333438687,fallback
rural_highway,3.0,3.0,heavy_rain,crash,6,train,train,train,0.7368421052631579,0.5,0.5957446808510638,0.4859209243930215,28,19,226.35532333438687,fallback
rural_highway,3.0,3.0,heavy_rain,crash,7,train,train,train,0.8333333333333334,0.5172413793103449,0.6382978723404256,0.6292492210711992,29,18,226.35532333438687,fallback
rural_highway,3.0,3.0,heavy_rain,crash,8,train,train,train,0.7368421052631579,0.5,0.5957446808510638,0.48482554313075116,28,19,226.35532333438687,fallback
rural_highway,3.0,3.0,heavy_rain,crash,9,train,train,train,0.8888888888888888,0.5925925925925926,0.711111111111111,0.6739058099928559,27,18,226.35532333438687,fallback
rural_highway,3.0,3.0,heavy_rain,waterlogging,0,train,held_out,train,0.7878787878787878,1.0,0.8813559322033898,0.8232571760800103,26,33,226.35532333438687,fallback
rural_highway,3.0,3.0,heavy_rain,waterlogging,1,train,held_out,train,0.8378378378378378,1.0,0.911764705882353,0.8023502891498985,31,37,226.35532333438687,fallback
rural_highway,3.0,3.0,heavy_rain,waterlogging,2,train,held_out,train,0.7428571428571429,1.0,0.8524590163934427,0.8287556253572976,26,35,226.35532333438687,fallback
rural_highway,3.0,3.0,heavy_rain,waterlogging,3,train,held_out,train,0.8888888888888888,1.0,0.9411764705882353,0.8673123623086695,32,36,226.35532333438687,fallback
rural_highway,3.0,3.0,heavy_rain,waterlogging,4,train,held_out,train,0.7948717948717948,1.0,0.8857142857142858,0.8164358368828355,31,39,226.35532333438687,fallback
rural_highway,3.0,3.0,heavy_rain,waterlogging,5,train,held_out,train,0.8611111111111112,1.0,0.9253731343283582,0.8852826874353575,31,36,226.35532333438687,fallback
rural_highway,3.0,3.0,heavy_rain,waterlogging,6,train,held_out,train,0.8108108108108109,1.0,0.8955223880597014,0.8281408758771128,30,37,226.35532333438687,fallback
rural_highway,3.0,3.0,heavy_rain,waterlogging,7,train,held_out,train,0.8421052631578947,1.0,0.9142857142857143,0.8202120902778398,32,38,226.35532333438687,fallback
rural_highway,3.0,3.0,heavy_rain,waterlogging,8,train,held_out,train,0.8108108108108109,1.0,0.8955223880597014,0.8299774903417468,30,37,226.35532333438687,fallback
rural_highway,3.0,3.0,heavy_rain,waterlogging,9,train,held_out,train,0.8888888888888888,1.0,0.9411764705882353,0.8558625304010118,32,36,226.35532333438687,fallback
rural_highway,3.0,3.0,heavy_rain,black_ice,0,train,held_out,train,0.7878787878787878,1.0,0.8813559322033898,0.8244771081446814,26,33,226.35532333438687,fallback
rural_highway,3.0,3.0,heavy_rain,black_ice,1,train,held_out,train,0.8421052631578947,1.0,0.9142857142857143,0.8047396765594353,32,38,226.35532333438687,fallback
rural_highway,3.0,3.0,heavy_rain,black_ice,2,train,held_out,train,0.7428571428571429,1.0,0.8524590163934427,0.8304810437053513,26,35,226.35532333438687,fallback
rural_highway,3.0,3.0,heavy_rain,black_ice,3,train,held_out,train,0.8888888888888888,1.0,0.9411764705882353,0.8685375100533191,32,36,226.35532333438687,fallback
rural_highway,3.0,3.0,heavy_rain,black_ice,4,train,held_out,train,0.7948717948717948,1.0,0.8857142857142858,0.8180847750162483,31,39,226.35532333438687,fallback
rural_highway,3.0,3.0,heavy_rain,black_ice,5,train,held_out,train,0.8611111111111112,1.0,0.9253731343283582,0.8864749623748034,31,36,226.35532333438687,fallback
rural_highway,3.0,3.0,heavy_rain,black_ice,6,train,held_out,train,0.8108108108108109,1.0,0.8955223880597014,0.829849940555137,30,37,226.35532333438687,fallback
rural_highway,3.0,3.0,heavy_rain,black_ice,7,train,held_out,train,0.8421052631578947,1.0,0.9142857142857143,0.8223750668071141,32,38,226.35532333438687,fallback
rural_highway,3.0,3.0,heavy_rain,black_ice,8,train,held_out,train,0.8108108108108109,1.0,0.8955223880597014,0.8317182855358634,30,37,226.35532333438687,fallback
rural_highway,3.0,3.0,heavy_rain,black_ice,9,train,held_out,train,0.8888888888888888,1.0,0.9411764705882353,0.8572680826493014,32,36,226.35532333438687,fallback
rural_highway,3.0,3.0,moderate_rain,fog_bank,0,train,train,held_out,0.7105263157894737,1.0,0.8307692307692308,0.8190157360123076,27,38,226.35532333438687,fallback
rural_highway,3.0,3.0,moderate_rain,fog_bank,1,train,train,held_out,0.868421052631579,1.0,0.9295774647887324,0.8276156267065274,33,38,226.35532333438687,fallback
rural_highway,3.0,3.0,moderate_rain,fog_bank,2,train,train,held_out,0.6842105263157895,1.0,0.8125000000000001,0.8185027026312838,26,38,226.35532333438687,fallback
rural_highway,3.0,3.0,moderate_rain,fog_bank,3,train,train,held_out,0.8421052631578947,1.0,0.9142857142857143,0.8987121784061092,32,38,226.35532333438687,fallback
rural_highway,3.0,3.0,moderate_rain,fog_bank,4,train,train,held_out,0.8421052631578947,1.0,0.9142857142857143,0.8192208089667157,32,38,226.35532333438687,fallback
rural_highway,3.0,3.0,moderate_rain,fog_bank,5,train,train,held_out,0.8947368421052632,1.0,0.9444444444444444,0.8460823996638515,34,38,226.35532333438687,fallback
rural_highway,3.0,3.0,moderate_rain,fog_bank,6,train,train,held_out,0.8333333333333334,1.0,0.9090909090909091,0.8333910885289025,30,36,226.35532333438687,fallback
rural_highway,3.0,3.0,moderate_rain,fog_bank,7,train,train,held_out,0.8421052631578947,1.0,0.9142857142857143,0.829484959132679,32,38,226.35532333438687,fallback
rural_highway,3.0,3.0,moderate_rain,fog_bank,8,train,train,held_out,0.8285714285714286,1.0,0.90625,0.8242318491285302,29,35,226.35532333438687,fallback
rural_highway,3.0,3.0,moderate_rain,fog_bank,9,train,train,held_out,0.8421052631578947,1.0,0.9142857142857143,0.855397709742116,32,38,226.35532333438687,fallback
rural_highway,3.0,3.0,moderate_rain,landslide,0,train,train,held_out,0.7804878048780488,1.0,0.8767123287671234,0.8267234743025045,32,41,226.35532333438687,fallback
rural_highway,3.0,3.0,moderate_rain,landslide,1,train,train,held_out,0.868421052631579,1.0,0.9295774647887324,0.8422043379243657,33,38,226.35532333438687,fallback
rural_highway,3.0,3.0,moderate_rain,landslide,2,train,train,held_out,0.6842105263157895,1.0,0.8125000000000001,0.8300564549810613,26,38,226.35532333438687,fallback
rural_highway,3.0,3.0,moderate_rain,landslide,3,train,train,held_out,0.8421052631578947,1.0,0.9142857142857143,0.9061300514806436,32,38,226.35532333438687,fallback
rural_highway,3.0,3.0,moderate_rain,landslide,4,train,train,held_out,0.8421052631578947,1.0,0.9142857142857143,0.8301573558235311,32,38,226.35532333438687,fallback
rural_highway,3.0,3.0,moderate_rain,landslide,5,train,train,held_out,0.8947368421052632,1.0,0.9444444444444444,0.8583148847759321,34,38,226.35532333438687,fallback
rural_highway,3.0,3.0,moderate_rain,landslide,6,train,train,held_out,0.8333333333333334,1.0,0.9090909090909091,0.8459851819072782,30,36,226.35532333438687,fallback
rural_highway,3.0,3.0,moderate_rain,landslide,7,train,train,held_out,0.8421052631578947,1.0,0.9142857142857143,0.8490474691388961,32,38,226.35532333438687,fallback
rural_highway,3.0,3.0,moderate_rain,landslide,8,train,train,held_out,0.8285714285714286,1.0,0.90625,0.8369990552448722,29,35,226.35532333438687,fallback
rural_highway,3.0,3.0,moderate_rain,landslide,9,train,train,held_out,0.8421052631578947,1.0,0.9142857142857143,0.865882972784748,32,38,226.35532333438687,fallback
rural_highway,3.0,3.0,moderate_rain,crash,0,train,train,held_out,0.7,0.5384615384615384,0.608695652173913,0.5345020740877243,26,20,226.35532333438687,fallback
rural_highway,3.0,3.0,moderate_rain,crash,1,train,train,held_out,0.8947368421052632,0.5483870967741935,0.6799999999999999,0.6126771616530328,31,19,226.35532333438687,fallback
rural_highway,3.0,3.0,moderate_rain,crash,2,train,train,held_out,0.8,0.6956521739130435,0.7441860465116279,0.6520901918453834,23,20,226.35532333438687,fallback
rural_highway,3.0,3.0,moderate_rain,crash,3,train,train,held_out,0.8181818181818182,0.6666666666666666,0.7346938775510203,0.6540057487739578,27,22,226.35532333438687,fallback
rural_highway,3.0,3.0,moderate_rain,crash,4,train,train,held_out,0.7894736842105263,0.5172413793103449,0.625,0.5849571138924263,29,19,226.35532333438687,fallback
rural_highway,3.0,3.0,moderate_rain,crash,5,train,train,held_out,0.85,0.5666666666666667,0.68,0.5604798963352914,30,20,226.35532333438687,fallback
rural_highway,3.0,3.0,moderate_rain,crash,6,train,train,held_out,0.7894736842105263,0.5357142857142857,0.6382978723404255,0.44384626767171964,28,19,226.35532333438687,fallback
rural_highway,3.0,3.0,moderate_rain,crash,7,train,train,held_out,0.7777777777777778,0.4827586206896552,0.5957446808510638,0.5226479619740306,29,18,226.35532333438687,fallback
rural_highway,3.0,3.0,moderate_rain,crash,8,train,train,held_out,0.7894736842105263,0.5769230769230769,0.6666666666666666,0.5667859516315956,26,19,226.35532333438687,fallback
rural_highway,3.0,3.0,moderate_rain,crash,9,train,train,held_out,0.8,0.5925925925925926,0.6808510638297872,0.7079419245923306,27,20,226.35532333438687,fallback
rural_highway,3.0,3.0,moderate_rain,waterlogging,0,train,held_out,held_out,0.75,1.0,0.8571428571428571,0.8246721827649035,30,40,226.35532333438687,fallback
rural_highway,3.0,3.0,moderate_rain,waterlogging,1,train,held_out,held_out,0.868421052631579,1.0,0.9295774647887324,0.8383946776387766,33,38,226.35532333438687,fallback
rural_highway,3.0,3.0,moderate_rain,waterlogging,2,train,held_out,held_out,0.6842105263157895,1.0,0.8125000000000001,0.8270714951565088,26,38,226.35532333438687,fallback
rural_highway,3.0,3.0,moderate_rain,waterlogging,3,train,held_out,held_out,0.8421052631578947,1.0,0.9142857142857143,0.9041954218157985,32,38,226.35532333438687,fallback
rural_highway,3.0,3.0,moderate_rain,waterlogging,4,train,held_out,held_out,0.8421052631578947,1.0,0.9142857142857143,0.8272925306136703,32,38,226.35532333438687,fallback
rural_highway,3.0,3.0,moderate_rain,waterlogging,5,train,held_out,held_out,0.8947368421052632,1.0,0.9444444444444444,0.855109572985773,34,38,226.35532333438687,fallback
rural_highway,3.0,3.0,moderate_rain,waterlogging,6,train,held_out,held_out,0.8333333333333334,1.0,0.9090909090909091,0.8427566784603177,30,36,226.35532333438687,fallback
rural_highway,3.0,3.0,moderate_rain,waterlogging,7,train,held_out,held_out,0.8421052631578947,1.0,0.9142857142857143,0.8440349468817278,32,38,226.35532333438687,fallback
rural_highway,3.0,3.0,moderate_rain,waterlogging,8,train,held_out,held_out,0.8285714285714286,1.0,0.90625,0.8337010443422724,29,35,226.35532333438687,fallback
rural_highway,3.0,3.0,moderate_rain,waterlogging,9,train,held_out,held_out,0.8421052631578947,1.0,0.9142857142857143,0.8631126386746899,32,38,226.35532333438687,fallback
rural_highway,3.0,3.0,moderate_rain,black_ice,0,train,held_out,held_out,0.7317073170731707,1.0,0.8450704225352113,0.8257010317740145,30,41,226.35532333438687,fallback
rural_highway,3.0,3.0,moderate_rain,black_ice,1,train,held_out,held_out,0.868421052631579,1.0,0.9295774647887324,0.8403159847114071,33,38,226.35532333438687,fallback
rural_highway,3.0,3.0,moderate_rain,black_ice,2,train,held_out,held_out,0.6842105263157895,1.0,0.8125000000000001,0.8285759147903832,26,38,226.35532333438687,fallback
rural_highway,3.0,3.0,moderate_rain,black_ice,3,train,held_out,held_out,0.8421052631578947,1.0,0.9142857142857143,0.9051696225823455,32,38,226.35532333438687,fallback
rural_highway,3.0,3.0,moderate_rain,black_ice,4,train,held_out,held_out,0.8421052631578947,1.0,0.9142857142857143,0.8287336951773036,32,38,226.35532333438687,fallback
rural_highway,3.0,3.0,moderate_rain,black_ice,5,train,held_out,held_out,0.8947368421052632,1.0,0.9444444444444444,0.8567257275993079,34,38,226.35532333438687,fallback
rural_highway,3.0,3.0,moderate_rain,black_ice,6,train,held_out,held_out,0.8333333333333334,1.0,0.9090909090909091,0.844385791068733,30,36,226.35532333438687,fallback
rural_highway,3.0,3.0,moderate_rain,black_ice,7,train,held_out,held_out,0.8421052631578947,1.0,0.9142857142857143,0.8465753665629517,32,38,226.35532333438687,fallback
rural_highway,3.0,3.0,moderate_rain,black_ice,8,train,held_out,held_out,0.8285714285714286,1.0,0.90625,0.8353630397547993,29,35,226.35532333438687,fallback
rural_highway,3.0,3.0,moderate_rain,black_ice,9,train,held_out,held_out,0.8421052631578947,1.0,0.9142857142857143,0.8645083532655556,32,38,226.35532333438687,fallback
rural_highway,3.0,3.0,dense_fog,fog_bank,0,train,train,held_out,0.8,1.0,0.888888888888889,0.8056592804546352,28,35,226.35532333438687,fallback
rural_highway,3.0,3.0,dense_fog,fog_bank,1,train,train,held_out,0.8285714285714286,1.0,0.90625,0.7835731343333925,29,35,226.35532333438687,fallback
rural_highway,3.0,3.0,dense_fog,fog_bank,2,train,train,held_out,0.7333333333333333,1.0,0.846153846153846,0.8143202438652261,22,30,226.35532333438687,fallback
rural_highway,3.0,3.0,dense_fog,fog_bank,3,train,train,held_out,0.8787878787878788,1.0,0.9354838709677419,0.8597230144509793,29,33,226.35532333438687,fallback
rural_highway,3.0,3.0,dense_fog,fog_bank,4,train,train,held_out,0.8,1.0,0.888888888888889,0.8073082382118464,28,35,226.35532333438687,fallback
rural_highway,3.0,3.0,dense_fog,fog_bank,5,train,train,held_out,0.8787878787878788,1.0,0.9354838709677419,0.8694661888498392,29,33,226.35532333438687,fallback
rural_highway,3.0,3.0,dense_fog,fog_bank,6,train,train,held_out,0.8285714285714286,1.0,0.90625,0.786538081747737,29,35,226.35532333438687,fallback
rural_highway,3.0,3.0,dense_fog,fog_bank,7,train,train,held_out,0.8333333333333334,1.0,0.9090909090909091,0.7911538440222768,30,36,226.35532333438687,fallback
rural_highway,3.0,3.0,dense_fog,fog_bank,8,train,train,held_out,0.8235294117647058,1.0,0.9032258064516129,0.8148745757527914,28,34,226.35532333438687,fallback
rural_highway,3.0,3.0,dense_fog,fog_bank,9,train,train,held_out,0.875,1.0,0.9333333333333333,0.8444186103245096,28,32,226.35532333438687,fallback
rural_highway,3.0,3.0,dense_fog,landslide,0,train,train,held_out,0.8,1.0,0.888888888888889,0.8155729024965925,28,35,226.35532333438687,fallback
rural_highway,3.0,3.0,dense_fog,landslide,1,train,train,held_out,0.8285714285714286,1.0,0.90625,0.8047787490124433,29,35,226.35532333438687,fallback
rural_highway,3.0,3.0,dense_fog,landslide,2,train,train,held_out,0.7419354838709677,1.0,0.8518518518518519,0.8285218629367229,23,31,226.35532333438687,fallback
rural_highway,3.0,3.0,dense_fog,landslide,3,train,train,held_out,0.8787878787878788,1.0,0.9354838709677419,0.8692083919020233,29,33,226.35532333438687,fallback
rural_highway,3.0,3.0,dense_fog,landslide,4,train,train,held_out,0.8,1.0,0.888888888888889,0.8192961920942956,28,35,226.35532333438687,fallback
rural_highway,3.0,3.0,dense_fog,landslide,5,train,train,held_out,0.8787878787878788,1.0,0.9354838709677419,0.8781520475982899,29,33,226.35532333438687,fallback
rural_highway,3.0,3.0,dense_fog,landslide,6,train,train,held_out,0.8333333333333334,1.0,0.9090909090909091,0.8028408876896633,30,36,226.35532333438687,fallback
rural_highway,3.0,3.0,dense_fog,landslide,7,train,train,held_out,0.8648648648648649,1.0,0.927536231884058,0.8051309062095748,32,37,226.35532333438687,fallback
rural_highway,3.0,3.0,dense_fog,landslide,8,train,train,held_out,0.8235294117647058,1.0,0.9032258064516129,0.8298469301714276,28,34,226.35532333438687,fallback
rural_highway,3.0,3.0,dense_fog,landslide,9,train,train,held_out,0.875,1.0,0.9333333333333333,0.8542751337552973,28,32,226.35532333438687,fallback
rural_highway,3.0,3.0,dense_fog,crash,0,train,train,held_out,0.7647058823529411,0.48148148148148145,0.5909090909090909,0.5392821763300468,27,17,226.35532333438687,fallback
rural_highway,3.0,3.0,dense_fog,crash,1,train,train,held_out,0.8421052631578947,0.5517241379310345,0.6666666666666666,0.567917328694148,29,19,226.35532333438687,fallback
rural_highway,3.0,3.0,dense_fog,crash,2,train,train,held_out,0.7333333333333333,0.55,0.6285714285714286,0.5865636362137153,20,15,226.35532333438687,fallback
rural_highway,3.0,3.0,dense_fog,crash,3,train,train,held_out,0.8888888888888888,0.5925925925925926,0.711111111111111,0.6029684357919168,27,18,226.35532333438687,fallback
rural_highway,3.0,3.0,dense_fog,crash,4,train,train,held_out,0.8235294117647058,0.5384615384615384,0.6511627906976744,0.479388277704272,26,17,226.35532333438687,fallback
rural_highway,3.0,3.0,dense_fog,crash,5,train,train,held_out,0.8333333333333334,0.6,0.6976744186046512,0.6582630664619407,25,18,226.35532333438687,fallback
rural_highway,3.0,3.0,dense_fog,crash,6,train,train,held_out,0.7647058823529411,0.48148148148148145,0.5909090909090909,0.46299048693338435,27,17,226.35532333438687,fallback
rural_highway,3.0,3.0,dense_fog,crash,7,train,train,held_out,0.8823529411764706,0.5,0.6382978723404256,0.5956945753740828,30,17,226.35532333438687,fallback
rural_highway,3.0,3.0,dense_fog,crash,8,train,train,held_out,0.75,0.46153846153846156,0.5714285714285714,0.4483557472883998,26,16,226.35532333438687,fallback
rural_highway,3.0,3.0,dense_fog,crash,9,train,train,held_out,0.875,0.6086956521739131,0.717948717948718,0.717886035419519,23,16,226.35532333438687,fallback
rural_highway,3.0,3.0,dense_fog,waterlogging,0,train,held_out,held_out,0.8,1.0,0.888888888888889,0.8129771668278455,28,35,226.35532333438687,fallback
rural_highway,3.0,3.0,dense_fog,waterlogging,1,train,held_out,held_out,0.8285714285714286,1.0,0.90625,0.7993130060797518,29,35,226.35532333438687,fallback
rural_highway,3.0,3.0,dense_fog,waterlogging,2,train,held_out,held_out,0.7419354838709677,1.0,0.8518518518518519,0.8248596549674111,23,31,226.35532333438687,fallback
rural_highway,3.0,3.0,dense_fog,waterlogging,3,train,held_out,held_out,0.8787878787878788,1.0,0.9354838709677419,0.8667479487102768,29,33,226.35532333438687,fallback
rural_highway,3.0,3.0,dense_fog,waterlogging,4,train,held_out,held_out,0.8,1.0,0.888888888888889,0.8161621554794307,28,35,226.35532333438687,fallback
rural_highway,3.0,3.0,dense_fog,waterlogging,5,train,held_out,held_out,0.8787878787878788,1.0,0.9354838709677419,0.8758464108457955,29,33,226.35532333438687,fallback
rural_highway,3.0,3.0,dense_fog,waterlogging,6,train,held_out,held_out,0.8333333333333334,1.0,0.9090909090909091,0.798700893548655,30,36,226.35532333438687,fallback
rural_highway,3.0,3.0,dense_fog,waterlogging,7,train,held_out,held_out,0.8648648648648649,1.0,0.927536231884058,0.8013734961125953,32,37,226.35532333438687,fallback
rural_highway,3.0,3.0,dense_fog,waterlogging,8,train,held_out,held_out,0.8235294117647058,1.0,0.9032258064516129,0.8260060135752346,28,34,226.35532333438687,fallback
rural_highway,3.0,3.0,dense_fog,waterlogging,9,train,held_out,held_out,0.875,1.0,0.9333333333333333,0.8516927239184364,28,32,226.35532333438687,fallback
rural_highway,3.0,3.0,dense_fog,black_ice,0,train,held_out,held_out,0.8,1.0,0.888888888888889,0.8142813187390332,28,35,226.35532333438687,fallback
rural_highway,3.0,3.0,dense_fog,black_ice,1,train,held_out,held_out,0.8285714285714286,1.0,0.90625,0.8020199309671291,29,35,226.35532333438687,fallback
rural_highway,3.0,3.0,dense_fog,black_ice,2,train,held_out,held_out,0.7419354838709677,1.0,0.8518518518518519,0.8267068817920423,23,31,226.35532333438687,fallback
rural_highway,3.0,3.0,dense_fog,black_ice,3,train,held_out,held_out,0.8787878787878788,1.0,0.9354838709677419,0.8679865691384134,29,33,226.35532333438687,fallback
rural_highway,3.0,3.0,dense_fog,black_ice,4,train,held_out,held_out,0.8,1.0,0.888888888888889,0.8177386553062082,28,35,226.35532333438687,fallback
rural_highway,3.0,3.0,dense_fog,black_ice,5,train,held_out,held_out,0.8787878787878788,1.0,0.9354838709677419,0.8770061506869979,29,33,226.35532333438687,fallback
rural_highway,3.0,3.0,dense_fog,black_ice,6,train,held_out,held_out,0.8333333333333334,1.0,0.9090909090909091,0.8007906487920402,30,36,226.35532333438687,fallback
rural_highway,3.0,3.0,dense_fog,black_ice,7,train,held_out,held_out,0.8648648648648649,1.0,0.927536231884058,0.8032630349398101,32,37,226.35532333438687,fallback
rural_highway,3.0,3.0,dense_fog,black_ice,8,train,held_out,held_out,0.8235294117647058,1.0,0.9032258064516129,0.8279439250102615,28,34,226.35532333438687,fallback
rural_highway,3.0,3.0,dense_fog,black_ice,9,train,held_out,held_out,0.875,1.0,0.9333333333333333,0.8529928459057778,28,32,226.35532333438687,fallback
urban_nlos,3.0,3.0,clear,fog_bank,0,train,train,train,0.5857142857142857,1.0,0.7387387387387387,0.18033653693425986,41,70,226.35532333438687,fallback
urban_nlos,3.0,3.0,clear,fog_bank,1,train,train,train,0.5211267605633803,1.0,0.6851851851851851,0.00307038235366624,37,71,226.35532333438687,fallback
urban_nlos,3.0,3.0,clear,fog_bank,2,train,train,train,0.5555555555555556,1.0,0.7142857142857143,0.13728080306966225,40,72,226.35532333438687,fallback
urban_nlos,3.0,3.0,clear,fog_bank,3,train,train,train,0.5774647887323944,1.0,0.7321428571428571,0.07805104243784544,41,71,226.35532333438687,fallback
urban_nlos,3.0,3.0,clear,fog_bank,4,train,train,train,0.5915492957746479,1.0,0.743362831858407,0.12606082297782623,42,71,226.35532333438687,fallback
urban_nlos,3.0,3.0,clear,fog_bank,5,train,train,train,0.6111111111111112,1.0,0.7586206896551725,-0.05599641394365709,44,72,226.35532333438687,fallback
urban_nlos,3.0,3.0,clear,fog_bank,6,train,train,train,0.6111111111111112,1.0,0.7586206896551725,0.08305656610969231,44,72,226.35532333438687,fallback
urban_nlos,3.0,3.0,clear,fog_bank,7,train,train,train,0.5070422535211268,1.0,0.6728971962616822,0.003424485091535805,36,71,226.35532333438687,fallback
urban_nlos,3.0,3.0,clear,fog_bank,8,train,train,train,0.5070422535211268,1.0,0.6728971962616822,0.19247956530676974,36,71,226.35532333438687,fallback
urban_nlos,3.0,3.0,clear,fog_bank,9,train,train,train,0.625,1.0,0.7692307692307693,0.011756197820834714,45,72,226.35532333438687,fallback
urban_nlos,3.0,3.0,clear,landslide,0,train,train,train,0.5857142857142857,1.0,0.7387387387387387,0.19354795491511717,41,70,226.35532333438687,fallback
urban_nlos,3.0,3.0,clear,landslide,1,train,train,train,0.5211267605633803,1.0,0.6851851851851851,0.05400272210273118,37,71,226.35532333438687,fallback
urban_nlos,3.0,3.0,clear,landslide,2,train,train,train,0.5555555555555556,1.0,0.7142857142857143,0.10327174079211335,40,72,226.35532333438687,fallback
urban_nlos,3.0,3.0,clear,landslide,3,train,train,train,0.5774647887323944,1.0,0.7321428571428571,0.10705410892339287,41,71,226.35532333438687,fallback
urban_nlos,3.0,3.0,clear,landslide,4,train,train,train,0.5915492957746479,1.0,0.743362831858407,0.15298832967990517,42,71,226.35532333438687,fallback
urban_nlos,3.0,3.0,clear,landslide,5,train,train,train,0.6111111111111112,1.0,0.7586206896551725,-0.045912126153320555,44,72,226.35532333438687,fallback
urban_nlos,3.0,3.0,clear,landslide,6,train,train,train,0.6111111111111112,1.0,0.7586206896551725,-0.025229542328184088,44,72,226.35532333438687,fallback
urban_nlos,3.0,3.0,clear,landslide,7,train,train,train,0.5070422535211268,1.0,0.6728971962616822,0.038549881331206244,36,71,226.35532333438687,fallback
urban_nlos,3.0,3.0,clear,landslide,8,train,train,train,0.5070422535211268,1.0,0.6728971962616822,0.14836499539855935,36,71,226.35532333438687,fallback
urban_nlos,3.0,3.0,clear,landslide,9,train,train,train,0.625,1.0,0.7692307692307693,-0.08453227058967841,45,72,226.35532333438687,fallback
urban_nlos,3.0,3.0,clear,crash,0,train,train,train,0.5797101449275363,1.0,0.7339449541284404,0.2771457375770148,40,69,226.35532333438687,fallback
urban_nlos,3.0,3.0,clear,crash,1,train,train,train,0.4411764705882353,1.0,0.6122448979591837,0.16122225993692657,30,68,226.35532333438687,fallback
urban_nlos,3.0,3.0,clear,crash,2,train,train,train,0.5797101449275363,1.0,0.7339449541284404,0.23068887940222493,40,69,226.35532333438687,fallback
urban_nlos,3.0,3.0,clear,crash,3,train,train,train,0.582089552238806,1.0,0.7358490566037735,0.2460513007401807,39,67,226.35532333438687,fallback
urban_nlos,3.0,3.0,clear,crash,4,train,train,train,0.5774647887323944,1.0,0.7321428571428571,0.11993737983963032,41,71,226.35532333438687,fallback
urban_nlos,3.0,3.0,clear,crash,5,train,train,train,0.5909090909090909,1.0,0.7428571428571429,0.2915399783909962,39,66,226.35532333438687,fallback
urban_nlos,3.0,3.0,clear,crash,6,train,train,train,0.5833333333333334,1.0,0.7368421052631579,0.11791892750328038,42,72,226.35532333438687,fallback
urban_nlos,3.0,3.0,clear,crash,7,train,train,train,0.5294117647058824,1.0,0.6923076923076924,0.19004545704475456,36,68,226.35532333438687,fallback
urban_nlos,3.0,3.0,clear,crash,8,train,train,train,0.5522388059701493,1.0,0.7115384615384616,0.31495231097301335,37,67,226.35532333438687,fallback
urban_nlos,3.0,3.0,clear,crash,9,train,train,train,0.5797101449275363,1.0,0.7339449541284404,0.20924973821504564,40,69,226.35532333438687,fallback
urban_nlos,3.0,3.0,clear,waterlogging,0,train,held_out,train,0.5857142857142857,1.0,0.7387387387387387,0.18963878078397675,41,70,226.35532333438687,fallback
urban_nlos,3.0,3.0,clear,waterlogging,1,train,held_out,train,0.5211267605633803,1.0,0.6851851851851851,0.03934974086292978,37,71,226.35532333438687,fallback
urban_nlos,3.0,3.0,clear,waterlogging,2,train,held_out,train,0.5555555555555556,1.0,0.7142857142857143,0.11220560838210315,40,72,226.35532333438687,fallback
urban_nlos,3.0,3.0,clear,waterlogging,3,train,held_out,train,0.5774647887323944,1.0,0.7321428571428571,0.09852424029386793,41,71,226.35532333438687,fallback
urban_nlos,3.0,3.0,clear,waterlogging,4,train,held_out,train,0.5915492957746479,1.0,0.743362831858407,0.145430596272656,42,71,226.35532333438687,fallback
urban_nlos,3.0,3.0,clear,waterlogging,5,train,held_out,train,0.6111111111111112,1.0,0.7586206896551725,-0.053109137149159956,44,72,226.35532333438687,fallback
urban_nlos,3.0,3.0,clear,waterlogging,6,train,held_out,train,0.6111111111111112,1.0,0.7586206896551725,0.009972284918859918,44,72,226.35532333438687,fallback
urban_nlos,3.0,3.0,clear,waterlogging,7,train,held_out,train,0.5070422535211268,1.0,0.6728971962616822,0.02691806709783824,36,71,226.35532333438687,fallback
urban_nlos,3.0,3.0,clear,waterlogging,8,train,held_out,train,0.5070422535211268,1.0,0.6728971962616822,0.1582146890953355,36,71,226.35532333438687,fallback
urban_nlos,3.0,3.0,clear,waterlogging,9,train,held_out,train,0.625,1.0,0.7692307692307693,-0.05957752032163827,45,72,226.35532333438687,fallback
urban_nlos,3.0,3.0,clear,black_ice,0,train,held_out,train,0.5857142857142857,1.0,0.7387387387387387,0.1915719086613506,41,70,226.35532333438687,fallback
urban_nlos,3.0,3.0,clear,black_ice,1,train,held_out,train,0.5211267605633803,1.0,0.6851851851851851,0.04653618121787115,37,71,226.35532333438687,fallback
urban_nlos,3.0,3.0,clear,black_ice,2,train,held_out,train,0.5555555555555556,1.0,0.7142857142857143,0.10776934127232998,40,72,226.35532333438687,fallback
urban_nlos,3.0,3.0,clear,black_ice,3,train,held_out,train,0.5774647887323944,1.0,0.7321428571428571,0.1029169128812666,41,71,226.35532333438687,fallback
urban_nlos,3.0,3.0,clear,black_ice,4,train,held_out,train,0.5915492957746479,1.0,0.743362831858407,0.14946250647628972,42,71,226.35532333438687,fallback
urban_nlos,3.0,3.0,clear,black_ice,5,train,held_out,train,0.6111111111111112,1.0,0.7586206896551725,-0.049977782087302476,44,72,226.35532333438687,fallback
urban_nlos,3.0,3.0,clear,black_ice,6,train,held_out,train,0.6111111111111112,1.0,0.7586206896551725,-0.00786082591695788,44,72,226.35532333438687,fallback
urban_nlos,3.0,3.0,clear,black_ice,7,train,held_out,train,0.5070422535211268,1.0,0.6728971962616822,0.032659089753194745,36,71,226.35532333438687,fallback
urban_nlos,3.0,3.0,clear,black_ice,8,train,held_out,train,0.5070422535211268,1.0,0.6728971962616822,0.1531736646456913,36,71,226.35532333438687,fallback
urban_nlos,3.0,3.0,clear,black_ice,9,train,held_out,train,0.625,1.0,0.7692307692307693,-0.07248037410875759,45,72,226.35532333438687,fallback
urban_nlos,3.0,3.0,heavy_rain,fog_bank,0,train,train,train,0.5915492957746479,1.0,0.743362831858407,0.14382267345066452,42,71,226.35532333438687,fallback
urban_nlos,3.0,3.0,heavy_rain,fog_bank,1,train,train,train,0.5072463768115942,1.0,0.6730769230769231,0.21629718645147117,35,69,226.35532333438687,fallback
urban_nlos,3.0,3.0,heavy_rain,fog_bank,2,train,train,train,0.38571428571428573,1.0,0.5567010309278351,0.11711974193250284,27,70,226.35532333438687,fallback
urban_nlos,3.0,3.0,heavy_rain,fog_bank,3,train,train,train,0.6,1.0,0.7499999999999999,0.21928510075412588,42,70,226.35532333438687,fallback
urban_nlos,3.0,3.0,heavy_rain,fog_bank,4,train,train,train,0.6176470588235294,1.0,0.7636363636363637,0.273324141804149,42,68,226.35532333438687,fallback
urban_nlos,3.0,3.0,heavy_rain,fog_bank,5,train,train,train,0.5833333333333334,1.0,0.7368421052631579,0.1886662828990567,42,72,226.35532333438687,fallback
urban_nlos,3.0,3.0,heavy_rain,fog_bank,6,train,train,train,0.5714285714285714,1.0,0.7272727272727273,0.13637118172927729,40,70,226.35532333438687,fallback
urban_nlos,3.0,3.0,heavy_rain,fog_bank,7,train,train,train,0.5972222222222222,1.0,0.7478260869565216,0.06542222799339285,43,72,226.35532333438687,fallback
urban_nlos,3.0,3.0,heavy_rain,fog_bank,8,train,train,train,0.42857142857142855,1.0,0.6,0.066026559237114,30,70,226.35532333438687,fallback
urban_nlos,3.0,3.0,heavy_rain,fog_bank,9,train,train,train,0.5352112676056338,1.0,0.6972477064220183,0.130521110311666,38,71,226.35532333438687,fallback
urban_nlos,3.0,3.0,heavy_rain,landslide,0,train,train,train,0.5915492957746479,1.0,0.743362831858407,0.1242411864152219,42,71,226.35532333438687,fallback
urban_nlos,3.0,3.0,heavy_rain,landslide,1,train,train,train,0.5072463768115942,1.0,0.6730769230769231,0.24900422412839107,35,69,226.35532333438687,fallback
urban_nlos,3.0,3.0,heavy_rain,landslide,2,train,train,train,0.38571428571428573,1.0,0.5567010309278351,0.10375591855802543,27,70,226.35532333438687,fallback
urban_nlos,3.0,3.0,heavy_rain,landslide,3,train,train,train,0.6,1.0,0.7499999999999999,0.2137974151980773,42,70,226.35532333438687,fallback
urban_nlos,3.0,3.0,heavy_rain,landslide,4,train,train,train,0.6176470588235294,1.0,0.7636363636363637,0.2601450363339705,42,68,226.35532333438687,fallback
urban_nlos,3.0,3.0,heavy_rain,landslide,5,train,train,train,0.5833333333333334,1.0,0.7368421052631579,0.1811925504296268,42,72,226.35532333438687,fallback
urban_nlos,3.0,3.0,heavy_rain,landslide,6,train,train,train,0.5714285714285714,1.0,0.7272727272727273,0.12905448725966034,40,70,226.35532333438687,fallback
urban_nlos,3.0,3.0,heavy_rain,landslide,7,train,train,train,0.5972222222222222,1.0,0.7478260869565216,0.08150439769281789,43,72,226.35532333438687,fallback
urban_nlos,3.0,3.0,heavy_rain,landslide,8,train,train,train,0.42857142857142855,1.0,0.6,0.07917130845504546,30,70,226.35532333438687,fallback
urban_nlos,3.0,3.0,heavy_rain,landslide,9,train,train,train,0.5352112676056338,1.0,0.6972477064220183,0.12619315231045738,38,71,226.35532333438687,fallback
urban_nlos,3.0,3.0,heavy_rain,crash,0,train,train,train,0.582089552238806,1.0,0.7358490566037735,0.2943402079994377,39,67,226.35532333438687,fallback
urban_nlos,3.0,3.0,heavy_rain,crash,1,train,train,train,0.5074626865671642,1.0,0.6732673267326732,0.32019741902523263,34,67,226.35532333438687,fallback
urban_nlos,3.0,3.0,heavy_rain,crash,2,train,train,train,0.39344262295081966,1.0,0.5647058823529412,0.29687894230990897,24,61,226.35532333438687,fallback
urban_nlos,3.0,3.0,heavy_rain,crash,3,train,train,train,0.5362318840579711,1.0,0.6981132075471698,0.264246550862405,37,69,226.35532333438687,fallback
urban_nlos,3.0,3.0,heavy_rain,crash,4,train,train,train,0.609375,1.0,0.7572815533980582,0.40587634169801207,39,64,226.35532333438687,fallback
urban_nlos,3.0,3.0,heavy_rain,crash,5,train,train,train,0.5588235294117647,1.0,0.7169811320754718,0.3783532762532428,38,68,226.35532333438687,fallback
urban_nlos,3.0,3.0,heavy_rain,crash,6,train,train,train,0.5846153846153846,1.0,0.7378640776699029,0.3146596898326559,38,65,226.35532333438687,fallback
urban_nlos,3.0,3.0,heavy_rain,crash,7,train,train,train,0.5373134328358209,1.0,0.6990291262135923,0.2781098188884869,36,67,226.35532333438687,fallback
urban_nlos,3.0,3.0,heavy_rain,crash,8,train,train,train,0.42857142857142855,1.0,0.6,0.28129467773836675,27,63,226.35532333438687,fallback
urban_nlos,3.0,3.0,heavy_rain,crash,9,train,train,train,0.4852941176470588,1.0,0.6534653465346535,0.2462354865500809,33,68,226.35532333438687,fallback
urban_nlos,3.0,3.0,heavy_rain,waterlogging,0,train,held_out,train,0.5915492957746479,1.0,0.743362831858407,0.12794201949468553,42,71,226.35532333438687,fallback
urban_nlos,3.0,3.0,heavy_rain,waterlogging,1,train,held_out,train,0.5072463768115942,1.0,0.6730769230769231,0.2401589267533481,35,69,226.35532333438687,fallback
urban_nlos,3.0,3.0,heavy_rain,waterlogging,2,train,held_out,train,0.38571428571428573,1.0,0.5567010309278351,0.10686169446353588,27,70,226.35532333438687,fallback
urban_nlos,3.0,3.0,heavy_rain,waterlogging,3,train,held_out,train,0.6,1.0,0.7499999999999999,0.21364866362333973,42,70,226.35532333438687,fallback
urban_nlos,3.0,3.0,heavy_rain,waterlogging,4,train,held_out,train,0.6176470588235294,1.0,0.7636363636363637,0.2632121559274997,42,68,226.35532333438687,fallback
urban_nlos,3.0,3.0,heavy_rain,waterlogging,5,train,held_out,train,0.5833333333333334,1.0,0.7368421052631579,0.18184258387287636,42,72,226.35532333438687,fallback
urban_nlos,3.0,3.0,heavy_rain,waterlogging,6,train,held_out,train,0.5714285714285714,1.0,0.7272727272727273,0.12879827365610527,40,70,226.35532333438687,fallback
urban_nlos,3.0,3.0,heavy_rain,waterlogging,7,train,held_out,train,0.5972222222222222,1.0,0.7478260869565216,0.07648036823887304,43,72,226.35532333438687,fallback
urban_nlos,3.0,3.0,heavy_rain,waterlogging,8,train,held_out,train,0.42857142857142855,1.0,0.6,0.07253089572366711,30,70,226.35532333438687,fallback
urban_nlos,3.0,3.0,heavy_rain,waterlogging,9,train,held_out,train,0.5352112676056338,1.0,0.6972477064220183,0.12586070304403565,38,71,226.35532333438687,fallback
urban_nlos,3.0,3.0,heavy_rain,black_ice,0,train,held_out,train,0.5915492957746479,1.0,0.743362831858407,0.12598521135148147,42,71,226.35532333438687,fallback
urban_nlos,3.0,3.0,heavy_rain,black_ice,1,train,held_out,train,0.5072463768115942,1.0,0.6730769230769231,0.24459791069615527,35,69,226.35532333438687,fallback
urban_nlos,3.0,3.0,heavy_rain,black_ice,2,train,held_out,train,0.38571428571428573,1.0,0.5567010309278351,0.10522547683039889,27,70,226.35532333438687,fallback
urban_nlos,3.0,3.0,heavy_rain,black_ice,3,train,held_out,train,0.6,1.0,0.7499999999999999,0.21368835174005416,42,70,226.35532333438687,fallback
urban_nlos,3.0,3.0,heavy_rain,black_ice,4,train,held_out,train,0.6176470588235294,1.0,0.7636363636363637,0.26166286118578463,42,68,226.35532333438687,fallback
urban_nlos,3.0,3.0,heavy_rain,black_ice,5,train,held_out,train,0.5833333333333334,1.0,0.7368421052631579,0.18171832908977012,42,72,226.35532333438687,fallback
urban_nlos,3.0,3.0,heavy_rain,black_ice,6,train,held_out,train,0.5714285714285714,1.0,0.7272727272727273,0.12879055633648723,40,70,226.35532333438687,fallback
urban_nlos,3.0,3.0,heavy_rain,black_ice,7,train,held_out,train,0.5972222222222222,1.0,0.7478260869565216,0.07893830379030124,43,72,226.35532333438687,fallback
urban_nlos,3.0,3.0,heavy_rain,black_ice,8,train,held_out,train,0.42857142857142855,1.0,0.6,0.07578329416486534,30,70,226.35532333438687,fallback
urban_nlos,3.0,3.0,heavy_rain,black_ice,9,train,held_out,train,0.5352112676056338,1.0,0.6972477064220183,0.12558418137278107,38,71,226.35532333438687,fallback
urban_nlos,3.0,3.0,moderate_rain,fog_bank,0,train,train,held_out,0.5633802816901409,1.0,0.7207207207207207,0.17405183645534944,40,71,226.35532333438687,fallback
urban_nlos,3.0,3.0,moderate_rain,fog_bank,1,train,train,held_out,0.5857142857142857,1.0,0.7387387387387387,0.2443186411416376,41,70,226.35532333438687,fallback
urban_nlos,3.0,3.0,moderate_rain,fog_bank,2,train,train,held_out,0.5,1.0,0.6666666666666666,0.06788758516373779,36,72,226.35532333438687,fallback
urban_nlos,3.0,3.0,moderate_rain,fog_bank,3,train,train,held_out,0.5915492957746479,1.0,0.743362831858407,0.07807476035399476,42,71,226.35532333438687,fallback
urban_nlos,3.0,3.0,moderate_rain,fog_bank,4,train,train,held_out,0.6197183098591549,1.0,0.7652173913043477,0.14543477841473465,44,71,226.35532333438687,fallback
urban_nlos,3.0,3.0,moderate_rain,fog_bank,5,train,train,held_out,0.5555555555555556,1.0,0.7142857142857143,0.08400784152905331,40,72,226.35532333438687,fallback
urban_nlos,3.0,3.0,moderate_rain,fog_bank,6,train,train,held_out,0.5972222222222222,1.0,0.7478260869565216,0.06275461657770334,43,72,226.35532333438687,fallback
urban_nlos,3.0,3.0,moderate_rain,fog_bank,7,train,train,held_out,0.4142857142857143,1.0,0.5858585858585859,0.12954501606456104,29,70,226.35532333438687,fallback
urban_nlos,3.0,3.0,moderate_rain,fog_bank,8,train,train,held_out,0.5714285714285714,1.0,0.7272727272727273,0.1485546044115011,40,70,226.35532333438687,fallback
urban_nlos,3.0,3.0,moderate_rain,fog_bank,9,train,train,held_out,0.5492957746478874,1.0,0.7090909090909091,0.12046584143020804,39,71,226.35532333438687,fallback
urban_nlos,3.0,3.0,moderate_rain,landslide,0,train,train,held_out,0.5633802816901409,1.0,0.7207207207207207,0.09961716779500003,40,71,226.35532333438687,fallback
urban_nlos,3.0,3.0,moderate_rain,landslide,1,train,train,held_out,0.5857142857142857,1.0,0.7387387387387387,0.26251979522516616,41,70,226.35532333438687,fallback
urban_nlos,3.0,3.0,moderate_rain,landslide,2,train,train,held_out,0.5,1.0,0.6666666666666666,-0.0010162998904806296,36,72,226.35532333438687,fallback
urban_nlos,3.0,3.0,moderate_rain,landslide,3,train,train,held_out,0.5915492957746479,1.0,0.743362831858407,0.07624701735424311,42,71,226.35532333438687,fallback
urban_nlos,3.0,3.0,moderate_rain,landslide,4,train,train,held_out,0.6197183098591549,1.0,0.7652173913043477,0.14730981547380761,44,71,226.35532333438687,fallback
urban_nlos,3.0,3.0,moderate_rain,landslide,5,train,train,held_out,0.5555555555555556,1.0,0.7142857142857143,0.06895707741775954,40,72,226.35532333438687,fallback
urban_nlos,3.0,3.0,moderate_rain,landslide,6,train,train,held_out,0.5972222222222222,1.0,0.7478260869565216,0.030492222132471967,43,72,226.35532333438687,fallback
urban_nlos,3.0,3.0,moderate_rain,landslide,7,train,train,held_out,0.4142857142857143,1.0,0.5858585858585859,0.12094702130423185,29,70,226.35532333438687,fallback
urban_nlos,3.0,3.0,moderate_rain,landslide,8,train,train,held_out,0.5714285714285714,1.0,0.7272727272727273,0.12263486827235176,40,70,226.35532333438687,fallback
urban_nlos,3.0,3.0,moderate_rain,landslide,9,train,train,held_out,0.5492957746478874,1.0,0.7090909090909091,0.13559767921493868,39,71,226.35532333438687,fallback
urban_nlos,3.0,3.0,moderate_rain,crash,0,train,train,held_out,0.5362318840579711,1.0,0.6981132075471698,0.2413589152854176,37,69,226.35532333438687,fallback
urban_nlos,3.0,3.0,moderate_rain,crash,1,train,train,held_out,0.5285714285714286,1.0,0.691588785046729,0.22014566345937392,37,70,226.35532333438687,fallback
urban_nlos,3.0,3.0,moderate_rain,crash,2,train,train,held_out,0.5079365079365079,1.0,0.6736842105263158,0.3618555528069409,32,63,226.35532333438687,fallback
urban_nlos,3.0,3.0,moderate_rain,crash,3,train,train,held_out,0.5384615384615384,1.0,0.7000000000000001,0.3274918713614669,35,65,226.35532333438687,fallback
urban_nlos,3.0,3.0,moderate_rain,crash,4,train,train,held_out,0.6285714285714286,1.0,0.7719298245614035,0.19013000701341123,44,70,226.35532333438687,fallback
urban_nlos,3.0,3.0,moderate_rain,crash,5,train,train,held_out,0.5671641791044776,1.0,0.7238095238095238,0.3975761134192762,38,67,226.35532333438687,fallback
urban_nlos,3.0,3.0,moderate_rain,crash,6,train,train,held_out,0.5362318840579711,1.0,0.6981132075471698,0.22115090583555422,37,69,226.35532333438687,fallback
urban_nlos,3.0,3.0,moderate_rain,crash,7,train,train,held_out,0.4,1.0,0.5714285714285715,0.22789180957790048,26,65,226.35532333438687,fallback
urban_nlos,3.0,3.0,moderate_rain,crash,8,train,train,held_out,0.5606060606060606,1.0,0.7184466019417475,0.2965789414265975,37,66,226.35532333438687,fallback
urban_nlos,3.0,3.0,moderate_rain,crash,9,train,train,held_out,0.5,1.0,0.6666666666666666,0.24006537452326346,33,66,226.35532333438687,fallback
urban_nlos,3.0,3.0,moderate_rain,waterlogging,0,train,held_out,held_out,0.5633802816901409,1.0,0.7207207207207207,0.11856032621222999,40,71,226.35532333438687,fallback
urban_nlos,3.0,3.0,moderate_rain,waterlogging,1,train,held_out,held_out,0.5857142857142857,1.0,0.7387387387387387,0.2572510261637023,41,70,226.35532333438687,fallback
urban_nlos,3.0,3.0,moderate_rain,waterlogging,2,train,held_out,held_out,0.5,1.0,0.6666666666666666,0.016843021856485986,36,72,226.35532333438687,fallback
urban_nlos,3.0,3.0,moderate_rain,waterlogging,3,train,held_out,held_out,0.5915492957746479,1.0,0.743362831858407,0.07512563830017989,42,71,226.35532333438687,fallback
urban_nlos,3.0,3.0,moderate_rain,waterlogging,4,train,held_out,held_out,0.6197183098591549,1.0,0.7652173913043477,0.14522248448779035,44,71,226.35532333438687,fallback
urban_nlos,3.0,3.0,moderate_rain,waterlogging,5,train,held_out,held_out,0.5555555555555556,1.0,0.7142857142857143,0.0682345160273567,40,72,226.35532333438687,fallback
urban_nlos,3.0,3.0,moderate_rain,waterlogging,6,train,held_out,held_out,0.5972222222222222,1.0,0.7478260869565216,0.03780398508666524,43,72,226.35532333438687,fallback
urban_nlos,3.0,3.0,moderate_rain,waterlogging,7,train,held_out,held_out,0.4142857142857143,1.0,0.5858585858585859,0.12298241073925173,29,70,226.35532333438687,fallback
urban_nlos,3.0,3.0,moderate_rain,waterlogging,8,train,held_out,held_out,0.5714285714285714,1.0,0.7272727272727273,0.12832422987809347,40,70,226.35532333438687,fallback
urban_nlos,3.0,3.0,moderate_rain,waterlogging,9,train,held_out,held_out,0.5492957746478874,1.0,0.7090909090909091,0.13073056516084489,39,71,226.35532333438687,fallback
urban_nlos,3.0,3.0,moderate_rain,black_ice,0,train,held_out,held_out,0.5633802816901409,1.0,0.7207207207207207,0.10903800662156282,40,71,226.35532333438687,fallback
urban_nlos,3.0,3.0,moderate_rain,black_ice,1,train,held_out,held_out,0.5857142857142857,1.0,0.7387387387387387,0.259893012068377,41,70,226.35532333438687,fallback
urban_nlos,3.0,3.0,moderate_rain,black_ice,2,train,held_out,held_out,0.5,1.0,0.6666666666666666,0.00782160920647766,36,72,226.35532333438687,fallback
urban_nlos,3.0,3.0,moderate_rain,black_ice,3,train,held_out,held_out,0.5915492957746479,1.0,0.743362831858407,0.07552118704285261,42,71,226.35532333438687,fallback
urban_nlos,3.0,3.0,moderate_rain,black_ice,4,train,held_out,held_out,0.6197183098591549,1.0,0.7652173913043477,0.1461356643331334,44,71,226.35532333438687,fallback
urban_nlos,3.0,3.0,moderate_rain,black_ice,5,train,held_out,held_out,0.5555555555555556,1.0,0.7142857142857143,0.06830082835269201,40,72,226.35532333438687,fallback
urban_nlos,3.0,3.0,moderate_rain,black_ice,6,train,held_out,held_out,0.5972222222222222,1.0,0.7478260869565216,0.03387118387265612,43,72,226.35532333438687,fallback
urban_nlos,3.0,3.0,moderate_rain,black_ice,7,train,held_out,held_out,0.4142857142857143,1.0,0.5858585858585859,0.12194262207875561,29,70,226.35532333438687,fallback
urban_nlos,3.0,3.0,moderate_rain,black_ice,8,train,held_out,held_out,0.5714285714285714,1.0,0.7272727272727273,0.12538117304465754,40,70,226.35532333438687,fallback
urban_nlos,3.0,3.0,moderate_rain,black_ice,9,train,held_out,held_out,0.5492957746478874,1.0,0.7090909090909091,0.13313164497477378,39,71,226.35532333438687,fallback
urban_nlos,3.0,3.0,dense_fog,fog_bank,0,train,train,held_out,0.5362318840579711,1.0,0.6981132075471698,0.21224120533774837,37,69,226.35532333438687,fallback
urban_nlos,3.0,3.0,dense_fog,fog_bank,1,train,train,held_out,0.5833333333333334,1.0,0.7368421052631579,0.017973717027003736,42,72,226.35532333438687,fallback
urban_nlos,3.0,3.0,dense_fog,fog_bank,2,train,train,held_out,0.5774647887323944,1.0,0.7321428571428571,0.25843957152398067,41,71,226.35532333438687,fallback
urban_nlos,3.0,3.0,dense_fog,fog_bank,3,train,train,held_out,0.5416666666666666,1.0,0.7027027027027027,0.07665902236927327,39,72,226.35532333438687,fallback
urban_nlos,3.0,3.0,dense_fog,fog_bank,4,train,train,held_out,0.6376811594202898,1.0,0.7787610619469026,0.20382723093771724,44,69,226.35532333438687,fallback
urban_nlos,3.0,3.0,dense_fog,fog_bank,5,train,train,held_out,0.5416666666666666,1.0,0.7027027027027027,0.15098209503543567,39,72,226.35532333438687,fallback
urban_nlos,3.0,3.0,dense_fog,fog_bank,6,train,train,held_out,0.5352112676056338,1.0,0.6972477064220183,0.13610599729041029,38,71,226.35532333438687,fallback
urban_nlos,3.0,3.0,dense_fog,fog_bank,7,train,train,held_out,0.6619718309859155,1.0,0.7966101694915254,0.18060051510159866,47,71,226.35532333438687,fallback
urban_nlos,3.0,3.0,dense_fog,fog_bank,8,train,train,held_out,0.5285714285714286,1.0,0.691588785046729,0.2147632595688896,37,70,226.35532333438687,fallback
urban_nlos,3.0,3.0,dense_fog,fog_bank,9,train,train,held_out,0.5294117647058824,1.0,0.6923076923076924,0.19772399692998233,36,68,226.35532333438687,fallback
urban_nlos,3.0,3.0,dense_fog,landslide,0,train,train,held_out,0.5362318840579711,1.0,0.6981132075471698,0.2129514934719039,37,69,226.35532333438687,fallback
urban_nlos,3.0,3.0,dense_fog,landslide,1,train,train,held_out,0.5833333333333334,1.0,0.7368421052631579,-0.0012945854595304497,42,72,226.35532333438687,fallback
urban_nlos,3.0,3.0,dense_fog,landslide,2,train,train,held_out,0.5774647887323944,1.0,0.7321428571428571,0.205872998806874,41,71,226.35532333438687,fallback
urban_nlos,3.0,3.0,dense_fog,landslide,3,train,train,held_out,0.5416666666666666,1.0,0.7027027027027027,0.04628409128786027,39,72,226.35532333438687,fallback
urban_nlos,3.0,3.0,dense_fog,landslide,4,train,train,held_out,0.6376811594202898,1.0,0.7787610619469026,0.2102158169499235,44,69,226.35532333438687,fallback
urban_nlos,3.0,3.0,dense_fog,landslide,5,train,train,held_out,0.5416666666666666,1.0,0.7027027027027027,0.11292530004785929,39,72,226.35532333438687,fallback
urban_nlos,3.0,3.0,dense_fog,landslide,6,train,train,held_out,0.5352112676056338,1.0,0.6972477064220183,0.10241924566505085,38,71,226.35532333438687,fallback
urban_nlos,3.0,3.0,dense_fog,landslide,7,train,train,held_out,0.6619718309859155,1.0,0.7966101694915254,0.18065196218221927,47,71,226.35532333438687,fallback
urban_nlos,3.0,3.0,dense_fog,landslide,8,train,train,held_out,0.5285714285714286,1.0,0.691588785046729,0.2196043951073328,37,70,226.35532333438687,fallback
urban_nlos,3.0,3.0,dense_fog,landslide,9,train,train,held_out,0.5294117647058824,1.0,0.6923076923076924,0.22751139458492028,36,68,226.35532333438687,fallback
urban_nlos,3.0,3.0,dense_fog,crash,0,train,train,held_out,0.5223880597014925,1.0,0.6862745098039216,0.26111625482641987,35,67,226.35532333438687,fallback
urban_nlos,3.0,3.0,dense_fog,crash,1,train,train,held_out,0.5606060606060606,1.0,0.7184466019417475,0.2682183517882485,37,66,226.35532333438687,fallback
urban_nlos,3.0,3.0,dense_fog,crash,2,train,train,held_out,0.6065573770491803,1.0,0.7551020408163265,0.47805164165900366,37,61,226.35532333438687,fallback
urban_nlos,3.0,3.0,dense_fog,crash,3,train,train,held_out,0.4925373134328358,1.0,0.66,0.2820682391069002,33,67,226.35532333438687,fallback
urban_nlos,3.0,3.0,dense_fog,crash,4,train,train,held_out,0.5970149253731343,1.0,0.7476635514018691,0.2324015388827994,40,67,226.35532333438687,fallback
urban_nlos,3.0,3.0,dense_fog,crash,5,train,train,held_out,0.5441176470588235,1.0,0.7047619047619048,0.30360534441579773,37,68,226.35532333438687,fallback
urban_nlos,3.0,3.0,dense_fog,crash,6,train,train,held_out,0.47058823529411764,1.0,0.6399999999999999,0.20365109655972627,32,68,226.35532333438687,fallback
urban_nlos,3.0,3.0,dense_fog,crash,7,train,train,held_out,0.6176470588235294,1.0,0.7636363636363637,0.24719128455502185,42,68,226.35532333438687,fallback
urban_nlos,3.0,3.0,dense_fog,crash,8,train,train,held_out,0.5441176470588235,1.0,0.7047619047619048,0.30795088418099514,37,68,226.35532333438687,fallback
urban_nlos,3.0,3.0,dense_fog,crash,9,train,train,held_out,0.484375,1.0,0.6526315789473685,0.2961745064270179,31,64,226.35532333438687,fallback
urban_nlos,3.0,3.0,dense_fog,waterlogging,0,train,held_out,held_out,0.5362318840579711,1.0,0.6981132075471698,0.21208061505075676,37,69,226.35532333438687,fallback
urban_nlos,3.0,3.0,dense_fog,waterlogging,1,train,held_out,held_out,0.5833333333333334,1.0,0.7368421052631579,0.0010266204648182878,42,72,226.35532333438687,fallback
urban_nlos,3.0,3.0,dense_fog,waterlogging,2,train,held_out,held_out,0.5774647887323944,1.0,0.7321428571428571,0.22008832904433032,41,71,226.35532333438687,fallback
urban_nlos,3.0,3.0,dense_fog,waterlogging,3,train,held_out,held_out,0.5416666666666666,1.0,0.7027027027027027,0.05496711848920664,39,72,226.35532333438687,fallback
urban_nlos,3.0,3.0,dense_fog,waterlogging,4,train,held_out,held_out,0.6376811594202898,1.0,0.7787610619469026,0.2079147789601087,44,69,226.35532333438687,fallback
urban_nlos,3.0,3.0,dense_fog,waterlogging,5,train,held_out,held_out,0.5416666666666666,1.0,0.7027027027027027,0.11980309977163653,39,72,226.35532333438687,fallback
urban_nlos,3.0,3.0,dense_fog,waterlogging,6,train,held_out,held_out,0.5352112676056338,1.0,0.6972477064220183,0.11082035781630545,38,71,226.35532333438687,fallback
urban_nlos,3.0,3.0,dense_fog,waterlogging,7,train,held_out,held_out,0.6619718309859155,1.0,0.7966101694915254,0.17954797615697835,47,71,226.35532333438687,fallback
urban_nlos,3.0,3.0,dense_fog,waterlogging,8,train,held_out,held_out,0.5285714285714286,1.0,0.691588785046729,0.217028910979425,37,70,226.35532333438687,fallback
urban_nlos,3.0,3.0,dense_fog,waterlogging,9,train,held_out,held_out,0.5294117647058824,1.0,0.6923076923076924,0.21803110272371223,36,68,226.35532333438687,fallback
urban_nlos,3.0,3.0,dense_fog,black_ice,0,train,held_out,held_out,0.5362318840579711,1.0,0.6981132075471698,0.21250065605436635,37,69,226.35532333438687,fallback
urban_nlos,3.0,3.0,dense_fog,black_ice,1,train,held_out,held_out,0.5833333333333334,1.0,0.7368421052631579,-0.0003563768142214114,42,72,226.35532333438687,fallback
urban_nlos,3.0,3.0,dense_fog,black_ice,2,train,held_out,held_out,0.5774647887323944,1.0,0.7321428571428571,0.2129481177750613,41,71,226.35532333438687,fallback
urban_nlos,3.0,3.0,dense_fog,black_ice,3,train,held_out,held_out,0.5416666666666666,1.0,0.7027027027027027,0.05048283191241751,39,72,226.35532333438687,fallback
urban_nlos,3.0,3.0,dense_fog,black_ice,4,train,held_out,held_out,0.6376811594202898,1.0,0.7787610619469026,0.20906704699940562,44,69,226.35532333438687,fallback
urban_nlos,3.0,3.0,dense_fog,black_ice,5,train,held_out,held_out,0.5416666666666666,1.0,0.7027027027027027,0.11597006264538899,39,72,226.35532333438687,fallback
urban_nlos,3.0,3.0,dense_fog,black_ice,6,train,held_out,held_out,0.5352112676056338,1.0,0.6972477064220183,0.10655741698411747,38,71,226.35532333438687,fallback
urban_nlos,3.0,3.0,dense_fog,black_ice,7,train,held_out,held_out,0.6619718309859155,1.0,0.7966101694915254,0.18006357720386534,47,71,226.35532333438687,fallback
urban_nlos,3.0,3.0,dense_fog,black_ice,8,train,held_out,held_out,0.5285714285714286,1.0,0.691588785046729,0.21825334266739807,37,70,226.35532333438687,fallback
urban_nlos,3.0,3.0,dense_fog,black_ice,9,train,held_out,held_out,0.5294117647058824,1.0,0.6923076923076924,0.22279194295390078,36,68,226.35532333438687,fallback
urban_grid,3.0,3.0,clear,fog_bank,0,held_out,train,train,0.4166666666666667,1.0,0.5882352941176471,-0.013894953193178851,20,48,226.35532333438687,fallback
urban_grid,3.0,3.0,clear,fog_bank,1,held_out,train,train,0.75,1.0,0.8571428571428571,0.019458283522157217,36,48,226.35532333438687,fallback
urban_grid,3.0,3.0,clear,fog_bank,2,held_out,train,train,0.5833333333333334,1.0,0.7368421052631579,0.19831518597019335,28,48,226.35532333438687,fallback
urban_grid,3.0,3.0,clear,fog_bank,3,held_out,train,train,0.6666666666666666,1.0,0.8,0.3344616338072399,32,48,226.35532333438687,fallback
urban_grid,3.0,3.0,clear,fog_bank,4,held_out,train,train,0.5957446808510638,1.0,0.7466666666666666,0.24461698870090404,28,47,226.35532333438687,fallback
urban_grid,3.0,3.0,clear,fog_bank,5,held_out,train,train,0.6458333333333334,1.0,0.7848101265822784,0.09854181561725495,31,48,226.35532333438687,fallback
urban_grid,3.0,3.0,clear,fog_bank,6,held_out,train,train,0.6666666666666666,1.0,0.8,0.009110255197483241,32,48,226.35532333438687,fallback
urban_grid,3.0,3.0,clear,fog_bank,7,held_out,train,train,0.5625,1.0,0.72,0.018620018356406653,27,48,226.35532333438687,fallback
urban_grid,3.0,3.0,clear,fog_bank,8,held_out,train,train,0.6458333333333334,1.0,0.7848101265822784,-0.03769189814434845,31,48,226.35532333438687,fallback
urban_grid,3.0,3.0,clear,fog_bank,9,held_out,train,train,0.5531914893617021,1.0,0.7123287671232876,0.20646375099674405,26,47,226.35532333438687,fallback
urban_grid,3.0,3.0,clear,landslide,0,held_out,train,train,0.4166666666666667,1.0,0.5882352941176471,0.11958026427789523,20,48,226.35532333438687,fallback
urban_grid,3.0,3.0,clear,landslide,1,held_out,train,train,0.75,1.0,0.8571428571428571,-0.08647700190301834,36,48,226.35532333438687,fallback
urban_grid,3.0,3.0,clear,landslide,2,held_out,train,train,0.5833333333333334,1.0,0.7368421052631579,1.556471884165493e-16,28,48,226.35532333438687,fallback
urban_grid,3.0,3.0,clear,landslide,3,held_out,train,train,0.6666666666666666,1.0,0.8,-0.09699760559205284,32,48,226.35532333438687,fallback
urban_grid,3.0,3.0,clear,landslide,4,held_out,train,train,0.5957446808510638,1.0,0.7466666666666666,0.18001001218528254,28,47,226.35532333438687,fallback
urban_grid,3.0,3.0,clear,landslide,5,held_out,train,train,0.6458333333333334,1.0,0.7848101265822784,0.18981970935918968,31,48,226.35532333438687,fallback
urban_grid,3.0,3.0,clear,landslide,6,held_out,train,train,0.6666666666666666,1.0,0.8,-0.05447410697771379,32,48,226.35532333438687,fallback
urban_grid,3.0,3.0,clear,landslide,7,held_out,train,train,0.5625,1.0,0.72,0.16434239043382262,27,48,226.35532333438687,fallback
urban_grid,3.0,3.0,clear,landslide,8,held_out,train,train,0.6458333333333334,1.0,0.7848101265822784,0.01701312091353247,31,48,226.35532333438687,fallback
urban_grid,3.0,3.0,clear,landslide,9,held_out,train,train,0.5531914893617021,1.0,0.7123287671232876,0.15491096891309028,26,47,226.35532333438687,fallback
urban_grid,3.0,3.0,clear,crash,0,held_out,train,train,0.41304347826086957,1.0,0.5846153846153846,0.1811301807267747,19,46,226.35532333438687,fallback
urban_grid,3.0,3.0,clear,crash,1,held_out,train,train,0.6222222222222222,1.0,0.7671232876712328,0.3211533414755727,28,45,226.35532333438687,fallback
urban_grid,3.0,3.0,clear,crash,2,held_out,train,train,0.43478260869565216,1.0,0.6060606060606061,0.19163913196214283,20,46,226.35532333438687,fallback
urban_grid,3.0,3.0,clear,crash,3,held_out,train,train,0.5333333333333333,1.0,0.6956521739130436,0.31156659107964024,24,45,226.35532333438687,fallback
urban_grid,3.0,3.0,clear,crash,4,held_out,train,train,0.5333333333333333,1.0,0.6956521739130436,0.3636933756185394,24,45,226.35532333438687,fallback
urban_grid,3.0,3.0,clear,crash,5,held_out,train,train,0.5957446808510638,1.0,0.7466666666666666,0.20089168675580885,28,47,226.35532333438687,fallback
urban_grid,3.0,3.0,clear,crash,6,held_out,train,train,0.5333333333333333,1.0,0.6956521739130436,0.2329141184788744,24,45,226.35532333438687,fallback
urban_grid,3.0,3.0,clear,crash,7,held_out,train,train,0.4444444444444444,1.0,0.6153846153846153,0.2547514321884486,20,45,226.35532333438687,fallback
urban_grid,3.0,3.0,clear,crash,8,held_out,train,train,0.44680851063829785,1.0,0.6176470588235294,0.12057956960022409,21,47,226.35532333438687,fallback
urban_grid,3.0,3.0,clear,crash,9,held_out,train,train,0.391304347826087,1.0,0.5625,0.18354408480305115,18,46,226.35532333438687,fallback
urban_grid,3.0,3.0,clear,waterlogging,0,held_out,held_out,train,0.4166666666666667,1.0,0.5882352941176471,0.002947690821349997,20,48,226.35532333438687,fallback
urban_grid,3.0,3.0,clear,waterlogging,1,held_out,held_out,train,0.75,1.0,0.8571428571428571,-0.052816431817543134,36,48,226.35532333438687,fallback
urban_grid,3.0,3.0,clear,waterlogging,2,held_out,held_out,train,0.5833333333333334,1.0,0.7368421052631579,0.18952388675432746,28,48,226.35532333438687,fallback
urban_grid,3.0,3.0,clear,waterlogging,3,held_out,held_out,train,0.6666666666666666,1.0,0.8,0.27797492848313493,32,48,226.35532333438687,fallback
urban_grid,3.0,3.0,clear,waterlogging,4,held_out,held_out,train,0.5957446808510638,1.0,0.7466666666666666,0.19628533498772446,28,47,226.35532333438687,fallback
urban_grid,3.0,3.0,clear,waterlogging,5,held_out,held_out,train,0.6458333333333334,1.0,0.7848101265822784,0.10213954688183041,31,48,226.35532333438687,fallback
urban_grid,3.0,3.0,clear,waterlogging,6,held_out,held_out,train,0.6666666666666666,1.0,0.8,-0.0397123808286149,32,48,226.35532333438687,fallback
urban_grid,3.0,3.0,clear,waterlogging,7,held_out,held_out,train,0.5625,1.0,0.72,0.1050021268442395,27,48,226.35532333438687,fallback
urban_grid,3.0,3.0,clear,waterlogging,8,held_out,held_out,train,0.6458333333333334,1.0,0.7848101265822784,-0.0022119445562154734,31,48,226.35532333438687,fallback
urban_grid,3.0,3.0,clear,waterlogging,9,held_out,held_out,train,0.5531914893617021,1.0,0.7123287671232876,0.16868131650001067,26,47,226.35532333438687,fallback
urban_grid,3.0,3.0,clear,black_ice,0,held_out,held_out,train,0.4166666666666667,1.0,0.5882352941176471,0.033521150649151676,20,48,226.35532333438687,fallback
urban_grid,3.0,3.0,clear,black_ice,1,held_out,held_out,train,0.75,1.0,0.8571428571428571,-0.06946627775206428,36,48,226.35532333438687,fallback
urban_grid,3.0,3.0,clear,black_ice,2,held_out,held_out,train,0.5833333333333334,1.0,0.7368421052631579,0.18848334760661875,28,48,226.35532333438687,fallback
urban_grid,3.0,3.0,clear,black_ice,3,held_out,held_out,train,0.6666666666666666,1.0,0.8,0.24288339141129225,32,48,226.35532333438687,fallback
urban_grid,3.0,3.0,clear,black_ice,4,held_out,held_out,train,0.5957446808510638,1.0,0.7466666666666666,0.18807569461719406,28,47,226.35532333438687,fallback
urban_grid,3.0,3.0,clear,black_ice,5,held_out,held_out,train,0.6458333333333334,1.0,0.7848101265822784,0.12523389902285084,31,48,226.35532333438687,fallback
urban_grid,3.0,3.0,clear,black_ice,6,held_out,held_out,train,0.6666666666666666,1.0,0.8,-0.04741768388876972,32,48,226.35532333438687,fallback
urban_grid,3.0,3.0,clear,black_ice,7,held_out,held_out,train,0.5625,1.0,0.72,0.13224614736026083,27,48,226.35532333438687,fallback
urban_grid,3.0,3.0,clear,black_ice,8,held_out,held_out,train,0.6458333333333334,1.0,0.7848101265822784,0.007099918828639402,31,48,226.35532333438687,fallback
urban_grid,3.0,3.0,clear,black_ice,9,held_out,held_out,train,0.5531914893617021,1.0,0.7123287671232876,0.16174757025721734,26,47,226.35532333438687,fallback
urban_grid,3.0,3.0,heavy_rain,fog_bank,0,held_out,train,train,0.6666666666666666,1.0,0.8,0.04079556347256892,32,48,226.35532333438687,fallback
urban_grid,3.0,3.0,heavy_rain,fog_bank,1,held_out,train,train,0.5416666666666666,1.0,0.7027027027027027,0.2537353206455271,26,48,226.35532333438687,fallback
urban_grid,3.0,3.0,heavy_rain,fog_bank,2,held_out,train,train,0.7291666666666666,1.0,0.8433734939759037,-0.03785633801820361,35,48,226.35532333438687,fallback
urban_grid,3.0,3.0,heavy_rain,fog_bank,3,held_out,train,train,0.7083333333333334,1.0,0.8292682926829268,0.08316425508902262,34,48,226.35532333438687,fallback
urban_grid,3.0,3.0,heavy_rain,fog_bank,4,held_out,train,train,0.5957446808510638,1.0,0.7466666666666666,0.2554147766348287,28,47,226.35532333438687,fallback
urban_grid,3.0,3.0,heavy_rain,fog_bank,5,held_out,train,train,0.6041666666666666,1.0,0.7532467532467533,-0.05225960216730285,29,48,226.35532333438687,fallback
urban_grid,3.0,3.0,heavy_rain,fog_bank,6,held_out,train,train,0.625,1.0,0.7692307692307693,0.12951272579701137,30,48,226.35532333438687,fallback
urban_grid,3.0,3.0,heavy_rain,fog_bank,7,held_out,train,train,0.6875,1.0,0.8148148148148148,0.05248579347697009,33,48,226.35532333438687,fallback
urban_grid,3.0,3.0,heavy_rain,fog_bank,8,held_out,train,train,0.5,1.0,0.6666666666666666,-0.005938271498974973,24,48,226.35532333438687,fallback
urban_grid,3.0,3.0,heavy_rain,fog_bank,9,held_out,train,train,0.6041666666666666,1.0,0.7532467532467533,0.09799410518786698,29,48,226.35532333438687,fallback
urban_grid,3.0,3.0,heavy_rain,landslide,0,held_out,train,train,0.6666666666666666,1.0,0.8,-0.030648126024823908,32,48,226.35532333438687,fallback
urban_grid,3.0,3.0,heavy_rain,landslide,1,held_out,train,train,0.5416666666666666,1.0,0.7027027027027027,0.21120195685702783,26,48,226.35532333438687,fallback
urban_grid,3.0,3.0,heavy_rain,landslide,2,held_out,train,train,0.7291666666666666,1.0,0.8433734939759037,-0.048559360986443034,35,48,226.35532333438687,fallback
urban_grid,3.0,3.0,heavy_rain,landslide,3,held_out,train,train,0.7083333333333334,1.0,0.8292682926829268,0.05695615209116236,34,48,226.35532333438687,fallback
urban_grid,3.0,3.0,heavy_rain,landslide,4,held_out,train,train,0.5957446808510638,1.0,0.7466666666666666,0.22006142162650025,28,47,226.35532333438687,fallback
urban_grid,3.0,3.0,heavy_rain,landslide,5,held_out,train,train,0.6041666666666666,1.0,0.7532467532467533,-0.07961969139735535,29,48,226.35532333438687,fallback
urban_grid,3.0,3.0,heavy_rain,landslide,6,held_out,train,train,0.625,1.0,0.7692307692307693,0.07256407754864773,30,48,226.35532333438687,fallback
urban_grid,3.0,3.0,heavy_rain,landslide,7,held_out,train,train,0.6875,1.0,0.8148148148148148,0.08947394991870261,33,48,226.35532333438687,fallback
urban_grid,3.0,3.0,heavy_rain,landslide,8,held_out,train,train,0.5,1.0,0.6666666666666666,-0.1215330904363794,24,48,226.35532333438687,fallback
urban_grid,3.0,3.0,heavy_rain,landslide,9,held_out,train,train,0.6041666666666666,1.0,0.7532467532467533,0.015186464091678837,29,48,226.35532333438687,fallback
urban_grid,3.0,3.0,heavy_rain,crash,0,held_out,train,train,0.5531914893617021,1.0,0.7123287671232876,0.2973689974989736,26,47,226.35532333438687,fallback
urban_grid,3.0,3.0,heavy_rain,crash,1,held_out,train,train,0.38636363636363635,1.0,0.5573770491803279,0.2910046579599846,17,44,226.35532333438687,fallback
urban_grid,3.0,3.0,heavy_rain,crash,2,held_out,train,train,0.5333333333333333,1.0,0.6956521739130436,0.3192452002587905,24,45,226.35532333438687,fallback
urban_grid,3.0,3.0,heavy_rain,crash,3,held_out,train,train,0.5217391304347826,1.0,0.6857142857142856,0.2404024918061866,24,46,226.35532333438687,fallback
urban_grid,3.0,3.0,heavy_rain,crash,4,held_out,train,train,0.45652173913043476,1.0,0.626865671641791,0.29726291834233964,21,46,226.35532333438687,fallback
urban_grid,3.0,3.0,heavy_rain,crash,5,held_out,train,train,0.43478260869565216,1.0,0.6060606060606061,0.2346430611518978,20,46,226.35532333438687,fallback
urban_grid,3.0,3.0,heavy_rain,crash,6,held_out,train,train,0.5319148936170213,1.0,0.6944444444444444,0.33361545732708753,25,47,226.35532333438687,fallback
urban_grid,3.0,3.0,heavy_rain,crash,7,held_out,train,train,0.5555555555555556,1.0,0.7142857142857143,0.27567259707109293,25,45,226.35532333438687,fallback
urban_grid,3.0,3.0,heavy_rain,crash,8,held_out,train,train,0.36363636363636365,1.0,0.5333333333333333,0.2225211383188527,16,44,226.35532333438687,fallback
urban_grid,3.0,3.0,heavy_rain,crash,9,held_out,train,train,0.5,1.0,0.6666666666666666,0.17173464618022505,23,46,226.35532333438687,fallback
urban_grid,3.0,3.0,heavy_rain,waterlogging,0,held_out,held_out,train,0.6666666666666666,1.0,0.8,-0.013801875803490399,32,48,226.35532333438687,fallback
urban_grid,3.0,3.0,heavy_rain,waterlogging,1,held_out,held_out,train,0.5416666666666666,1.0,0.7027027027027027,0.22257719448761865,26,48,226.35532333438687,fallback
urban_grid,3.0,3.0,heavy_rain,waterlogging,2,held_out,held_out,train,0.7291666666666666,1.0,0.8433734939759037,-0.05775017420975859,35,48,226.35532333438687,fallback
urban_grid,3.0,3.0,heavy_rain,waterlogging,3,held_out,held_out,train,0.7083333333333334,1.0,0.8292682926829268,0.0629524834971616,34,48,226.35532333438687,fallback
urban_grid,3.0,3.0,heavy_rain,waterlogging,4,held_out,held_out,train,0.5957446808510638,1.0,0.7466666666666666,0.22892492422618652,28,47,226.35532333438687,fallback
urban_grid,3.0,3.0,heavy_rain,waterlogging,5,held_out,held_out,train,0.6041666666666666,1.0,0.7532467532467533,-0.08538686338623167,29,48,226.35532333438687,fallback
urban_grid,3.0,3.0,heavy_rain,waterlogging,6,held_out,held_out,train,0.625,1.0,0.7692307692307693,0.08660396356545104,30,48,226.35532333438687,fallback
urban_grid,3.0,3.0,heavy_rain,waterlogging,7,held_out,held_out,train,0.6875,1.0,0.8148148148148148,0.07738476065126028,33,48,226.35532333438687,fallback
urban_grid,3.0,3.0,heavy_rain,waterlogging,8,held_out,held_out,train,0.5,1.0,0.6666666666666666,-0.08853334663621858,24,48,226.35532333438687,fallback
urban_grid,3.0,3.0,heavy_rain,waterlogging,9,held_out,held_out,train,0.6041666666666666,1.0,0.7532467532467533,0.036806012003532285,29,48,226.35532333438687,fallback
urban_grid,3.0,3.0,heavy_rain,black_ice,0,held_out,held_out,train,0.6666666666666666,1.0,0.8,-0.022595280812362766,32,48,226.35532333438687,fallback
urban_grid,3.0,3.0,heavy_rain,black_ice,1,held_out,held_out,train,0.5416666666666666,1.0,0.7027027027027027,0.2168818719326015,26,48,226.35532333438687,fallback
urban_grid,3.0,3.0,heavy_rain,black_ice,2,held_out,held_out,train,0.7291666666666666,1.0,0.8433734939759037,-0.054253451768693076,35,48,226.35532333438687,fallback
urban_grid,3.0,3.0,heavy_rain,black_ice,3,held_out,held_out,train,0.7083333333333334,1.0,0.8292682926829268,0.059802362646381384,34,48,226.35532333438687,fallback
urban_grid,3.0,3.0,heavy_rain,black_ice,4,held_out,held_out,train,0.5957446808510638,1.0,0.7466666666666666,0.224432707374053,28,47,226.35532333438687,fallback
urban_grid,3.0,3.0,heavy_rain,black_ice,5,held_out,held_out,train,0.6041666666666666,1.0,0.7532467532467533,-0.08496450675952079,29,48,226.35532333438687,fallback
urban_grid,3.0,3.0,heavy_rain,black_ice,6,held_out,held_out,train,0.625,1.0,0.7692307692307693,0.07942377390230262,30,48,226.35532333438687,fallback
urban_grid,3.0,3.0,heavy_rain,black_ice,7,held_out,held_out,train,0.6875,1.0,0.8148148148148148,0.08330542669866366,33,48,226.35532333438687,fallback
urban_grid,3.0,3.0,heavy_rain,black_ice,8,held_out,held_out,train,0.5,1.0,0.6666666666666666,-0.10491165887786721,24,48,226.35532333438687,fallback
urban_grid,3.0,3.0,heavy_rain,black_ice,9,held_out,held_out,train,0.6041666666666666,1.0,0.7532467532467533,0.025938861653517366,29,48,226.35532333438687,fallback
urban_grid,3.0,3.0,moderate_rain,fog_bank,0,held_out,train,held_out,0.5416666666666666,1.0,0.7027027027027027,0.07306534123832377,26,48,226.35532333438687,fallback
urban_grid,3.0,3.0,moderate_rain,fog_bank,1,held_out,train,held_out,0.5416666666666666,1.0,0.7027027027027027,0.16813109359203326,26,48,226.35532333438687,fallback
urban_grid,3.0,3.0,moderate_rain,fog_bank,2,held_out,train,held_out,0.6875,1.0,0.8148148148148148,-0.017971789043401767,33,48,226.35532333438687,fallback
urban_grid,3.0,3.0,moderate_rain,fog_bank,3,held_out,train,held_out,0.6041666666666666,1.0,0.7532467532467533,0.13796175385304232,29,48,226.35532333438687,fallback
urban_grid,3.0,3.0,moderate_rain,fog_bank,4,held_out,train,held_out,0.7021276595744681,1.0,0.825,0.21740682725550775,33,47,226.35532333438687,fallback
urban_grid,3.0,3.0,moderate_rain,fog_bank,5,held_out,train,held_out,0.6041666666666666,1.0,0.7532467532467533,0.2099434986217672,29,48,226.35532333438687,fallback
urban_grid,3.0,3.0,moderate_rain,fog_bank,6,held_out,train,held_out,0.8333333333333334,1.0,0.9090909090909091,0.15982931514198348,40,48,226.35532333438687,fallback
urban_grid,3.0,3.0,moderate_rain,fog_bank,7,held_out,train,held_out,0.5416666666666666,1.0,0.7027027027027027,-0.05162493026624287,26,48,226.35532333438687,fallback
urban_grid,3.0,3.0,moderate_rain,fog_bank,8,held_out,train,held_out,0.7083333333333334,1.0,0.8292682926829268,0.08640569232544912,34,48,226.35532333438687,fallback
urban_grid,3.0,3.0,moderate_rain,fog_bank,9,held_out,train,held_out,0.6041666666666666,1.0,0.7532467532467533,0.07080071771863325,29,48,226.35532333438687,fallback
urban_grid,3.0,3.0,moderate_rain,landslide,0,held_out,train,held_out,0.5416666666666666,1.0,0.7027027027027027,-0.05491717614759391,26,48,226.35532333438687,fallback
urban_grid,3.0,3.0,moderate_rain,landslide,1,held_out,train,held_out,0.5416666666666666,1.0,0.7027027027027027,0.0933247397702041,26,48,226.35532333438687,fallback
urban_grid,3.0,3.0,moderate_rain,landslide,2,held_out,train,held_out,0.6875,1.0,0.8148148148148148,-0.02895031774593472,33,48,226.35532333438687,fallback
urban_grid,3.0,3.0,moderate_rain,landslide,3,held_out,train,held_out,0.6041666666666666,1.0,0.7532467532467533,0.028754297451835505,29,48,226.35532333438687,fallback
urban_grid,3.0,3.0,moderate_rain,landslide,4,held_out,train,held_out,0.7021276595744681,1.0,0.825,0.20912115675140264,33,47,226.35532333438687,fallback
urban_grid,3.0,3.0,moderate_rain,landslide,5,held_out,train,held_out,0.6041666666666666,1.0,0.7532467532467533,0.13075559356105004,29,48,226.35532333438687,fallback
urban_grid,3.0,3.0,moderate_rain,landslide,6,held_out,train,held_out,0.8333333333333334,1.0,0.9090909090909091,0.12508723368421373,40,48,226.35532333438687,fallback
urban_grid,3.0,3.0,moderate_rain,landslide,7,held_out,train,held_out,0.5416666666666666,1.0,0.7027027027027027,0.05625324851641168,26,48,226.35532333438687,fallback
urban_grid,3.0,3.0,moderate_rain,landslide,8,held_out,train,held_out,0.7083333333333334,1.0,0.8292682926829268,0.05454667761839142,34,48,226.35532333438687,fallback
urban_grid,3.0,3.0,moderate_rain,landslide,9,held_out,train,held_out,0.6041666666666666,1.0,0.7532467532467533,0.03444815643405326,29,48,226.35532333438687,fallback
urban_grid,3.0,3.0,moderate_rain,crash,0,held_out,train,held_out,0.4090909090909091,1.0,0.5806451612903226,0.2621507809435544,18,44,226.35532333438687,fallback
urban_grid,3.0,3.0,moderate_rain,crash,1,held_out,train,held_out,0.4888888888888889,1.0,0.6567164179104478,0.264412826355117,22,45,226.35532333438687,fallback
urban_grid,3.0,3.0,moderate_rain,crash,2,held_out,train,held_out,0.41304347826086957,1.0,0.5846153846153846,0.23638513428882627,19,46,226.35532333438687,fallback
urban_grid,3.0,3.0,moderate_rain,crash,3,held_out,train,held_out,0.4888888888888889,1.0,0.6567164179104478,0.28252144245157473,22,45,226.35532333438687,fallback
urban_grid,3.0,3.0,moderate_rain,crash,4,held_out,train,held_out,0.5652173913043478,1.0,0.7222222222222222,0.28172695155402516,26,46,226.35532333438687,fallback
urban_grid,3.0,3.0,moderate_rain,crash,5,held_out,train,held_out,0.5555555555555556,1.0,0.7142857142857143,0.28786811522030115,25,45,226.35532333438687,fallback
urban_grid,3.0,3.0,moderate_rain,crash,6,held_out,train,held_out,0.6086956521739131,1.0,0.7567567567567568,0.2922821244007823,28,46,226.35532333438687,fallback
urban_grid,3.0,3.0,moderate_rain,crash,7,held_out,train,held_out,0.37209302325581395,1.0,0.5423728813559322,0.2708806808824894,16,43,226.35532333438687,fallback
urban_grid,3.0,3.0,moderate_rain,crash,8,held_out,train,held_out,0.5581395348837209,1.0,0.7164179104477612,0.3317965985283663,24,43,226.35532333438687,fallback
urban_grid,3.0,3.0,moderate_rain,crash,9,held_out,train,held_out,0.38095238095238093,1.0,0.5517241379310345,0.28489393469421537,16,42,226.35532333438687,fallback
urban_grid,3.0,3.0,moderate_rain,waterlogging,0,held_out,held_out,held_out,0.5416666666666666,1.0,0.7027027027027027,-0.01867798402941234,26,48,226.35532333438687,fallback
urban_grid,3.0,3.0,moderate_rain,waterlogging,1,held_out,held_out,held_out,0.5416666666666666,1.0,0.7027027027027027,0.11872691595624546,26,48,226.35532333438687,fallback
urban_grid,3.0,3.0,moderate_rain,waterlogging,2,held_out,held_out,held_out,0.6875,1.0,0.8148148148148148,-0.028290705275316623,33,48,226.35532333438687,fallback
urban_grid,3.0,3.0,moderate_rain,waterlogging,3,held_out,held_out,held_out,0.6041666666666666,1.0,0.7532467532467533,0.06009089835832147,29,48,226.35532333438687,fallback
urban_grid,3.0,3.0,moderate_rain,waterlogging,4,held_out,held_out,held_out,0.7021276595744681,1.0,0.825,0.21121773119871537,33,47,226.35532333438687,fallback
urban_grid,3.0,3.0,moderate_rain,waterlogging,5,held_out,held_out,held_out,0.6041666666666666,1.0,0.7532467532467533,0.17500799235175174,29,48,226.35532333438687,fallback
urban_grid,3.0,3.0,moderate_rain,waterlogging,6,held_out,held_out,held_out,0.8333333333333334,1.0,0.9090909090909091,0.13606056707441586,40,48,226.35532333438687,fallback
urban_grid,3.0,3.0,moderate_rain,waterlogging,7,held_out,held_out,held_out,0.5416666666666666,1.0,0.7027027027027027,0.006880092826960466,26,48,226.35532333438687,fallback
urban_grid,3.0,3.0,moderate_rain,waterlogging,8,held_out,held_out,held_out,0.7083333333333334,1.0,0.8292682926829268,0.06262201981775462,34,48,226.35532333438687,fallback
urban_grid,3.0,3.0,moderate_rain,waterlogging,9,held_out,held_out,held_out,0.6041666666666666,1.0,0.7532467532467533,0.04277334073946282,29,48,226.35532333438687,fallback
urban_grid,3.0,3.0,moderate_rain,black_ice,0,held_out,held_out,held_out,0.5416666666666666,1.0,0.7027027027027027,-0.036733295614764315,26,48,226.35532333438687,fallback
urban_grid,3.0,3.0,moderate_rain,black_ice,1,held_out,held_out,held_out,0.5416666666666666,1.0,0.7027027027027027,0.10675595766599899,26,48,226.35532333438687,fallback
urban_grid,3.0,3.0,moderate_rain,black_ice,2,held_out,held_out,held_out,0.6875,1.0,0.8148148148148148,-0.028872756388218228,33,48,226.35532333438687,fallback
urban_grid,3.0,3.0,moderate_rain,black_ice,3,held_out,held_out,held_out,0.6041666666666666,1.0,0.7532467532467533,0.04461213513941044,29,48,226.35532333438687,fallback
urban_grid,3.0,3.0,moderate_rain,black_ice,4,held_out,held_out,held_out,0.7021276595744681,1.0,0.825,0.2105408385849154,33,47,226.35532333438687,fallback
urban_grid,3.0,3.0,moderate_rain,black_ice,5,held_out,held_out,held_out,0.6041666666666666,1.0,0.7532467532467533,0.1573353481266119,29,48,226.35532333438687,fallback
urban_grid,3.0,3.0,moderate_rain,black_ice,6,held_out,held_out,held_out,0.8333333333333334,1.0,0.9090909090909091,0.1304419811635807,40,48,226.35532333438687,fallback
urban_grid,3.0,3.0,moderate_rain,black_ice,7,held_out,held_out,held_out,0.5416666666666666,1.0,0.7027027027027027,0.029713345934251248,26,48,226.35532333438687,fallback
urban_grid,3.0,3.0,moderate_rain,black_ice,8,held_out,held_out,held_out,0.7083333333333334,1.0,0.8292682926829268,0.058534018077201815,34,48,226.35532333438687,fallback
urban_grid,3.0,3.0,moderate_rain,black_ice,9,held_out,held_out,held_out,0.6041666666666666,1.0,0.7532467532467533,0.03849636575734826,29,48,226.35532333438687,fallback
urban_grid,3.0,3.0,dense_fog,fog_bank,0,held_out,train,held_out,0.4583333333333333,1.0,0.6285714285714286,0.19522802855044594,22,48,226.35532333438687,fallback
urban_grid,3.0,3.0,dense_fog,fog_bank,1,held_out,train,held_out,0.6666666666666666,1.0,0.8,0.09536575236186629,32,48,226.35532333438687,fallback
urban_grid,3.0,3.0,dense_fog,fog_bank,2,held_out,train,held_out,0.7083333333333334,1.0,0.8292682926829268,0.17055627562943557,34,48,226.35532333438687,fallback
urban_grid,3.0,3.0,dense_fog,fog_bank,3,held_out,train,held_out,0.5625,1.0,0.72,0.11644697442614392,27,48,226.35532333438687,fallback
urban_grid,3.0,3.0,dense_fog,fog_bank,4,held_out,train,held_out,0.6808510638297872,1.0,0.810126582278481,0.19286157662850054,32,47,226.35532333438687,fallback
urban_grid,3.0,3.0,dense_fog,fog_bank,5,held_out,train,held_out,0.5,1.0,0.6666666666666666,-0.007269167991289958,24,48,226.35532333438687,fallback
urban_grid,3.0,3.0,dense_fog,fog_bank,6,held_out,train,held_out,0.6458333333333334,1.0,0.7848101265822784,0.11801573393776556,31,48,226.35532333438687,fallback
urban_grid,3.0,3.0,dense_fog,fog_bank,7,held_out,train,held_out,0.717391304347826,1.0,0.8354430379746834,0.28630215787860097,33,46,226.35532333438687,fallback
urban_grid,3.0,3.0,dense_fog,fog_bank,8,held_out,train,held_out,0.5957446808510638,1.0,0.7466666666666666,0.1173590537881013,28,47,226.35532333438687,fallback
urban_grid,3.0,3.0,dense_fog,fog_bank,9,held_out,train,held_out,0.6041666666666666,1.0,0.7532467532467533,0.10388553021003495,29,48,226.35532333438687,fallback
urban_grid,3.0,3.0,dense_fog,landslide,0,held_out,train,held_out,0.4583333333333333,1.0,0.6285714285714286,0.15615825850991172,22,48,226.35532333438687,fallback
urban_grid,3.0,3.0,dense_fog,landslide,1,held_out,train,held_out,0.6666666666666666,1.0,0.8,0.021946179110711478,32,48,226.35532333438687,fallback
urban_grid,3.0,3.0,dense_fog,landslide,2,held_out,train,held_out,0.7083333333333334,1.0,0.8292682926829268,0.14584031427094052,34,48,226.35532333438687,fallback
urban_grid,3.0,3.0,dense_fog,landslide,3,held_out,train,held_out,0.5625,1.0,0.72,0.1425743888878762,27,48,226.35532333438687,fallback
urban_grid,3.0,3.0,dense_fog,landslide,4,held_out,train,held_out,0.6808510638297872,1.0,0.810126582278481,0.21357545477169002,32,47,226.35532333438687,fallback
urban_grid,3.0,3.0,dense_fog,landslide,5,held_out,train,held_out,0.5,1.0,0.6666666666666666,-0.07618589898458082,24,48,226.35532333438687,fallback
urban_grid,3.0,3.0,dense_fog,landslide,6,held_out,train,held_out,0.6458333333333334,1.0,0.7848101265822784,0.07951381364784653,31,48,226.35532333438687,fallback
urban_grid,3.0,3.0,dense_fog,landslide,7,held_out,train,held_out,0.717391304347826,1.0,0.8354430379746834,0.2827872858981578,33,46,226.35532333438687,fallback
urban_grid,3.0,3.0,dense_fog,landslide,8,held_out,train,held_out,0.5957446808510638,1.0,0.7466666666666666,0.14987890408310062,28,47,226.35532333438687,fallback
urban_grid,3.0,3.0,dense_fog,landslide,9,held_out,train,held_out,0.6041666666666666,1.0,0.7532467532467533,0.016557512335317298,29,48,226.35532333438687,fallback
urban_grid,3.0,3.0,dense_fog,crash,0,held_out,train,held_out,0.4090909090909091,1.0,0.5806451612903226,0.26546271060815724,18,44,226.35532333438687,fallback
urban_grid,3.0,3.0,dense_fog,crash,1,held_out,train,held_out,0.4772727272727273,1.0,0.6461538461538462,0.3218258290135049,21,44,226.35532333438687,fallback
urban_grid,3.0,3.0,dense_fog,crash,2,held_out,train,held_out,0.5,1.0,0.6666666666666666,0.25044874817155677,23,46,226.35532333438687,fallback
urban_grid,3.0,3.0,dense_fog,crash,3,held_out,train,held_out,0.5,1.0,0.6666666666666666,0.34973764165696697,22,44,226.35532333438687,fallback
urban_grid,3.0,3.0,dense_fog,crash,4,held_out,train,held_out,0.40425531914893614,1.0,0.5757575757575757,0.26727943435056195,19,47,226.35532333438687,fallback
urban_grid,3.0,3.0,dense_fog,crash,5,held_out,train,held_out,0.425531914893617,1.0,0.5970149253731344,0.25903356883147466,20,47,226.35532333438687,fallback
urban_grid,3.0,3.0,dense_fog,crash,6,held_out,train,held_out,0.574468085106383,1.0,0.7297297297297298,0.29570640989942537,27,47,226.35532333438687,fallback
urban_grid,3.0,3.0,dense_fog,crash,7,held_out,train,held_out,0.5813953488372093,1.0,0.7352941176470588,0.41985027041373696,25,43,226.35532333438687,fallback
urban_grid,3.0,3.0,dense_fog,crash,8,held_out,train,held_out,0.5,1.0,0.6666666666666666,0.2889656069516699,22,44,226.35532333438687,fallback
urban_grid,3.0,3.0,dense_fog,crash,9,held_out,train,held_out,0.5238095238095238,1.0,0.6875000000000001,0.39532319678646055,22,42,226.35532333438687,fallback
urban_grid,3.0,3.0,dense_fog,waterlogging,0,held_out,held_out,held_out,0.4583333333333333,1.0,0.6285714285714286,0.18060976845142196,22,48,226.35532333438687,fallback
urban_grid,3.0,3.0,dense_fog,waterlogging,1,held_out,held_out,held_out,0.6666666666666666,1.0,0.8,0.04039152472428162,32,48,226.35532333438687,fallback
urban_grid,3.0,3.0,dense_fog,waterlogging,2,held_out,held_out,held_out,0.7083333333333334,1.0,0.8292682926829268,0.1503844217224172,34,48,226.35532333438687,fallback
urban_grid,3.0,3.0,dense_fog,waterlogging,3,held_out,held_out,held_out,0.5625,1.0,0.72,0.13308836071246255,27,48,226.35532333438687,fallback
urban_grid,3.0,3.0,dense_fog,waterlogging,4,held_out,held_out,held_out,0.6808510638297872,1.0,0.810126582278481,0.20731622539192815,32,47,226.35532333438687,fallback
urban_grid,3.0,3.0,dense_fog,waterlogging,5,held_out,held_out,held_out,0.5,1.0,0.6666666666666666,-0.05684095846553212,24,48,226.35532333438687,fallback
urban_grid,3.0,3.0,dense_fog,waterlogging,6,held_out,held_out,held_out,0.6458333333333334,1.0,0.7848101265822784,0.08946353946617804,31,48,226.35532333438687,fallback
urban_grid,3.0,3.0,dense_fog,waterlogging,7,held_out,held_out,held_out,0.717391304347826,1.0,0.8354430379746834,0.283745374629862,33,46,226.35532333438687,fallback
urban_grid,3.0,3.0,dense_fog,waterlogging,8,held_out,held_out,held_out,0.5957446808510638,1.0,0.7466666666666666,0.14037536296211595,28,47,226.35532333438687,fallback
urban_grid,3.0,3.0,dense_fog,waterlogging,9,held_out,held_out,held_out,0.6041666666666666,1.0,0.7532467532467533,0.03825954182384446,29,48,226.35532333438687,fallback
urban_grid,3.0,3.0,dense_fog,black_ice,0,held_out,held_out,held_out,0.4583333333333333,1.0,0.6285714285714286,0.17086575918929575,22,48,226.35532333438687,fallback
urban_grid,3.0,3.0,dense_fog,black_ice,1,held_out,held_out,held_out,0.6666666666666666,1.0,0.8,0.031039246681611787,32,48,226.35532333438687,fallback
urban_grid,3.0,3.0,dense_fog,black_ice,2,held_out,held_out,held_out,0.7083333333333334,1.0,0.8292682926829268,0.14791898390008326,34,48,226.35532333438687,fallback
urban_grid,3.0,3.0,dense_fog,black_ice,3,held_out,held_out,held_out,0.5625,1.0,0.72,0.13768423958854675,27,48,226.35532333438687,fallback
urban_grid,3.0,3.0,dense_fog,black_ice,4,held_out,held_out,held_out,0.6808510638297872,1.0,0.810126582278481,0.21042657880178753,32,47,226.35532333438687,fallback
urban_grid,3.0,3.0,dense_fog,black_ice,5,held_out,held_out,held_out,0.5,1.0,0.6666666666666666,-0.06620374656759385,24,48,226.35532333438687,fallback
urban_grid,3.0,3.0,dense_fog,black_ice,6,held_out,held_out,held_out,0.6458333333333334,1.0,0.7848101265822784,0.08441868969467156,31,48,226.35532333438687,fallback
urban_grid,3.0,3.0,dense_fog,black_ice,7,held_out,held_out,held_out,0.717391304347826,1.0,0.8354430379746834,0.283356942392235,33,46,226.35532333438687,fallback
urban_grid,3.0,3.0,dense_fog,black_ice,8,held_out,held_out,held_out,0.5957446808510638,1.0,0.7466666666666666,0.14496203651345377,28,47,226.35532333438687,fallback
urban_grid,3.0,3.0,dense_fog,black_ice,9,held_out,held_out,held_out,0.6041666666666666,1.0,0.7532467532467533,0.02719317769959333,29,48,226.35532333438687,fallback
rural_highway,5.0,5.0,clear,fog_bank,0,train,train,train,0.8695652173913043,1.0,0.9302325581395349,0.8270812758583476,60,69,226.35532333438687,fallback
rural_highway,5.0,5.0,clear,fog_bank,1,train,train,train,0.8166666666666667,1.0,0.8990825688073394,0.8521316163365161,49,60,226.35532333438687,fallback
rural_highway,5.0,5.0,clear,fog_bank,2,train,train,train,0.8360655737704918,1.0,0.9107142857142857,0.8541363963844768,51,61,226.35532333438687,fallback
rural_highway,5.0,5.0,clear,fog_bank,3,train,train,train,0.7301587301587301,1.0,0.8440366972477064,0.853733333583906,46,63,226.35532333438687,fallback
rural_highway,5.0,5.0,clear,fog_bank,4,train,train,train,0.8666666666666667,1.0,0.9285714285714286,0.8207653684437953,52,60,226.35532333438687,fallback
rural_highway,5.0,5.0,clear,fog_bank,5,train,train,train,0.8709677419354839,1.0,0.9310344827586207,0.8311150589451026,54,62,226.35532333438687,fallback
rural_highway,5.0,5.0,clear,fog_bank,6,train,train,train,0.8571428571428571,1.0,0.923076923076923,0.7931430936924329,54,63,226.35532333438687,fallback
rural_highway,5.0,5.0,clear,fog_bank,7,train,train,train,0.855072463768116,1.0,0.921875,0.841678187225303,59,69,226.35532333438687,fallback
rural_highway,5.0,5.0,clear,fog_bank,8,train,train,train,0.8695652173913043,1.0,0.9302325581395349,0.8472305113707269,60,69,226.35532333438687,fallback
rural_highway,5.0,5.0,clear,fog_bank,9,train,train,train,0.765625,1.0,0.8672566371681416,0.8385491374914282,49,64,226.35532333438687,fallback
rural_highway,5.0,5.0,clear,landslide,0,train,train,train,0.8695652173913043,1.0,0.9302325581395349,0.8396772752616122,60,69,226.35532333438687,fallback
rural_highway,5.0,5.0,clear,landslide,1,train,train,train,0.8548387096774194,1.0,0.9217391304347826,0.8649663398543391,53,62,226.35532333438687,fallback
rural_highway,5.0,5.0,clear,landslide,2,train,train,train,0.8524590163934426,1.0,0.9203539823008848,0.8609351385125367,52,61,226.35532333438687,fallback
rural_highway,5.0,5.0,clear,landslide,3,train,train,train,0.7611940298507462,1.0,0.864406779661017,0.8644060645077349,51,67,226.35532333438687,fallback
rural_highway,5.0,5.0,clear,landslide,4,train,train,train,0.8666666666666667,1.0,0.9285714285714286,0.8356241718367148,52,60,226.35532333438687,fallback
rural_highway,5.0,5.0,clear,landslide,5,train,train,train,0.8709677419354839,1.0,0.9310344827586207,0.8453899940299391,54,62,226.35532333438687,fallback
rural_highway,5.0,5.0,clear,landslide,6,train,train,train,0.8571428571428571,1.0,0.923076923076923,0.8076254302099052,54,63,226.35532333438687,fallback
rural_highway,5.0,5.0,clear,landslide,7,train,train,train,0.855072463768116,1.0,0.921875,0.8523225577007125,59,69,226.35532333438687,fallback
rural_highway,5.0,5.0,clear,landslide,8,train,train,train,0.8695652173913043,1.0,0.9302325581395349,0.8562533887260424,60,69,226.35532333438687,fallback
rural_highway,5.0,5.0,clear,landslide,9,train,train,train,0.8125,1.0,0.896551724137931,0.8454741431874269,52,64,226.35532333438687,fallback
rural_highway,5.0,5.0,clear,crash,0,train,train,train,0.8571428571428571,0.5660377358490566,0.6818181818181818,0.6726303202322916,53,35,226.35532333438687,fallback
rural_highway,5.0,5.0,clear,crash,1,train,train,train,0.75,0.5581395348837209,0.6399999999999999,0.5494667274923454,43,32,226.35532333438687,fallback
rural_highway,5.0,5.0,clear,crash,2,train,train,train,0.7941176470588235,0.6136363636363636,0.6923076923076923,0.6254770678204906,44,34,226.35532333438687,fallback
rural_highway,5.0,5.0,clear,crash,3,train,train,train,0.7419354838709677,0.575,0.6478873239436619,0.7408234154785523,40,31,226.35532333438687,fallback
rural_highway,5.0,5.0,clear,crash,4,train,train,train,0.84375,0.574468085106383,0.6835443037974684,0.46457356198400884,47,32,226.35532333438687,fallback
rural_highway,5.0,5.0,clear,crash,5,train,train,train,0.8823529411764706,0.6122448979591837,0.7228915662650602,0.5475383332100722,49,34,226.35532333438687,fallback
rural_highway,5.0,5.0,clear,crash,6,train,train,train,0.8666666666666667,0.5416666666666666,0.6666666666666667,0.47980156418156256,48,30,226.35532333438687,fallback
rural_highway,5.0,5.0,clear,crash,7,train,train,train,0.8333333333333334,0.6122448979591837,0.7058823529411765,0.6477417742458532,49,36,226.35532333438687,fallback
rural_highway,5.0,5.0,clear,crash,8,train,train,train,0.8378378378378378,0.5740740740740741,0.6813186813186813,0.655925066783224,54,37,226.35532333438687,fallback
rural_highway,5.0,5.0,clear,crash,9,train,train,train,0.7941176470588235,0.6428571428571429,0.7105263157894737,0.615137378296905,42,34,226.35532333438687,fallback
rural_highway,5.0,5.0,clear,waterlogging,0,train,held_out,train,0.8695652173913043,1.0,0.9302325581395349,0.8363608675943464,60,69,226.35532333438687,fallback
rural_highway,5.0,5.0,clear,waterlogging,1,train,held_out,train,0.8225806451612904,1.0,0.9026548672566371,0.8616569157069343,51,62,226.35532333438687,fallback
rural_highway,5.0,5.0,clear,waterlogging,2,train,held_out,train,0.8360655737704918,1.0,0.9107142857142857,0.8591462225160977,51,61,226.35532333438687,fallback
rural_highway,5.0,5.0,clear,waterlogging,3,train,held_out,train,0.7575757575757576,1.0,0.8620689655172413,0.8616528575446549,50,66,226.35532333438687,fallback
rural_highway,5.0,5.0,clear,waterlogging,4,train,held_out,train,0.8666666666666667,1.0,0.9285714285714286,0.8317002120919713,52,60,226.35532333438687,fallback
rural_highway,5.0,5.0,clear,waterlogging,5,train,held_out,train,0.8709677419354839,1.0,0.9310344827586207,0.8416165691416251,54,62,226.35532333438687,fallback
rural_highway,5.0,5.0,clear,waterlogging,6,train,held_out,train,0.8571428571428571,1.0,0.923076923076923,0.80372275733862,54,63,226.35532333438687,fallback
rural_highway,5.0,5.0,clear,waterlogging,7,train,held_out,train,0.855072463768116,1.0,0.921875,0.8495673528557982,59,69,226.35532333438687,fallback
rural_highway,5.0,5.0,clear,waterlogging,8,train,held_out,train,0.8695652173913043,1.0,0.9302325581395349,0.8538948841646155,60,69,226.35532333438687,fallback
rural_highway,5.0,5.0,clear,waterlogging,9,train,held_out,train,0.8125,1.0,0.896551724137931,0.8436086554199583,52,64,226.35532333438687,fallback
rural_highway,5.0,5.0,clear,black_ice,0,train,held_out,train,0.8695652173913043,1.0,0.9302325581395349,0.8380302122838662,60,69,226.35532333438687,fallback
rural_highway,5.0,5.0,clear,black_ice,1,train,held_out,train,0.8548387096774194,1.0,0.9217391304347826,0.8633279475731561,53,62,226.35532333438687,fallback
rural_highway,5.0,5.0,clear,black_ice,2,train,held_out,train,0.8360655737704918,1.0,0.9107142857142857,0.8600441567313747,51,61,226.35532333438687,fallback
rural_highway,5.0,5.0,clear,black_ice,3,train,held_out,train,0.7611940298507462,1.0,0.864406779661017,0.8630414350825122,51,67,226.35532333438687,fallback
rural_highway,5.0,5.0,clear,black_ice,4,train,held_out,train,0.8666666666666667,1.0,0.9285714285714286,0.8336804934875107,52,60,226.35532333438687,fallback
rural_highway,5.0,5.0,clear,black_ice,5,train,held_out,train,0.8709677419354839,1.0,0.9310344827586207,0.8435110716365917,54,62,226.35532333438687,fallback
rural_highway,5.0,5.0,clear,black_ice,6,train,held_out,train,0.8571428571428571,1.0,0.923076923076923,0.8056872761180539,54,63,226.35532333438687,fallback
rural_highway,5.0,5.0,clear,black_ice,7,train,held_out,train,0.855072463768116,1.0,0.921875,0.8509538839197522,59,69,226.35532333438687,fallback
rural_highway,5.0,5.0,clear,black_ice,8,train,held_out,train,0.8695652173913043,1.0,0.9302325581395349,0.855081218084204,60,69,226.35532333438687,fallback
rural_highway,5.0,5.0,clear,black_ice,9,train,held_out,train,0.8125,1.0,0.896551724137931,0.8445449299009843,52,64,226.35532333438687,fallback
rural_highway,5.0,5.0,heavy_rain,fog_bank,0,train,train,train,0.8484848484848485,1.0,0.9180327868852458,0.7843379356143589,56,66,226.35532333438687,fallback
rural_highway,5.0,5.0,heavy_rain,fog_bank,1,train,train,train,0.8392857142857143,1.0,0.9126213592233009,0.8164745107979715,47,56,226.35532333438687,fallback
rural_highway,5.0,5.0,heavy_rain,fog_bank,2,train,train,train,0.8461538461538461,1.0,0.9166666666666666,0.8509978246769901,44,52,226.35532333438687,fallback
rural_highway,5.0,5.0,heavy_rain,fog_bank,3,train,train,train,0.8214285714285714,1.0,0.9019607843137255,0.8242924986034679,46,56,226.35532333438687,fallback
rural_highway,5.0,5.0,heavy_rain,fog_bank,4,train,train,train,0.8363636363636363,1.0,0.9108910891089108,0.7689347683850423,46,55,226.35532333438687,fallback
rural_highway,5.0,5.0,heavy_rain,fog_bank,5,train,train,train,0.7843137254901961,1.0,0.8791208791208792,0.8316976185790481,40,51,226.35532333438687,fallback
rural_highway,5.0,5.0,heavy_rain,fog_bank,6,train,train,train,0.7241379310344828,1.0,0.8400000000000001,0.7965795394471819,42,58,226.35532333438687,fallback
rural_highway,5.0,5.0,heavy_rain,fog_bank,7,train,train,train,0.7966101694915254,1.0,0.8867924528301886,0.8305791483741485,47,59,226.35532333438687,fallback
rural_highway,5.0,5.0,heavy_rain,fog_bank,8,train,train,train,0.7966101694915254,1.0,0.8867924528301886,0.8405437542320979,47,59,226.35532333438687,fallback
rural_highway,5.0,5.0,heavy_rain,fog_bank,9,train,train,train,0.7692307692307693,1.0,0.8695652173913044,0.8288791887227916,40,52,226.35532333438687,fallback
rural_highway,5.0,5.0,heavy_rain,landslide,0,train,train,train,0.8676470588235294,1.0,0.9291338582677166,0.7980042648719408,59,68,226.35532333438687,fallback
rural_highway,5.0,5.0,heavy_rain,landslide,1,train,train,train,0.8392857142857143,1.0,0.9126213592233009,0.8313030069527476,47,56,226.35532333438687,fallback
rural_highway,5.0,5.0,heavy_rain,landslide,2,train,train,train,0.8653846153846154,1.0,0.9278350515463918,0.8600251442594526,45,52,226.35532333438687,fallback
rural_highway,5.0,5.0,heavy_rain,landslide,3,train,train,train,0.8214285714285714,1.0,0.9019607843137255,0.8398705564516961,46,56,226.35532333438687,fallback
rural_highway,5.0,5.0,heavy_rain,landslide,4,train,train,train,0.8363636363636363,1.0,0.9108910891089108,0.7799901315104386,46,55,226.35532333438687,fallback
rural_highway,5.0,5.0,heavy_rain,landslide,5,train,train,train,0.7777777777777778,1.0,0.8750000000000001,0.8417299312964456,42,54,226.35532333438687,fallback
rural_highway,5.0,5.0,heavy_rain,landslide,6,train,train,train,0.7457627118644068,1.0,0.8543689320388349,0.8087551926615754,44,59,226.35532333438687,fallback
rural_highway,5.0,5.0,heavy_rain,landslide,7,train,train,train,0.7966101694915254,1.0,0.8867924528301886,0.8443868900217394,47,59,226.35532333438687,fallback
rural_highway,5.0,5.0,heavy_rain,landslide,8,train,train,train,0.8333333333333334,1.0,0.9090909090909091,0.8501326724894978,50,60,226.35532333438687,fallback
rural_highway,5.0,5.0,heavy_rain,landslide,9,train,train,train,0.7547169811320755,1.0,0.8602150537634409,0.8348643294351938,40,53,226.35532333438687,fallback
rural_highway,5.0,5.0,heavy_rain,crash,0,train,train,train,0.8648648648648649,0.6274509803921569,0.7272727272727273,0.6097844380081147,51,37,226.35532333438687,fallback
rural_highway,5.0,5.0,heavy_rain,crash,1,train,train,train,0.8,0.6153846153846154,0.6956521739130435,0.5903656838001475,39,30,226.35532333438687,fallback
rural_highway,5.0,5.0,heavy_rain,crash,2,train,train,train,0.8518518518518519,0.6052631578947368,0.7076923076923076,0.6285289858210305,38,27,226.35532333438687,fallback
rural_highway,5.0,5.0,heavy_rain,crash,3,train,train,train,0.7777777777777778,0.4666666666666667,0.5833333333333334,0.5984613019318524,45,27,226.35532333438687,fallback
rural_highway,5.0,5.0,heavy_rain,crash,4,train,train,train,0.7857142857142857,0.5238095238095238,0.6285714285714286,0.4814312246729288,42,28,226.35532333438687,fallback
rural_highway,5.0,5.0,heavy_rain,crash,5,train,train,train,0.8214285714285714,0.6216216216216216,0.7076923076923075,0.47968920541340376,37,28,226.35532333438687,fallback
rural_highway,5.0,5.0,heavy_rain,crash,6,train,train,train,0.7142857142857143,0.5405405405405406,0.6153846153846154,0.5894322424275877,37,28,226.35532333438687,fallback
rural_highway,5.0,5.0,heavy_rain,crash,7,train,train,train,0.7333333333333333,0.5238095238095238,0.611111111111111,0.5606160490281661,42,30,226.35532333438687,fallback
rural_highway,5.0,5.0,heavy_rain,crash,8,train,train,train,0.8666666666666667,0.6190476190476191,0.7222222222222222,0.694987117195074,42,30,226.35532333438687,fallback
rural_highway,5.0,5.0,heavy_rain,crash,9,train,train,train,0.7083333333333334,0.4857142857142857,0.576271186440678,0.6470907539479631,35,24,226.35532333438687,fallback
rural_highway,5.0,5.0,heavy_rain,waterlogging,0,train,held_out,train,0.8676470588235294,1.0,0.9291338582677166,0.7943597956112909,59,68,226.35532333438687,fallback
rural_highway,5.0,5.0,heavy_rain,waterlogging,1,train,held_out,train,0.8392857142857143,1.0,0.9126213592233009,0.8273907135312303,47,56,226.35532333438687,fallback
rural_highway,5.0,5.0,heavy_rain,waterlogging,2,train,held_out,train,0.8653846153846154,1.0,0.9278350515463918,0.8576860910033399,45,52,226.35532333438687,fallback
rural_highway,5.0,5.0,heavy_rain,waterlogging,3,train,held_out,train,0.8214285714285714,1.0,0.9019607843137255,0.8358175809536453,46,56,226.35532333438687,fallback
rural_highway,5.0,5.0,heavy_rain,waterlogging,4,train,held_out,train,0.8363636363636363,1.0,0.9108910891089108,0.7770199184094078,46,55,226.35532333438687,fallback
rural_highway,5.0,5.0,heavy_rain,waterlogging,5,train,held_out,train,0.7924528301886793,1.0,0.8842105263157896,0.8390705027130585,42,53,226.35532333438687,fallback
rural_highway,5.0,5.0,heavy_rain,waterlogging,6,train,held_out,train,0.7413793103448276,1.0,0.8514851485148515,0.8055209675278724,43,58,226.35532333438687,fallback
rural_highway,5.0,5.0,heavy_rain,waterlogging,7,train,held_out,train,0.7966101694915254,1.0,0.8867924528301886,0.8407898822300167,47,59,226.35532333438687,fallback
rural_highway,5.0,5.0,heavy_rain,waterlogging,8,train,held_out,train,0.8,1.0,0.888888888888889,0.8476588652434459,48,60,226.35532333438687,fallback
rural_highway,5.0,5.0,heavy_rain,waterlogging,9,train,held_out,train,0.7692307692307693,1.0,0.8695652173913044,0.8332745885563622,40,52,226.35532333438687,fallback
rural_highway,5.0,5.0,heavy_rain,black_ice,0,train,held_out,train,0.8676470588235294,1.0,0.9291338582677166,0.7961903277253636,59,68,226.35532333438687,fallback
rural_highway,5.0,5.0,heavy_rain,black_ice,1,train,held_out,train,0.8392857142857143,1.0,0.9126213592233009,0.829364021570639,47,56,226.35532333438687,fallback
rural_highway,5.0,5.0,heavy_rain,black_ice,2,train,held_out,train,0.8653846153846154,1.0,0.9278350515463918,0.8588624760602042,45,52,226.35532333438687,fallback
rural_highway,5.0,5.0,heavy_rain,black_ice,3,train,held_out,train,0.8214285714285714,1.0,0.9019607843137255,0.8378648275969761,46,56,226.35532333438687,fallback
rural_highway,5.0,5.0,heavy_rain,black_ice,4,train,held_out,train,0.8363636363636363,1.0,0.9108910891089108,0.7785129679756361,46,55,226.35532333438687,fallback
rural_highway,5.0,5.0,heavy_rain,black_ice,5,train,held_out,train,0.7777777777777778,1.0,0.8750000000000001,0.840405841924605,42,54,226.35532333438687,fallback
rural_highway,5.0,5.0,heavy_rain,black_ice,6,train,held_out,train,0.7413793103448276,1.0,0.8514851485148515,0.8071491523603859,43,58,226.35532333438687,fallback
rural_highway,5.0,5.0,heavy_rain,black_ice,7,train,held_out,train,0.7966101694915254,1.0,0.8867924528301886,0.8426045742144606,47,59,226.35532333438687,fallback
rural_highway,5.0,5.0,heavy_rain,black_ice,8,train,held_out,train,0.8166666666666667,1.0,0.8990825688073394,0.8489040320399127,49,60,226.35532333438687,fallback
rural_highway,5.0,5.0,heavy_rain,black_ice,9,train,held_out,train,0.7692307692307693,1.0,0.8695652173913044,0.8340715230781399,40,52,226.35532333438687,fallback
rural_highway,5.0,5.0,moderate_rain,fog_bank,0,train,train,held_out,0.8529411764705882,1.0,0.9206349206349206,0.7989032224031014,58,68,226.35532333438687,fallback
rural_highway,5.0,5.0,moderate_rain,fog_bank,1,train,train,held_out,0.8095238095238095,1.0,0.8947368421052632,0.822328416850511,51,63,226.35532333438687,fallback
rural_highway,5.0,5.0,moderate_rain,fog_bank,2,train,train,held_out,0.8387096774193549,1.0,0.9122807017543859,0.8386780396411828,52,62,226.35532333438687,fallback
rural_highway,5.0,5.0,moderate_rain,fog_bank,3,train,train,held_out,0.8064516129032258,1.0,0.8928571428571428,0.8303070230686811,50,62,226.35532333438687,fallback
rural_highway,5.0,5.0,moderate_rain,fog_bank,4,train,train,held_out,0.8305084745762712,1.0,0.9074074074074074,0.797385596448437,49,59,226.35532333438687,fallback
rural_highway,5.0,5.0,moderate_rain,fog_bank,5,train,train,held_out,0.8666666666666667,1.0,0.9285714285714286,0.8406064082436971,52,60,226.35532333438687,fallback
rural_highway,5.0,5.0,moderate_rain,fog_bank,6,train,train,held_out,0.7692307692307693,1.0,0.8695652173913044,0.7766633617890266,50,65,226.35532333438687,fallback
rural_highway,5.0,5.0,moderate_rain,fog_bank,7,train,train,held_out,0.7741935483870968,1.0,0.8727272727272727,0.8399685068054867,48,62,226.35532333438687,fallback
rural_highway,5.0,5.0,moderate_rain,fog_bank,8,train,train,held_out,0.8548387096774194,1.0,0.9217391304347826,0.8438226390626467,53,62,226.35532333438687,fallback
rural_highway,5.0,5.0,moderate_rain,fog_bank,9,train,train,held_out,0.6607142857142857,1.0,0.7956989247311829,0.8144837214380019,37,56,226.35532333438687,fallback
rural_highway,5.0,5.0,moderate_rain,landslide,0,train,train,held_out,0.8529411764705882,1.0,0.9206349206349206,0.813358944326972,58,68,226.35532333438687,fallback
rural_highway,5.0,5.0,moderate_rain,landslide,1,train,train,held_out,0.8095238095238095,1.0,0.8947368421052632,0.8359914312445808,51,63,226.35532333438687,fallback
rural_highway,5.0,5.0,moderate_rain,landslide,2,train,train,held_out,0.828125,1.0,0.905982905982906,0.8489991783910624,53,64,226.35532333438687,fallback
rural_highway,5.0,5.0,moderate_rain,landslide,3,train,train,held_out,0.8064516129032258,1.0,0.8928571428571428,0.8438139420216503,50,62,226.35532333438687,fallback
rural_highway,5.0,5.0,moderate_rain,landslide,4,train,train,held_out,0.8253968253968254,1.0,0.9043478260869565,0.8080132104470746,52,63,226.35532333438687,fallback
rural_highway,5.0,5.0,moderate_rain,landslide,5,train,train,held_out,0.8666666666666667,1.0,0.9285714285714286,0.8512218364705904,52,60,226.35532333438687,fallback
rural_highway,5.0,5.0,moderate_rain,landslide,6,train,train,held_out,0.7692307692307693,1.0,0.8695652173913044,0.7899245616657385,50,65,226.35532333438687,fallback
rural_highway,5.0,5.0,moderate_rain,landslide,7,train,train,held_out,0.7741935483870968,1.0,0.8727272727272727,0.851975272194118,48,62,226.35532333438687,fallback
rural_highway,5.0,5.0,moderate_rain,landslide,8,train,train,held_out,0.8412698412698413,1.0,0.9137931034482758,0.8528509543258376,53,63,226.35532333438687,fallback
rural_highway,5.0,5.0,moderate_rain,landslide,9,train,train,held_out,0.6949152542372882,1.0,0.8200000000000001,0.8226957735649165,41,59,226.35532333438687,fallback
rural_highway,5.0,5.0,moderate_rain,crash,0,train,train,held_out,0.8333333333333334,0.5882352941176471,0.6896551724137931,0.6255176590714406,51,36,226.35532333438687,fallback
rural_highway,5.0,5.0,moderate_rain,crash,1,train,train,held_out,0.7272727272727273,0.5581395348837209,0.6315789473684211,0.5644251769808986,43,33,226.35532333438687,fallback
rural_highway,5.0,5.0,moderate_rain,crash,2,train,train,held_out,0.8064516129032258,0.5434782608695652,0.6493506493506493,0.5944537796769894,46,31,226.35532333438687,fallback
rural_highway,5.0,5.0,moderate_rain,crash,3,train,train,held_out,0.7241379310344828,0.4666666666666667,0.5675675675675675,0.6735329200709852,45,29,226.35532333438687,fallback
rural_highway,5.0,5.0,moderate_rain,crash,4,train,train,held_out,0.78125,0.5555555555555556,0.6493506493506493,0.5178505673902467,45,32,226.35532333438687,fallback
rural_highway,5.0,5.0,moderate_rain,crash,5,train,train,held_out,0.8709677419354839,0.5869565217391305,0.7012987012987013,0.5369505249061541,46,31,226.35532333438687,fallback
rural_highway,5.0,5.0,moderate_rain,crash,6,train,train,held_out,0.7058823529411765,0.5454545454545454,0.6153846153846153,0.5209704713638756,44,34,226.35532333438687,fallback
rural_highway,5.0,5.0,moderate_rain,crash,7,train,train,held_out,0.8181818181818182,0.6923076923076923,0.7500000000000001,0.6362130244266737,39,33,226.35532333438687,fallback
rural_highway,5.0,5.0,moderate_rain,crash,8,train,train,held_out,0.84375,0.574468085106383,0.6835443037974684,0.6892637792874358,47,32,226.35532333438687,fallback
rural_highway,5.0,5.0,moderate_rain,crash,9,train,train,held_out,0.6153846153846154,0.5,0.5517241379310345,0.5659038736815162,32,26,226.35532333438687,fallback
rural_highway,5.0,5.0,moderate_rain,waterlogging,0,train,held_out,held_out,0.8529411764705882,1.0,0.9206349206349206,0.8095263640941001,58,68,226.35532333438687,fallback
rural_highway,5.0,5.0,moderate_rain,waterlogging,1,train,held_out,held_out,0.8095238095238095,1.0,0.8947368421052632,0.8324299325391691,51,63,226.35532333438687,fallback
rural_highway,5.0,5.0,moderate_rain,waterlogging,2,train,held_out,held_out,0.8253968253968254,1.0,0.9043478260869565,0.846281774582204,52,63,226.35532333438687,fallback
rural_highway,5.0,5.0,moderate_rain,waterlogging,3,train,held_out,held_out,0.8064516129032258,1.0,0.8928571428571428,0.8403185411567475,50,62,226.35532333438687,fallback
rural_highway,5.0,5.0,moderate_rain,waterlogging,4,train,held_out,held_out,0.8360655737704918,1.0,0.9107142857142857,0.805198556909639,51,61,226.35532333438687,fallback
rural_highway,5.0,5.0,moderate_rain,waterlogging,5,train,held_out,held_out,0.8666666666666667,1.0,0.9285714285714286,0.8484330877217569,52,60,226.35532333438687,fallback
rural_highway,5.0,5.0,moderate_rain,waterlogging,6,train,held_out,held_out,0.7692307692307693,1.0,0.8695652173913044,0.7864530708202291,50,65,226.35532333438687,fallback
rural_highway,5.0,5.0,moderate_rain,waterlogging,7,train,held_out,held_out,0.7741935483870968,1.0,0.8727272727272727,0.8488735526409085,48,62,226.35532333438687,fallback
rural_highway,5.0,5.0,moderate_rain,waterlogging,8,train,held_out,held_out,0.8412698412698413,1.0,0.9137931034482758,0.850481136531332,53,63,226.35532333438687,fallback
rural_highway,5.0,5.0,moderate_rain,waterlogging,9,train,held_out,held_out,0.6610169491525424,1.0,0.7959183673469388,0.8204951386745285,39,59,226.35532333438687,fallback
rural_highway,5.0,5.0,moderate_rain,black_ice,0,train,held_out,held_out,0.8529411764705882,1.0,0.9206349206349206,0.811454539625638,58,68,226.35532333438687,fallback
rural_highway,5.0,5.0,moderate_rain,black_ice,1,train,held_out,held_out,0.8095238095238095,1.0,0.8947368421052632,0.8342255530305284,51,63,226.35532333438687,fallback
rural_highway,5.0,5.0,moderate_rain,black_ice,2,train,held_out,held_out,0.8412698412698413,1.0,0.9137931034482758,0.8476487492657034,53,63,226.35532333438687,fallback
rural_highway,5.0,5.0,moderate_rain,black_ice,3,train,held_out,held_out,0.8064516129032258,1.0,0.8928571428571428,0.842081383562173,50,62,226.35532333438687,fallback
rural_highway,5.0,5.0,moderate_rain,black_ice,4,train,held_out,held_out,0.8387096774193549,1.0,0.9122807017543859,0.8066142702912983,52,62,226.35532333438687,fallback
rural_highway,5.0,5.0,moderate_rain,black_ice,5,train,held_out,held_out,0.8666666666666667,1.0,0.9285714285714286,0.8498366050150646,52,60,226.35532333438687,fallback
rural_highway,5.0,5.0,moderate_rain,black_ice,6,train,held_out,held_out,0.7692307692307693,1.0,0.8695652173913044,0.7882014084634513,50,65,226.35532333438687,fallback
rural_highway,5.0,5.0,moderate_rain,black_ice,7,train,held_out,held_out,0.7741935483870968,1.0,0.8727272727272727,0.850437253901116,48,62,226.35532333438687,fallback
rural_highway,5.0,5.0,moderate_rain,black_ice,8,train,held_out,held_out,0.8412698412698413,1.0,0.9137931034482758,0.851672241909394,53,63,226.35532333438687,fallback
rural_highway,5.0,5.0,moderate_rain,black_ice,9,train,held_out,held_out,0.6779661016949152,1.0,0.8080808080808081,0.8216003627023588,40,59,226.35532333438687,fallback
rural_highway,5.0,5.0,dense_fog,fog_bank,0,train,train,held_out,0.8333333333333334,1.0,0.9090909090909091,0.7856219536530401,45,54,226.35532333438687,fallback
rural_highway,5.0,5.0,dense_fog,fog_bank,1,train,train,held_out,0.8301886792452831,1.0,0.9072164948453608,0.8102376070200579,44,53,226.35532333438687,fallback
rural_highway,5.0,5.0,dense_fog,fog_bank,2,train,train,held_out,0.8148148148148148,1.0,0.8979591836734693,0.8437543741047233,44,54,226.35532333438687,fallback
rural_highway,5.0,5.0,dense_fog,fog_bank,3,train,train,held_out,0.8571428571428571,1.0,0.923076923076923,0.8392229566560716,48,56,226.35532333438687,fallback
rural_highway,5.0,5.0,dense_fog,fog_bank,4,train,train,held_out,0.8363636363636363,1.0,0.9108910891089108,0.7674384645216848,46,55,226.35532333438687,fallback
rural_highway,5.0,5.0,dense_fog,fog_bank,5,train,train,held_out,0.8333333333333334,1.0,0.9090909090909091,0.8099017877766554,45,54,226.35532333438687,fallback
rural_highway,5.0,5.0,dense_fog,fog_bank,6,train,train,held_out,0.7090909090909091,1.0,0.8297872340425533,0.7921793926820223,39,55,226.35532333438687,fallback
rural_highway,5.0,5.0,dense_fog,fog_bank,7,train,train,held_out,0.8269230769230769,1.0,0.9052631578947368,0.8254248246840001,43,52,226.35532333438687,fallback
rural_highway,5.0,5.0,dense_fog,fog_bank,8,train,train,held_out,0.7868852459016393,1.0,0.8807339449541284,0.8216787713939492,48,61,226.35532333438687,fallback
rural_highway,5.0,5.0,dense_fog,fog_bank,9,train,train,held_out,0.6538461538461539,1.0,0.7906976744186047,0.784994178068441,34,52,226.35532333438687,fallback
rural_highway,5.0,5.0,dense_fog,landslide,0,train,train,held_out,0.8333333333333334,1.0,0.9090909090909091,0.7981926294894919,45,54,226.35532333438687,fallback
rural_highway,5.0,5.0,dense_fog,landslide,1,train,train,held_out,0.8148148148148148,1.0,0.8979591836734693,0.8256798168120968,44,54,226.35532333438687,fallback
rural_highway,5.0,5.0,dense_fog,landslide,2,train,train,held_out,0.8,1.0,0.888888888888889,0.8528413305773146,44,55,226.35532333438687,fallback
rural_highway,5.0,5.0,dense_fog,landslide,3,train,train,held_out,0.8571428571428571,1.0,0.923076923076923,0.8526285802194297,48,56,226.35532333438687,fallback
rural_highway,5.0,5.0,dense_fog,landslide,4,train,train,held_out,0.8363636363636363,1.0,0.9108910891089108,0.7800927938088892,46,55,226.35532333438687,fallback
rural_highway,5.0,5.0,dense_fog,landslide,5,train,train,held_out,0.8333333333333334,1.0,0.9090909090909091,0.8229980054787631,45,54,226.35532333438687,fallback
rural_highway,5.0,5.0,dense_fog,landslide,6,train,train,held_out,0.7090909090909091,1.0,0.8297872340425533,0.8053172782027535,39,55,226.35532333438687,fallback
rural_highway,5.0,5.0,dense_fog,landslide,7,train,train,held_out,0.8113207547169812,1.0,0.8958333333333334,0.8399198132771525,43,53,226.35532333438687,fallback
rural_highway,5.0,5.0,dense_fog,landslide,8,train,train,held_out,0.8360655737704918,1.0,0.9107142857142857,0.8337501939728504,51,61,226.35532333438687,fallback
rural_highway,5.0,5.0,dense_fog,landslide,9,train,train,held_out,0.6923076923076923,1.0,0.8181818181818181,0.7922927414058533,36,52,226.35532333438687,fallback
rural_highway,5.0,5.0,dense_fog,crash,0,train,train,held_out,0.8484848484848485,0.717948717948718,0.7777777777777778,0.6350974586972407,39,33,226.35532333438687,fallback
rural_highway,5.0,5.0,dense_fog,crash,1,train,train,held_out,0.76,0.5,0.6031746031746031,0.5599468847380381,38,25,226.35532333438687,fallback
rural_highway,5.0,5.0,dense_fog,crash,2,train,train,held_out,0.72,0.4864864864864865,0.5806451612903226,0.6424338222667582,37,25,226.35532333438687,fallback
rural_highway,5.0,5.0,dense_fog,crash,3,train,train,held_out,0.8076923076923077,0.45652173913043476,0.5833333333333333,0.5882088753295379,46,26,226.35532333438687,fallback
rural_highway,5.0,5.0,dense_fog,crash,4,train,train,held_out,0.7857142857142857,0.5238095238095238,0.6285714285714286,0.5071028157474216,42,28,226.35532333438687,fallback
rural_highway,5.0,5.0,dense_fog,crash,5,train,train,held_out,0.8,0.4878048780487805,0.6060606060606061,0.4268611557049651,41,25,226.35532333438687,fallback
rural_highway,5.0,5.0,dense_fog,crash,6,train,train,held_out,0.75,0.6,0.6666666666666665,0.5772483551477141,35,28,226.35532333438687,fallback
rural_highway,5.0,5.0,dense_fog,crash,7,train,train,held_out,0.8148148148148148,0.5641025641025641,0.6666666666666667,0.5828321740458565,39,27,226.35532333438687,fallback
rural_highway,5.0,5.0,dense_fog,crash,8,train,train,held_out,0.8064516129032258,0.5319148936170213,0.641025641025641,0.6349686218507303,47,31,226.35532333438687,fallback
rural_highway,5.0,5.0,dense_fog,crash,9,train,train,held_out,0.625,0.5,0.5555555555555556,0.6214336712635377,30,24,226.35532333438687,fallback
rural_highway,5.0,5.0,dense_fog,waterlogging,0,train,held_out,held_out,0.8333333333333334,1.0,0.9090909090909091,0.7948619966797861,45,54,226.35532333438687,fallback
rural_highway,5.0,5.0,dense_fog,waterlogging,1,train,held_out,held_out,0.8301886792452831,1.0,0.9072164948453608,0.8216046641663489,44,53,226.35532333438687,fallback
rural_highway,5.0,5.0,dense_fog,waterlogging,2,train,held_out,held_out,0.8,1.0,0.888888888888889,0.8505025223901983,44,55,226.35532333438687,fallback
rural_highway,5.0,5.0,dense_fog,waterlogging,3,train,held_out,held_out,0.8571428571428571,1.0,0.923076923076923,0.8491353544142151,48,56,226.35532333438687,fallback
rural_highway,5.0,5.0,dense_fog,waterlogging,4,train,held_out,held_out,0.8363636363636363,1.0,0.9108910891089108,0.7767613623758531,46,55,226.35532333438687,fallback
rural_highway,5.0,5.0,dense_fog,waterlogging,5,train,held_out,held_out,0.8333333333333334,1.0,0.9090909090909091,0.8195520085036121,45,54,226.35532333438687,fallback
rural_highway,5.0,5.0,dense_fog,waterlogging,6,train,held_out,held_out,0.7090909090909091,1.0,0.8297872340425533,0.8018371940014951,39,55,226.35532333438687,fallback
rural_highway,5.0,5.0,dense_fog,waterlogging,7,train,held_out,held_out,0.8113207547169812,1.0,0.8958333333333334,0.8361398598542259,43,53,226.35532333438687,fallback
rural_highway,5.0,5.0,dense_fog,waterlogging,8,train,held_out,held_out,0.8360655737704918,1.0,0.9107142857142857,0.8306292125284306,51,61,226.35532333438687,fallback
rural_highway,5.0,5.0,dense_fog,waterlogging,9,train,held_out,held_out,0.6730769230769231,1.0,0.8045977011494253,0.7903703319075739,35,52,226.35532333438687,fallback
rural_highway,5.0,5.0,dense_fog,black_ice,0,train,held_out,held_out,0.8333333333333334,1.0,0.9090909090909091,0.7965355522496836,45,54,226.35532333438687,fallback
rural_highway,5.0,5.0,dense_fog,black_ice,1,train,held_out,held_out,0.8301886792452831,1.0,0.9072164948453608,0.8236599956876025,44,53,226.35532333438687,fallback
rural_highway,5.0,5.0,dense_fog,black_ice,2,train,held_out,held_out,0.8,1.0,0.888888888888889,0.8516783709355479,44,55,226.35532333438687,fallback
rural_highway,5.0,5.0,dense_fog,black_ice,3,train,held_out,held_out,0.8571428571428571,1.0,0.923076923076923,0.8508983713473209,48,56,226.35532333438687,fallback
rural_highway,5.0,5.0,dense_fog,black_ice,4,train,held_out,held_out,0.8363636363636363,1.0,0.9108910891089108,0.7784375150996485,46,55,226.35532333438687,fallback
rural_highway,5.0,5.0,dense_fog,black_ice,5,train,held_out,held_out,0.8333333333333334,1.0,0.9090909090909091,0.8212869659102164,45,54,226.35532333438687,fallback
rural_highway,5.0,5.0,dense_fog,black_ice,6,train,held_out,held_out,0.7090909090909091,1.0,0.8297872340425533,0.8035899580980952,39,55,226.35532333438687,fallback
rural_highway,5.0,5.0,dense_fog,black_ice,7,train,held_out,held_out,0.8113207547169812,1.0,0.8958333333333334,0.8380475228448138,43,53,226.35532333438687,fallback
rural_highway,5.0,5.0,dense_fog,black_ice,8,train,held_out,held_out,0.8360655737704918,1.0,0.9107142857142857,0.8322017558853174,51,61,226.35532333438687,fallback
rural_highway,5.0,5.0,dense_fog,black_ice,9,train,held_out,held_out,0.6923076923076923,1.0,0.8181818181818181,0.7913335545453598,36,52,226.35532333438687,fallback
urban_nlos,5.0,5.0,clear,fog_bank,0,train,train,train,0.6134453781512605,1.0,0.7604166666666667,0.047690759061036814,73,119,226.35532333438687,fallback
urban_nlos,5.0,5.0,clear,fog_bank,1,train,train,train,0.5462184873949579,1.0,0.7065217391304348,-0.008304776928560303,65,119,226.35532333438687,fallback
urban_nlos,5.0,5.0,clear,fog_bank,2,train,train,train,0.5338983050847458,1.0,0.696132596685083,0.19846486184742582,63,118,226.35532333438687,fallback
urban_nlos,5.0,5.0,clear,fog_bank,3,train,train,train,0.5378151260504201,1.0,0.6994535519125683,0.04814780912808318,64,119,226.35532333438687,fallback
urban_nlos,5.0,5.0,clear,fog_bank,4,train,train,train,0.5333333333333333,1.0,0.6956521739130436,0.04444246998280167,64,120,226.35532333438687,fallback
urban_nlos,5.0,5.0,clear,fog_bank,5,train,train,train,0.575,1.0,0.7301587301587301,-0.031937796736161275,69,120,226.35532333438687,fallback
urban_nlos,5.0,5.0,clear,fog_bank,6,train,train,train,0.48333333333333334,1.0,0.6516853932584269,0.07033210223562672,58,120,226.35532333438687,fallback
urban_nlos,5.0,5.0,clear,fog_bank,7,train,train,train,0.635593220338983,1.0,0.77720207253886,0.1814558864572399,75,118,226.35532333438687,fallback
urban_nlos,5.0,5.0,clear,fog_bank,8,train,train,train,0.625,1.0,0.7692307692307693,0.15589027714983064,75,120,226.35532333438687,fallback
urban_nlos,5.0,5.0,clear,fog_bank,9,train,train,train,0.49166666666666664,1.0,0.659217877094972,0.0686661964554268,59,120,226.35532333438687,fallback
urban_nlos,5.0,5.0,clear,landslide,0,train,train,train,0.6218487394957983,1.0,0.766839378238342,0.002932344049504062,74,119,226.35532333438687,fallback
urban_nlos,5.0,5.0,clear,landslide,1,train,train,train,0.5462184873949579,1.0,0.7065217391304348,0.015667335824849284,65,119,226.35532333438687,fallback
urban_nlos,5.0,5.0,clear,landslide,2,train,train,train,0.5338983050847458,1.0,0.696132596685083,0.1755253384464788,63,118,226.35532333438687,fallback
urban_nlos,5.0,5.0,clear,landslide,3,train,train,train,0.5378151260504201,1.0,0.6994535519125683,0.09641051294407799,64,119,226.35532333438687,fallback
urban_nlos,5.0,5.0,clear,landslide,4,train,train,train,0.5333333333333333,1.0,0.6956521739130436,0.0039740781131539695,64,120,226.35532333438687,fallback
urban_nlos,5.0,5.0,clear,landslide,5,train,train,train,0.575,1.0,0.7301587301587301,-0.044187891052873,69,120,226.35532333438687,fallback
urban_nlos,5.0,5.0,clear,landslide,6,train,train,train,0.48333333333333334,1.0,0.6516853932584269,0.04924984361271701,58,120,226.35532333438687,fallback
urban_nlos,5.0,5.0,clear,landslide,7,train,train,train,0.635593220338983,1.0,0.77720207253886,0.18606226644519094,75,118,226.35532333438687,fallback
urban_nlos,5.0,5.0,clear,landslide,8,train,train,train,0.625,1.0,0.7692307692307693,0.12244184441419101,75,120,226.35532333438687,fallback
urban_nlos,5.0,5.0,clear,landslide,9,train,train,train,0.5,1.0,0.6666666666666666,0.06547733508927846,60,120,226.35532333438687,fallback
urban_nlos,5.0,5.0,clear,crash,0,train,train,train,0.5675675675675675,1.0,0.7241379310344828,0.2793292978134393,63,111,226.35532333438687,fallback
urban_nlos,5.0,5.0,clear,crash,1,train,train,train,0.5267857142857143,1.0,0.6900584795321637,0.23035838163850764,59,112,226.35532333438687,fallback
urban_nlos,5.0,5.0,clear,crash,2,train,train,train,0.5454545454545454,1.0,0.7058823529411764,0.3704243184268923,60,110,226.35532333438687,fallback
urban_nlos,5.0,5.0,clear,crash,3,train,train,train,0.5178571428571429,1.0,0.6823529411764707,0.25108158878112735,58,112,226.35532333438687,fallback
urban_nlos,5.0,5.0,clear,crash,4,train,train,train,0.5357142857142857,1.0,0.6976744186046512,0.3073117656471686,60,112,226.35532333438687,fallback
urban_nlos,5.0,5.0,clear,crash,5,train,train,train,0.5752212389380531,1.0,0.7303370786516854,0.2605077323614062,65,113,226.35532333438687,fallback
urban_nlos,5.0,5.0,clear,crash,6,train,train,train,0.4824561403508772,1.0,0.650887573964497,0.2500763705355156,55,114,226.35532333438687,fallback
urban_nlos,5.0,5.0,clear,crash,7,train,train,train,0.625,1.0,0.7692307692307693,0.26376964744301573,70,112,226.35532333438687,fallback
urban_nlos,5.0,5.0,clear,crash,8,train,train,train,0.5826086956521739,1.0,0.7362637362637362,0.22910605289341515,67,115,226.35532333438687,fallback
urban_nlos,5.0,5.0,clear,crash,9,train,train,train,0.4956521739130435,1.0,0.6627906976744187,0.21347214069846585,57,115,226.35532333438687,fallback
urban_nlos,5.0,5.0,clear,waterlogging,0,train,held_out,train,0.6218487394957983,1.0,0.766839378238342,0.01215649172765837,74,119,226.35532333438687,fallback
urban_nlos,5.0,5.0,clear,waterlogging,1,train,held_out,train,0.5462184873949579,1.0,0.7065217391304348,0.007733224132746559,65,119,226.35532333438687,fallback
urban_nlos,5.0,5.0,clear,waterlogging,2,train,held_out,train,0.5338983050847458,1.0,0.696132596685083,0.1818578651194448,63,118,226.35532333438687,fallback
urban_nlos,5.0,5.0,clear,waterlogging,3,train,held_out,train,0.5378151260504201,1.0,0.6994535519125683,0.08096170370653882,64,119,226.35532333438687,fallback
urban_nlos,5.0,5.0,clear,waterlogging,4,train,held_out,train,0.5333333333333333,1.0,0.6956521739130436,0.013705115474810198,64,120,226.35532333438687,fallback
urban_nlos,5.0,5.0,clear,waterlogging,5,train,held_out,train,0.575,1.0,0.7301587301587301,-0.04324573552828138,69,120,226.35532333438687,fallback
urban_nlos,5.0,5.0,clear,waterlogging,6,train,held_out,train,0.48333333333333334,1.0,0.6516853932584269,0.05221286555353381,58,120,226.35532333438687,fallback
urban_nlos,5.0,5.0,clear,waterlogging,7,train,held_out,train,0.635593220338983,1.0,0.77720207253886,0.18416726794271157,75,118,226.35532333438687,fallback
urban_nlos,5.0,5.0,clear,waterlogging,8,train,held_out,train,0.625,1.0,0.7692307692307693,0.13021475334090518,75,120,226.35532333438687,fallback
urban_nlos,5.0,5.0,clear,waterlogging,9,train,held_out,train,0.5,1.0,0.6666666666666666,0.06458668387209006,60,120,226.35532333438687,fallback
urban_nlos,5.0,5.0,clear,black_ice,0,train,held_out,train,0.6218487394957983,1.0,0.766839378238342,0.007318899538103732,74,119,226.35532333438687,fallback
urban_nlos,5.0,5.0,clear,black_ice,1,train,held_out,train,0.5462184873949579,1.0,0.7065217391304348,0.01161947027740245,65,119,226.35532333438687,fallback
urban_nlos,5.0,5.0,clear,black_ice,2,train,held_out,train,0.5338983050847458,1.0,0.696132596685083,0.17865371479914988,63,118,226.35532333438687,fallback
urban_nlos,5.0,5.0,clear,black_ice,3,train,held_out,train,0.5378151260504201,1.0,0.6994535519125683,0.08863806797475034,64,119,226.35532333438687,fallback
urban_nlos,5.0,5.0,clear,black_ice,4,train,held_out,train,0.5333333333333333,1.0,0.6956521739130436,0.008809782282657599,64,120,226.35532333438687,fallback
urban_nlos,5.0,5.0,clear,black_ice,5,train,held_out,train,0.575,1.0,0.7301587301587301,-0.0439491203177095,69,120,226.35532333438687,fallback
urban_nlos,5.0,5.0,clear,black_ice,6,train,held_out,train,0.48333333333333334,1.0,0.6516853932584269,0.050648369340872156,58,120,226.35532333438687,fallback
urban_nlos,5.0,5.0,clear,black_ice,7,train,held_out,train,0.635593220338983,1.0,0.77720207253886,0.18508615289527988,75,118,226.35532333438687,fallback
urban_nlos,5.0,5.0,clear,black_ice,8,train,held_out,train,0.625,1.0,0.7692307692307693,0.12622842380222915,75,120,226.35532333438687,fallback
urban_nlos,5.0,5.0,clear,black_ice,9,train,held_out,train,0.5,1.0,0.6666666666666666,0.06492287415890656,60,120,226.35532333438687,fallback
urban_nlos,5.0,5.0,heavy_rain,fog_bank,0,train,train,train,0.5966386554621849,1.0,0.7473684210526316,0.18046456958947588,71,119,226.35532333438687,fallback
urban_nlos,5.0,5.0,heavy_rain,fog_bank,1,train,train,train,0.5847457627118644,1.0,0.7379679144385026,0.21765461191008267,69,118,226.35532333438687,fallback
urban_nlos,5.0,5.0,heavy_rain,fog_bank,2,train,train,train,0.6610169491525424,1.0,0.7959183673469388,0.23020808136340376,78,118,226.35532333438687,fallback
urban_nlos,5.0,5.0,heavy_rain,fog_bank,3,train,train,train,0.5630252100840336,1.0,0.7204301075268817,0.20559295188689225,67,119,226.35532333438687,fallback
urban_nlos,5.0,5.0,heavy_rain,fog_bank,4,train,train,train,0.5344827586206896,1.0,0.6966292134831461,0.1978210043362685,62,116,226.35532333438687,fallback
urban_nlos,5.0,5.0,heavy_rain,fog_bank,5,train,train,train,0.5333333333333333,1.0,0.6956521739130436,0.07234458335625066,64,120,226.35532333438687,fallback
urban_nlos,5.0,5.0,heavy_rain,fog_bank,6,train,train,train,0.55,1.0,0.7096774193548387,0.12239225304408621,66,120,226.35532333438687,fallback
urban_nlos,5.0,5.0,heavy_rain,fog_bank,7,train,train,train,0.4576271186440678,1.0,0.627906976744186,0.13092317282527183,54,118,226.35532333438687,fallback
urban_nlos,5.0,5.0,heavy_rain,fog_bank,8,train,train,train,0.6271186440677966,1.0,0.7708333333333333,0.2867966799456202,74,118,226.35532333438687,fallback
urban_nlos,5.0,5.0,heavy_rain,fog_bank,9,train,train,train,0.5470085470085471,1.0,0.707182320441989,0.2219176318457655,64,117,226.35532333438687,fallback
urban_nlos,5.0,5.0,heavy_rain,landslide,0,train,train,train,0.5966386554621849,1.0,0.7473684210526316,0.16477466246173111,71,119,226.35532333438687,fallback
urban_nlos,5.0,5.0,heavy_rain,landslide,1,train,train,train,0.5847457627118644,1.0,0.7379679144385026,0.20841973613178202,69,118,226.35532333438687,fallback
urban_nlos,5.0,5.0,heavy_rain,landslide,2,train,train,train,0.6610169491525424,1.0,0.7959183673469388,0.2189204955803664,78,118,226.35532333438687,fallback
urban_nlos,5.0,5.0,heavy_rain,landslide,3,train,train,train,0.5630252100840336,1.0,0.7204301075268817,0.16536268855057468,67,119,226.35532333438687,fallback
urban_nlos,5.0,5.0,heavy_rain,landslide,4,train,train,train,0.5344827586206896,1.0,0.6966292134831461,0.20173729890256195,62,116,226.35532333438687,fallback
urban_nlos,5.0,5.0,heavy_rain,landslide,5,train,train,train,0.5333333333333333,1.0,0.6956521739130436,0.07582957795788044,64,120,226.35532333438687,fallback
urban_nlos,5.0,5.0,heavy_rain,landslide,6,train,train,train,0.55,1.0,0.7096774193548387,0.10461574116175257,66,120,226.35532333438687,fallback
urban_nlos,5.0,5.0,heavy_rain,landslide,7,train,train,train,0.4576271186440678,1.0,0.627906976744186,0.14539906750213066,54,118,226.35532333438687,fallback
urban_nlos,5.0,5.0,heavy_rain,landslide,8,train,train,train,0.6271186440677966,1.0,0.7708333333333333,0.27916542622509366,74,118,226.35532333438687,fallback
urban_nlos,5.0,5.0,heavy_rain,landslide,9,train,train,train,0.5470085470085471,1.0,0.707182320441989,0.21365445767712146,64,117,226.35532333438687,fallback
urban_nlos,5.0,5.0,heavy_rain,crash,0,train,train,train,0.5862068965517241,1.0,0.7391304347826086,0.23759898231689114,68,116,226.35532333438687,fallback
urban_nlos,5.0,5.0,heavy_rain,crash,1,train,train,train,0.5545454545454546,1.0,0.7134502923976608,0.3889075185624678,61,110,226.35532333438687,fallback
urban_nlos,5.0,5.0,heavy_rain,crash,2,train,train,train,0.5652173913043478,1.0,0.7222222222222222,0.31571946852604804,65,115,226.35532333438687,fallback
urban_nlos,5.0,5.0,heavy_rain,crash,3,train,train,train,0.5545454545454546,1.0,0.7134502923976608,0.3478128426025359,61,110,226.35532333438687,fallback
urban_nlos,5.0,5.0,heavy_rain,crash,4,train,train,train,0.5462962962962963,1.0,0.7065868263473054,0.29407701794349606,59,108,226.35532333438687,fallback
urban_nlos,5.0,5.0,heavy_rain,crash,5,train,train,train,0.5357142857142857,1.0,0.6976744186046512,0.33319301302170723,60,112,226.35532333438687,fallback
urban_nlos,5.0,5.0,heavy_rain,crash,6,train,train,train,0.5225225225225225,1.0,0.6863905325443787,0.31624854627219356,58,111,226.35532333438687,fallback
urban_nlos,5.0,5.0,heavy_rain,crash,7,train,train,train,0.4473684210526316,1.0,0.6181818181818182,0.2129518061623852,51,114,226.35532333438687,fallback
urban_nlos,5.0,5.0,heavy_rain,crash,8,train,train,train,0.5925925925925926,1.0,0.7441860465116279,0.40493105817575054,64,108,226.35532333438687,fallback
urban_nlos,5.0,5.0,heavy_rain,crash,9,train,train,train,0.509090909090909,1.0,0.6746987951807228,0.3020815933277715,56,110,226.35532333438687,fallback
urban_nlos,5.0,5.0,heavy_rain,waterlogging,0,train,held_out,train,0.5966386554621849,1.0,0.7473684210526316,0.16903834610566962,71,119,226.35532333438687,fallback
urban_nlos,5.0,5.0,heavy_rain,waterlogging,1,train,held_out,train,0.5847457627118644,1.0,0.7379679144385026,0.20992727854190557,69,118,226.35532333438687,fallback
urban_nlos,5.0,5.0,heavy_rain,waterlogging,2,train,held_out,train,0.6610169491525424,1.0,0.7959183673469388,0.22088073318611445,78,118,226.35532333438687,fallback
urban_nlos,5.0,5.0,heavy_rain,waterlogging,3,train,held_out,train,0.5630252100840336,1.0,0.7204301075268817,0.1753424832556972,67,119,226.35532333438687,fallback
urban_nlos,5.0,5.0,heavy_rain,waterlogging,4,train,held_out,train,0.5344827586206896,1.0,0.6966292134831461,0.20022044684650442,62,116,226.35532333438687,fallback
urban_nlos,5.0,5.0,heavy_rain,waterlogging,5,train,held_out,train,0.5333333333333333,1.0,0.6956521739130436,0.07229019426961712,64,120,226.35532333438687,fallback
urban_nlos,5.0,5.0,heavy_rain,waterlogging,6,train,held_out,train,0.55,1.0,0.7096774193548387,0.10770008604248234,66,120,226.35532333438687,fallback
urban_nlos,5.0,5.0,heavy_rain,waterlogging,7,train,held_out,train,0.4576271186440678,1.0,0.627906976744186,0.14086963314673748,54,118,226.35532333438687,fallback
urban_nlos,5.0,5.0,heavy_rain,waterlogging,8,train,held_out,train,0.6271186440677966,1.0,0.7708333333333333,0.2808060313395571,74,118,226.35532333438687,fallback
urban_nlos,5.0,5.0,heavy_rain,waterlogging,9,train,held_out,train,0.5470085470085471,1.0,0.707182320441989,0.21565433748588916,64,117,226.35532333438687,fallback
urban_nlos,5.0,5.0,heavy_rain,black_ice,0,train,held_out,train,0.5966386554621849,1.0,0.7473684210526316,0.16686325261761462,71,119,226.35532333438687,fallback
urban_nlos,5.0,5.0,heavy_rain,black_ice,1,train,held_out,train,0.5847457627118644,1.0,0.7379679144385026,0.2091509273972967,69,118,226.35532333438687,fallback
urban_nlos,5.0,5.0,heavy_rain,black_ice,2,train,held_out,train,0.6610169491525424,1.0,0.7959183673469388,0.21976802272061988,78,118,226.35532333438687,fallback
urban_nlos,5.0,5.0,heavy_rain,black_ice,3,train,held_out,train,0.5630252100840336,1.0,0.7204301075268817,0.17031868570579817,67,119,226.35532333438687,fallback
urban_nlos,5.0,5.0,heavy_rain,black_ice,4,train,held_out,train,0.5344827586206896,1.0,0.6966292134831461,0.20097043226214012,62,116,226.35532333438687,fallback
urban_nlos,5.0,5.0,heavy_rain,black_ice,5,train,held_out,train,0.5333333333333333,1.0,0.6956521739130436,0.07388735058618448,64,120,226.35532333438687,fallback
urban_nlos,5.0,5.0,heavy_rain,black_ice,6,train,held_out,train,0.55,1.0,0.7096774193548387,0.10580077947029023,66,120,226.35532333438687,fallback
urban_nlos,5.0,5.0,heavy_rain,black_ice,7,train,held_out,train,0.4576271186440678,1.0,0.627906976744186,0.14310832568286747,54,118,226.35532333438687,fallback
urban_nlos,5.0,5.0,heavy_rain,black_ice,8,train,held_out,train,0.6271186440677966,1.0,0.7708333333333333,0.2799751326903505,74,118,226.35532333438687,fallback
urban_nlos,5.0,5.0,heavy_rain,black_ice,9,train,held_out,train,0.5470085470085471,1.0,0.707182320441989,0.2146030517355278,64,117,226.35532333438687,fallback
urban_nlos,5.0,5.0,moderate_rain,fog_bank,0,train,train,held_out,0.5210084033613446,1.0,0.6850828729281768,0.058154847556720644,62,119,226.35532333438687,fallback
urban_nlos,5.0,5.0,moderate_rain,fog_bank,1,train,train,held_out,0.5862068965517241,1.0,0.7391304347826086,0.2053531830534816,68,116,226.35532333438687,fallback
urban_nlos,5.0,5.0,moderate_rain,fog_bank,2,train,train,held_out,0.6083333333333333,1.0,0.7564766839378237,0.10856681828783357,73,120,226.35532333438687,fallback
urban_nlos,5.0,5.0,moderate_rain,fog_bank,3,train,train,held_out,0.6083333333333333,1.0,0.7564766839378237,0.07053928986384192,73,120,226.35532333438687,fallback
urban_nlos,5.0,5.0,moderate_rain,fog_bank,4,train,train,held_out,0.5798319327731093,1.0,0.7340425531914894,0.13431901739679855,69,119,226.35532333438687,fallback
urban_nlos,5.0,5.0,moderate_rain,fog_bank,5,train,train,held_out,0.5666666666666667,1.0,0.7234042553191489,0.03041528665758122,68,120,226.35532333438687,fallback
urban_nlos,5.0,5.0,moderate_rain,fog_bank,6,train,train,held_out,0.5583333333333333,1.0,0.7165775401069518,-0.01502701177585308,67,120,226.35532333438687,fallback
urban_nlos,5.0,5.0,moderate_rain,fog_bank,7,train,train,held_out,0.6637931034482759,1.0,0.7979274611398964,0.2375690106496078,77,116,226.35532333438687,fallback
urban_nlos,5.0,5.0,moderate_rain,fog_bank,8,train,train,held_out,0.5775862068965517,1.0,0.73224043715847,0.16701173687613508,67,116,226.35532333438687,fallback
urban_nlos,5.0,5.0,moderate_rain,fog_bank,9,train,train,held_out,0.559322033898305,1.0,0.717391304347826,0.12118139913799664,66,118,226.35532333438687,fallback
urban_nlos,5.0,5.0,moderate_rain,landslide,0,train,train,held_out,0.5210084033613446,1.0,0.6850828729281768,0.07410706742530722,62,119,226.35532333438687,fallback
urban_nlos,5.0,5.0,moderate_rain,landslide,1,train,train,held_out,0.5862068965517241,1.0,0.7391304347826086,0.18526331322848796,68,116,226.35532333438687,fallback
urban_nlos,5.0,5.0,moderate_rain,landslide,2,train,train,held_out,0.6083333333333333,1.0,0.7564766839378237,0.061470926780624505,73,120,226.35532333438687,fallback
urban_nlos,5.0,5.0,moderate_rain,landslide,3,train,train,held_out,0.6083333333333333,1.0,0.7564766839378237,0.00813344167756228,73,120,226.35532333438687,fallback
urban_nlos,5.0,5.0,moderate_rain,landslide,4,train,train,held_out,0.5798319327731093,1.0,0.7340425531914894,0.12304297193478608,69,119,226.35532333438687,fallback
urban_nlos,5.0,5.0,moderate_rain,landslide,5,train,train,held_out,0.5666666666666667,1.0,0.7234042553191489,0.034613484598985,68,120,226.35532333438687,fallback
urban_nlos,5.0,5.0,moderate_rain,landslide,6,train,train,held_out,0.5583333333333333,1.0,0.7165775401069518,-0.03759518920686208,67,120,226.35532333438687,fallback
urban_nlos,5.0,5.0,moderate_rain,landslide,7,train,train,held_out,0.6637931034482759,1.0,0.7979274611398964,0.23896362125277215,77,116,226.35532333438687,fallback
urban_nlos,5.0,5.0,moderate_rain,landslide,8,train,train,held_out,0.5775862068965517,1.0,0.73224043715847,0.17518142868322675,67,116,226.35532333438687,fallback
urban_nlos,5.0,5.0,moderate_rain,landslide,9,train,train,held_out,0.559322033898305,1.0,0.717391304347826,0.1296820701289304,66,118,226.35532333438687,fallback
urban_nlos,5.0,5.0,moderate_rain,crash,0,train,train,held_out,0.5089285714285714,1.0,0.6745562130177515,0.2379348405173028,57,112,226.35532333438687,fallback
urban_nlos,5.0,5.0,moderate_rain,crash,1,train,train,held_out,0.5688073394495413,1.0,0.7251461988304093,0.33954946837097943,62,109,226.35532333438687,fallback
urban_nlos,5.0,5.0,moderate_rain,crash,2,train,train,held_out,0.5909090909090909,1.0,0.7428571428571429,0.35589444043001167,65,110,226.35532333438687,fallback
urban_nlos,5.0,5.0,moderate_rain,crash,3,train,train,held_out,0.5565217391304348,1.0,0.7150837988826816,0.33909209095857995,64,115,226.35532333438687,fallback
urban_nlos,5.0,5.0,moderate_rain,crash,4,train,train,held_out,0.5663716814159292,1.0,0.7231638418079096,0.27295945637190444,64,113,226.35532333438687,fallback
urban_nlos,5.0,5.0,moderate_rain,crash,5,train,train,held_out,0.5431034482758621,1.0,0.7039106145251397,0.2216555160566788,63,116,226.35532333438687,fallback
urban_nlos,5.0,5.0,moderate_rain,crash,6,train,train,held_out,0.5309734513274337,1.0,0.6936416184971099,0.22089184052436958,60,113,226.35532333438687,fallback
urban_nlos,5.0,5.0,moderate_rain,crash,7,train,train,held_out,0.6434782608695652,1.0,0.7830687830687831,0.31160676834686746,74,115,226.35532333438687,fallback
urban_nlos,5.0,5.0,moderate_rain,crash,8,train,train,held_out,0.5740740740740741,1.0,0.7294117647058824,0.3449789428710607,62,108,226.35532333438687,fallback
urban_nlos,5.0,5.0,moderate_rain,crash,9,train,train,held_out,0.5309734513274337,1.0,0.6936416184971099,0.2370139396051705,60,113,226.35532333438687,fallback
urban_nlos,5.0,5.0,moderate_rain,waterlogging,0,train,held_out,held_out,0.5210084033613446,1.0,0.6850828729281768,0.0677733088242003,62,119,226.35532333438687,fallback
urban_nlos,5.0,5.0,moderate_rain,waterlogging,1,train,held_out,held_out,0.5862068965517241,1.0,0.7391304347826086,0.1901967991211072,68,116,226.35532333438687,fallback
urban_nlos,5.0,5.0,moderate_rain,waterlogging,2,train,held_out,held_out,0.6083333333333333,1.0,0.7564766839378237,0.07624244406829571,73,120,226.35532333438687,fallback
urban_nlos,5.0,5.0,moderate_rain,waterlogging,3,train,held_out,held_out,0.6083333333333333,1.0,0.7564766839378237,0.02364830284210034,73,120,226.35532333438687,fallback
urban_nlos,5.0,5.0,moderate_rain,waterlogging,4,train,held_out,held_out,0.5798319327731093,1.0,0.7340425531914894,0.12548831183715742,69,119,226.35532333438687,fallback
urban_nlos,5.0,5.0,moderate_rain,waterlogging,5,train,held_out,held_out,0.5666666666666667,1.0,0.7234042553191489,0.03235522713994725,68,120,226.35532333438687,fallback
urban_nlos,5.0,5.0,moderate_rain,waterlogging,6,train,held_out,held_out,0.5583333333333333,1.0,0.7165775401069518,-0.032879749711439706,67,120,226.35532333438687,fallback
urban_nlos,5.0,5.0,moderate_rain,waterlogging,7,train,held_out,held_out,0.6637931034482759,1.0,0.7979274611398964,0.23855943908939928,77,116,226.35532333438687,fallback
urban_nlos,5.0,5.0,moderate_rain,waterlogging,8,train,held_out,held_out,0.5775862068965517,1.0,0.73224043715847,0.17175230683215165,67,116,226.35532333438687,fallback
urban_nlos,5.0,5.0,moderate_rain,waterlogging,9,train,held_out,held_out,0.559322033898305,1.0,0.717391304347826,0.1260804193691304,66,118,226.35532333438687,fallback
urban_nlos,5.0,5.0,moderate_rain,black_ice,0,train,held_out,held_out,0.5210084033613446,1.0,0.6850828729281768,0.07083715780375646,62,119,226.35532333438687,fallback
urban_nlos,5.0,5.0,moderate_rain,black_ice,1,train,held_out,held_out,0.5862068965517241,1.0,0.7391304347826086,0.1877120495379943,68,116,226.35532333438687,fallback
urban_nlos,5.0,5.0,moderate_rain,black_ice,2,train,held_out,held_out,0.6083333333333333,1.0,0.7564766839378237,0.06866556057163148,73,120,226.35532333438687,fallback
urban_nlos,5.0,5.0,moderate_rain,black_ice,3,train,held_out,held_out,0.6083333333333333,1.0,0.7564766839378237,0.015530899654847994,73,120,226.35532333438687,fallback
urban_nlos,5.0,5.0,moderate_rain,black_ice,4,train,held_out,held_out,0.5798319327731093,1.0,0.7340425531914894,0.12424846795147149,69,119,226.35532333438687,fallback
urban_nlos,5.0,5.0,moderate_rain,black_ice,5,train,held_out,held_out,0.5666666666666667,1.0,0.7234042553191489,0.033377056278132804,68,120,226.35532333438687,fallback
urban_nlos,5.0,5.0,moderate_rain,black_ice,6,train,held_out,held_out,0.5583333333333333,1.0,0.7165775401069518,-0.03544270925061528,67,120,226.35532333438687,fallback
urban_nlos,5.0,5.0,moderate_rain,black_ice,7,train,held_out,held_out,0.6637931034482759,1.0,0.7979274611398964,0.23870944810499503,77,116,226.35532333438687,fallback
urban_nlos,5.0,5.0,moderate_rain,black_ice,8,train,held_out,held_out,0.5775862068965517,1.0,0.73224043715847,0.17312543936353314,67,116,226.35532333438687,fallback
urban_nlos,5.0,5.0,moderate_rain,black_ice,9,train,held_out,held_out,0.559322033898305,1.0,0.717391304347826,0.12777186320445233,66,118,226.35532333438687,fallback
urban_nlos,5.0,5.0,dense_fog,fog_bank,0,train,train,held_out,0.6271186440677966,1.0,0.7708333333333333,0.1856637605955782,74,118,226.35532333438687,fallback
urban_nlos,5.0,5.0,dense_fog,fog_bank,1,train,train,held_out,0.5714285714285714,1.0,0.7272727272727273,0.21004640994120333,68,119,226.35532333438687,fallback
urban_nlos,5.0,5.0,dense_fog,fog_bank,2,train,train,held_out,0.5294117647058824,1.0,0.6923076923076924,0.1099314144782129,63,119,226.35532333438687,fallback
urban_nlos,5.0,5.0,dense_fog,fog_bank,3,train,train,held_out,0.5677966101694916,1.0,0.7243243243243244,0.15957263488321963,67,118,226.35532333438687,fallback
urban_nlos,5.0,5.0,dense_fog,fog_bank,4,train,train,held_out,0.6186440677966102,1.0,0.7643979057591622,0.24356722244647233,73,118,226.35532333438687,fallback
urban_nlos,5.0,5.0,dense_fog,fog_bank,5,train,train,held_out,0.5294117647058824,1.0,0.6923076923076924,0.09429388805002978,63,119,226.35532333438687,fallback
urban_nlos,5.0,5.0,dense_fog,fog_bank,6,train,train,held_out,0.5462184873949579,1.0,0.7065217391304348,0.09559594251247988,65,119,226.35532333438687,fallback
urban_nlos,5.0,5.0,dense_fog,fog_bank,7,train,train,held_out,0.48739495798319327,1.0,0.655367231638418,0.19030071860374878,58,119,226.35532333438687,fallback
urban_nlos,5.0,5.0,dense_fog,fog_bank,8,train,train,held_out,0.6260869565217392,1.0,0.770053475935829,0.2523947548928378,72,115,226.35532333438687,fallback
urban_nlos,5.0,5.0,dense_fog,fog_bank,9,train,train,held_out,0.6186440677966102,1.0,0.7643979057591622,0.21609697451754464,73,118,226.35532333438687,fallback
urban_nlos,5.0,5.0,dense_fog,landslide,0,train,train,held_out,0.6271186440677966,1.0,0.7708333333333333,0.1723901630580422,74,118,226.35532333438687,fallback
urban_nlos,5.0,5.0,dense_fog,landslide,1,train,train,held_out,0.5714285714285714,1.0,0.7272727272727273,0.2185991919408097,68,119,226.35532333438687,fallback
urban_nlos,5.0,5.0,dense_fog,landslide,2,train,train,held_out,0.5294117647058824,1.0,0.6923076923076924,0.11390730901026522,63,119,226.35532333438687,fallback
urban_nlos,5.0,5.0,dense_fog,landslide,3,train,train,held_out,0.5677966101694916,1.0,0.7243243243243244,0.16648255888393515,67,118,226.35532333438687,fallback
urban_nlos,5.0,5.0,dense_fog,landslide,4,train,train,held_out,0.6186440677966102,1.0,0.7643979057591622,0.22006632225412853,73,118,226.35532333438687,fallback
urban_nlos,5.0,5.0,dense_fog,landslide,5,train,train,held_out,0.5294117647058824,1.0,0.6923076923076924,0.0619708650356731,63,119,226.35532333438687,fallback
urban_nlos,5.0,5.0,dense_fog,landslide,6,train,train,held_out,0.5462184873949579,1.0,0.7065217391304348,0.0593533758064708,65,119,226.35532333438687,fallback
urban_nlos,5.0,5.0,dense_fog,landslide,7,train,train,held_out,0.48739495798319327,1.0,0.655367231638418,0.17482191711409095,58,119,226.35532333438687,fallback
urban_nlos,5.0,5.0,dense_fog,landslide,8,train,train,held_out,0.6260869565217392,1.0,0.770053475935829,0.2505530151989769,72,115,226.35532333438687,fallback
urban_nlos,5.0,5.0,dense_fog,landslide,9,train,train,held_out,0.6186440677966102,1.0,0.7643979057591622,0.23185989211635885,73,118,226.35532333438687,fallback
urban_nlos,5.0,5.0,dense_fog,crash,0,train,train,held_out,0.5818181818181818,1.0,0.735632183908046,0.3930832103895108,64,110,226.35532333438687,fallback
urban_nlos,5.0,5.0,dense_fog,crash,1,train,train,held_out,0.5462962962962963,1.0,0.7065868263473054,0.3931172401861838,59,108,226.35532333438687,fallback
urban_nlos,5.0,5.0,dense_fog,crash,2,train,train,held_out,0.5,1.0,0.6666666666666666,0.23562402176181285,56,112,226.35532333438687,fallback
urban_nlos,5.0,5.0,dense_fog,crash,3,train,train,held_out,0.5675675675675675,1.0,0.7241379310344828,0.36789100058723756,63,111,226.35532333438687,fallback
urban_nlos,5.0,5.0,dense_fog,crash,4,train,train,held_out,0.5892857142857143,1.0,0.7415730337078651,0.3629697791252415,66,112,226.35532333438687,fallback
urban_nlos,5.0,5.0,dense_fog,crash,5,train,train,held_out,0.48695652173913045,1.0,0.6549707602339181,0.1908672834084324,56,115,226.35532333438687,fallback
urban_nlos,5.0,5.0,dense_fog,crash,6,train,train,held_out,0.4909090909090909,1.0,0.6585365853658536,0.3686509112229896,54,110,226.35532333438687,fallback
urban_nlos,5.0,5.0,dense_fog,crash,7,train,train,held_out,0.4909090909090909,1.0,0.6585365853658536,0.3253743498965496,54,110,226.35532333438687,fallback
urban_nlos,5.0,5.0,dense_fog,crash,8,train,train,held_out,0.5660377358490566,1.0,0.7228915662650602,0.3979816599825757,60,106,226.35532333438687,fallback
urban_nlos,5.0,5.0,dense_fog,crash,9,train,train,held_out,0.5614035087719298,1.0,0.7191011235955056,0.32607335246439406,64,114,226.35532333438687,fallback
urban_nlos,5.0,5.0,dense_fog,waterlogging,0,train,held_out,held_out,0.6271186440677966,1.0,0.7708333333333333,0.1754138291705179,74,118,226.35532333438687,fallback
urban_nlos,5.0,5.0,dense_fog,waterlogging,1,train,held_out,held_out,0.5714285714285714,1.0,0.7272727272727273,0.2158291060578237,68,119,226.35532333438687,fallback
urban_nlos,5.0,5.0,dense_fog,waterlogging,2,train,held_out,held_out,0.5294117647058824,1.0,0.6923076923076924,0.11162023027448587,63,119,226.35532333438687,fallback
urban_nlos,5.0,5.0,dense_fog,waterlogging,3,train,held_out,held_out,0.5677966101694916,1.0,0.7243243243243244,0.16346508891844094,67,118,226.35532333438687,fallback
urban_nlos,5.0,5.0,dense_fog,waterlogging,4,train,held_out,held_out,0.6186440677966102,1.0,0.7643979057591622,0.22507603253279398,73,118,226.35532333438687,fallback
urban_nlos,5.0,5.0,dense_fog,waterlogging,5,train,held_out,held_out,0.5294117647058824,1.0,0.6923076923076924,0.06993217176061169,63,119,226.35532333438687,fallback
urban_nlos,5.0,5.0,dense_fog,waterlogging,6,train,held_out,held_out,0.5462184873949579,1.0,0.7065217391304348,0.06657787937054972,65,119,226.35532333438687,fallback
urban_nlos,5.0,5.0,dense_fog,waterlogging,7,train,held_out,held_out,0.48739495798319327,1.0,0.655367231638418,0.17851343621722585,58,119,226.35532333438687,fallback
urban_nlos,5.0,5.0,dense_fog,waterlogging,8,train,held_out,held_out,0.6260869565217392,1.0,0.770053475935829,0.25050569963654884,72,115,226.35532333438687,fallback
urban_nlos,5.0,5.0,dense_fog,waterlogging,9,train,held_out,held_out,0.6186440677966102,1.0,0.7643979057591622,0.2264345028788675,73,118,226.35532333438687,fallback
urban_nlos,5.0,5.0,dense_fog,black_ice,0,train,held_out,held_out,0.6271186440677966,1.0,0.7708333333333333,0.17388300745303933,74,118,226.35532333438687,fallback
urban_nlos,5.0,5.0,dense_fog,black_ice,1,train,held_out,held_out,0.5714285714285714,1.0,0.7272727272727273,0.21730217007484554,68,119,226.35532333438687,fallback
urban_nlos,5.0,5.0,dense_fog,black_ice,2,train,held_out,held_out,0.5294117647058824,1.0,0.6923076923076924,0.11271848879510889,63,119,226.35532333438687,fallback
urban_nlos,5.0,5.0,dense_fog,black_ice,3,train,held_out,held_out,0.5677966101694916,1.0,0.7243243243243244,0.16493071268331086,67,118,226.35532333438687,fallback
urban_nlos,5.0,5.0,dense_fog,black_ice,4,train,held_out,held_out,0.6186440677966102,1.0,0.7643979057591622,0.22259373199224575,73,118,226.35532333438687,fallback
urban_nlos,5.0,5.0,dense_fog,black_ice,5,train,held_out,held_out,0.5294117647058824,1.0,0.6923076923076924,0.06585515481510407,63,119,226.35532333438687,fallback
urban_nlos,5.0,5.0,dense_fog,black_ice,6,train,held_out,held_out,0.5462184873949579,1.0,0.7065217391304348,0.06277259855487534,65,119,226.35532333438687,fallback
urban_nlos,5.0,5.0,dense_fog,black_ice,7,train,held_out,held_out,0.48739495798319327,1.0,0.655367231638418,0.17665549487897933,58,119,226.35532333438687,fallback
urban_nlos,5.0,5.0,dense_fog,black_ice,8,train,held_out,held_out,0.6260869565217392,1.0,0.770053475935829,0.25046116648071615,72,115,226.35532333438687,fallback
urban_nlos,5.0,5.0,dense_fog,black_ice,9,train,held_out,held_out,0.6186440677966102,1.0,0.7643979057591622,0.22911323832927624,73,118,226.35532333438687,fallback
urban_grid,5.0,5.0,clear,fog_bank,0,held_out,train,train,0.575,1.0,0.7301587301587301,0.01912268435950414,46,80,226.35532333438687,fallback
urban_grid,5.0,5.0,clear,fog_bank,1,held_out,train,train,0.725,1.0,0.8405797101449275,0.06387579481876277,58,80,226.35532333438687,fallback
urban_grid,5.0,5.0,clear,fog_bank,2,held_out,train,train,0.6125,1.0,0.7596899224806202,-0.007903725521629218,49,80,226.35532333438687,fallback
urban_grid,5.0,5.0,clear,fog_bank,3,held_out,train,train,0.6125,1.0,0.7596899224806202,0.09381546263054116,49,80,226.35532333438687,fallback
urban_grid,5.0,5.0,clear,fog_bank,4,held_out,train,train,0.6,1.0,0.7499999999999999,0.08474707767672417,48,80,226.35532333438687,fallback
urban_grid,5.0,5.0,clear,fog_bank,5,held_out,train,train,0.6375,1.0,0.7786259541984732,0.1903305069299063,51,80,226.35532333438687,fallback
urban_grid,5.0,5.0,clear,fog_bank,6,held_out,train,train,0.6,1.0,0.7499999999999999,0.11414772475352175,48,80,226.35532333438687,fallback
urban_grid,5.0,5.0,clear,fog_bank,7,held_out,train,train,0.575,1.0,0.7301587301587301,0.15323412835229797,46,80,226.35532333438687,fallback
urban_grid,5.0,5.0,clear,fog_bank,8,held_out,train,train,0.5949367088607594,1.0,0.7460317460317459,0.12452442094847743,47,79,226.35532333438687,fallback
urban_grid,5.0,5.0,clear,fog_bank,9,held_out,train,train,0.5625,1.0,0.72,0.04027323154921545,45,80,226.35532333438687,fallback
urban_grid,5.0,5.0,clear,landslide,0,held_out,train,train,0.575,1.0,0.7301587301587301,2.334050453346028e-16,46,80,226.35532333438687,fallback
urban_grid,5.0,5.0,clear,landslide,1,held_out,train,train,0.725,1.0,0.8405797101449275,-0.013755504445866772,58,80,226.35532333438687,fallback
urban_grid,5.0,5.0,clear,landslide,2,held_out,train,train,0.6125,1.0,0.7596899224806202,0.011351088090116906,49,80,226.35532333438687,fallback
urban_grid,5.0,5.0,clear,landslide,3,held_out,train,train,0.6125,1.0,0.7596899224806202,0.012143532324627754,49,80,226.35532333438687,fallback
urban_grid,5.0,5.0,clear,landslide,4,held_out,train,train,0.6,1.0,0.7499999999999999,-0.046181459601752246,48,80,226.35532333438687,fallback
urban_grid,5.0,5.0,clear,landslide,5,held_out,train,train,0.6375,1.0,0.7786259541984732,0.028928993985545257,51,80,226.35532333438687,fallback
urban_grid,5.0,5.0,clear,landslide,6,held_out,train,train,0.6,1.0,0.7499999999999999,-0.06882907353939527,48,80,226.35532333438687,fallback
urban_grid,5.0,5.0,clear,landslide,7,held_out,train,train,0.5875,1.0,0.7401574803149606,-0.0658044612411911,47,80,226.35532333438687,fallback
urban_grid,5.0,5.0,clear,landslide,8,held_out,train,train,0.5949367088607594,1.0,0.7460317460317459,0.1282768971468082,47,79,226.35532333438687,fallback
urban_grid,5.0,5.0,clear,landslide,9,held_out,train,train,0.5625,1.0,0.72,-0.034597627358968715,45,80,226.35532333438687,fallback
urban_grid,5.0,5.0,clear,crash,0,held_out,train,train,0.52,1.0,0.6842105263157895,0.25537309559119237,39,75,226.35532333438687,fallback
urban_grid,5.0,5.0,clear,crash,1,held_out,train,train,0.5205479452054794,1.0,0.6846846846846847,0.34034398277309424,38,73,226.35532333438687,fallback
urban_grid,5.0,5.0,clear,crash,2,held_out,train,train,0.4675324675324675,1.0,0.6371681415929203,0.1722436089470077,36,77,226.35532333438687,fallback
urban_grid,5.0,5.0,clear,crash,3,held_out,train,train,0.4675324675324675,1.0,0.6371681415929203,0.2056842839374246,36,77,226.35532333438687,fallback
urban_grid,5.0,5.0,clear,crash,4,held_out,train,train,0.4155844155844156,1.0,0.5871559633027523,0.21721186645212193,32,77,226.35532333438687,fallback
urban_grid,5.0,5.0,clear,crash,5,held_out,train,train,0.5064935064935064,1.0,0.6724137931034482,0.20333956747015228,39,77,226.35532333438687,fallback
urban_grid,5.0,5.0,clear,crash,6,held_out,train,train,0.4864864864864865,1.0,0.6545454545454547,0.2647923175542253,36,74,226.35532333438687,fallback
urban_grid,5.0,5.0,clear,crash,7,held_out,train,train,0.4794520547945205,1.0,0.6481481481481481,0.2931951252637114,35,73,226.35532333438687,fallback
urban_grid,5.0,5.0,clear,crash,8,held_out,train,train,0.4605263157894737,1.0,0.6306306306306306,0.24030198523887744,35,76,226.35532333438687,fallback
urban_grid,5.0,5.0,clear,crash,9,held_out,train,train,0.5135135135135135,1.0,0.6785714285714285,0.24543660631166278,38,74,226.35532333438687,fallback
urban_grid,5.0,5.0,clear,waterlogging,0,held_out,held_out,train,0.575,1.0,0.7301587301587301,-0.00041159830627948,46,80,226.35532333438687,fallback
urban_grid,5.0,5.0,clear,waterlogging,1,held_out,held_out,train,0.725,1.0,0.8405797101449275,0.008700482865987657,58,80,226.35532333438687,fallback
urban_grid,5.0,5.0,clear,waterlogging,2,held_out,held_out,train,0.6125,1.0,0.7596899224806202,-0.0007134723830600021,49,80,226.35532333438687,fallback
urban_grid,5.0,5.0,clear,waterlogging,3,held_out,held_out,train,0.6125,1.0,0.7596899224806202,0.03587944284318628,49,80,226.35532333438687,fallback
urban_grid,5.0,5.0,clear,waterlogging,4,held_out,held_out,train,0.6,1.0,0.7499999999999999,-0.0015284867219337995,48,80,226.35532333438687,fallback
urban_grid,5.0,5.0,clear,waterlogging,5,held_out,held_out,train,0.6375,1.0,0.7786259541984732,0.11821320118620893,51,80,226.35532333438687,fallback
urban_grid,5.0,5.0,clear,waterlogging,6,held_out,held_out,train,0.6,1.0,0.7499999999999999,-0.014632608013401398,48,80,226.35532333438687,fallback
urban_grid,5.0,5.0,clear,waterlogging,7,held_out,held_out,train,0.5875,1.0,0.7401574803149606,0.023645169331094354,47,80,226.35532333438687,fallback
urban_grid,5.0,5.0,clear,waterlogging,8,held_out,held_out,train,0.5949367088607594,1.0,0.7460317460317459,0.1256655908194039,47,79,226.35532333438687,fallback
urban_grid,5.0,5.0,clear,waterlogging,9,held_out,held_out,train,0.5625,1.0,0.72,-0.013158168106712062,45,80,226.35532333438687,fallback
urban_grid,5.0,5.0,clear,black_ice,0,held_out,held_out,train,0.575,1.0,0.7301587301587301,-0.005547884896930051,46,80,226.35532333438687,fallback
urban_grid,5.0,5.0,clear,black_ice,1,held_out,held_out,train,0.725,1.0,0.8405797101449275,-0.002413763721100436,58,80,226.35532333438687,fallback
urban_grid,5.0,5.0,clear,black_ice,2,held_out,held_out,train,0.6125,1.0,0.7596899224806202,0.004068797307592226,49,80,226.35532333438687,fallback
urban_grid,5.0,5.0,clear,black_ice,3,held_out,held_out,train,0.6125,1.0,0.7596899224806202,0.023820745592788066,49,80,226.35532333438687,fallback
urban_grid,5.0,5.0,clear,black_ice,4,held_out,held_out,train,0.6,1.0,0.7499999999999999,-0.022639073261793048,48,80,226.35532333438687,fallback
urban_grid,5.0,5.0,clear,black_ice,5,held_out,held_out,train,0.6375,1.0,0.7786259541984732,0.0827901687361667,51,80,226.35532333438687,fallback
urban_grid,5.0,5.0,clear,black_ice,6,held_out,held_out,train,0.6,1.0,0.7499999999999999,-0.04134169411670371,48,80,226.35532333438687,fallback
urban_grid,5.0,5.0,clear,black_ice,7,held_out,held_out,train,0.5875,1.0,0.7401574803149606,-0.017661952660384957,47,80,226.35532333438687,fallback
urban_grid,5.0,5.0,clear,black_ice,8,held_out,held_out,train,0.5949367088607594,1.0,0.7460317460317459,0.1267275235262222,47,79,226.35532333438687,fallback
urban_grid,5.0,5.0,clear,black_ice,9,held_out,held_out,train,0.5625,1.0,0.72,-0.02391525704345041,45,80,226.35532333438687,fallback
urban_grid,5.0,5.0,heavy_rain,fog_bank,0,held_out,train,train,0.45,1.0,0.6206896551724138,0.023449163121067707,36,80,226.35532333438687,fallback
urban_grid,5.0,5.0,heavy_rain,fog_bank,1,held_out,train,train,0.6875,1.0,0.8148148148148148,0.2117336602753782,55,80,226.35532333438687,fallback
urban_grid,5.0,5.0,heavy_rain,fog_bank,2,held_out,train,train,0.5875,1.0,0.7401574803149606,-0.12856416911046473,47,80,226.35532333438687,fallback
urban_grid,5.0,5.0,heavy_rain,fog_bank,3,held_out,train,train,0.6582278481012658,1.0,0.7938931297709924,0.1899027577789509,52,79,226.35532333438687,fallback
urban_grid,5.0,5.0,heavy_rain,fog_bank,4,held_out,train,train,0.5316455696202531,1.0,0.6942148760330578,0.23191355663778193,42,79,226.35532333438687,fallback
urban_grid,5.0,5.0,heavy_rain,fog_bank,5,held_out,train,train,0.525,1.0,0.6885245901639345,-0.029216912224673174,42,80,226.35532333438687,fallback
urban_grid,5.0,5.0,heavy_rain,fog_bank,6,held_out,train,train,0.6962025316455697,1.0,0.8208955223880596,0.23694730359294489,55,79,226.35532333438687,fallback
urban_grid,5.0,5.0,heavy_rain,fog_bank,7,held_out,train,train,0.625,1.0,0.7692307692307693,0.10870596291656905,50,80,226.35532333438687,fallback
urban_grid,5.0,5.0,heavy_rain,fog_bank,8,held_out,train,train,0.6538461538461539,1.0,0.7906976744186047,0.18467085050935386,51,78,226.35532333438687,fallback
urban_grid,5.0,5.0,heavy_rain,fog_bank,9,held_out,train,train,0.6455696202531646,1.0,0.7846153846153847,0.1635532816706114,51,79,226.35532333438687,fallback
urban_grid,5.0,5.0,heavy_rain,landslide,0,held_out,train,train,0.45,1.0,0.6206896551724138,-0.03312659724437378,36,80,226.35532333438687,fallback
urban_grid,5.0,5.0,heavy_rain,landslide,1,held_out,train,train,0.6875,1.0,0.8148148148148148,0.18959264778645538,55,80,226.35532333438687,fallback
urban_grid,5.0,5.0,heavy_rain,landslide,2,held_out,train,train,0.5875,1.0,0.7401574803149606,-0.1223229722319938,47,80,226.35532333438687,fallback
urban_grid,5.0,5.0,heavy_rain,landslide,3,held_out,train,train,0.6582278481012658,1.0,0.7938931297709924,0.15307375413996635,52,79,226.35532333438687,fallback
urban_grid,5.0,5.0,heavy_rain,landslide,4,held_out,train,train,0.5316455696202531,1.0,0.6942148760330578,0.15760613216359257,42,79,226.35532333438687,fallback
urban_grid,5.0,5.0,heavy_rain,landslide,5,held_out,train,train,0.525,1.0,0.6885245901639345,-0.08362730956363841,42,80,226.35532333438687,fallback
urban_grid,5.0,5.0,heavy_rain,landslide,6,held_out,train,train,0.6962025316455697,1.0,0.8208955223880596,0.22347644630836383,55,79,226.35532333438687,fallback
urban_grid,5.0,5.0,heavy_rain,landslide,7,held_out,train,train,0.625,1.0,0.7692307692307693,0.09359636197862652,50,80,226.35532333438687,fallback
urban_grid,5.0,5.0,heavy_rain,landslide,8,held_out,train,train,0.6538461538461539,1.0,0.7906976744186047,0.17831651843049362,51,78,226.35532333438687,fallback
urban_grid,5.0,5.0,heavy_rain,landslide,9,held_out,train,train,0.6455696202531646,1.0,0.7846153846153847,0.15817280539693426,51,79,226.35532333438687,fallback
urban_grid,5.0,5.0,heavy_rain,crash,0,held_out,train,train,0.3561643835616438,1.0,0.5252525252525252,0.2230618147537676,26,73,226.35532333438687,fallback
urban_grid,5.0,5.0,heavy_rain,crash,1,held_out,train,train,0.5657894736842105,1.0,0.7226890756302521,0.31562045678789935,43,76,226.35532333438687,fallback
urban_grid,5.0,5.0,heavy_rain,crash,2,held_out,train,train,0.4358974358974359,1.0,0.6071428571428571,0.10129786855919456,34,78,226.35532333438687,fallback
urban_grid,5.0,5.0,heavy_rain,crash,3,held_out,train,train,0.56,1.0,0.717948717948718,0.29146239588590256,42,75,226.35532333438687,fallback
urban_grid,5.0,5.0,heavy_rain,crash,4,held_out,train,train,0.47435897435897434,1.0,0.6434782608695652,0.31400740312517267,37,78,226.35532333438687,fallback
urban_grid,5.0,5.0,heavy_rain,crash,5,held_out,train,train,0.3684210526315789,1.0,0.5384615384615384,0.2101477762580064,28,76,226.35532333438687,fallback
urban_grid,5.0,5.0,heavy_rain,crash,6,held_out,train,train,0.6376811594202898,1.0,0.7787610619469026,0.4600333469080136,44,69,226.35532333438687,fallback
urban_grid,5.0,5.0,heavy_rain,crash,7,held_out,train,train,0.5205479452054794,1.0,0.6846846846846847,0.3238184374346444,38,73,226.35532333438687,fallback
urban_grid,5.0,5.0,heavy_rain,crash,8,held_out,train,train,0.4657534246575342,1.0,0.6355140186915887,0.3132076684912978,34,73,226.35532333438687,fallback
urban_grid,5.0,5.0,heavy_rain,crash,9,held_out,train,train,0.44155844155844154,1.0,0.6126126126126126,0.2523319948572852,34,77,226.35532333438687,fallback
urban_grid,5.0,5.0,heavy_rain,waterlogging,0,held_out,held_out,train,0.45,1.0,0.6206896551724138,-0.019919358302469208,36,80,226.35532333438687,fallback
urban_grid,5.0,5.0,heavy_rain,waterlogging,1,held_out,held_out,train,0.6875,1.0,0.8148148148148148,0.19494521987263574,55,80,226.35532333438687,fallback
urban_grid,5.0,5.0,heavy_rain,waterlogging,2,held_out,held_out,train,0.5875,1.0,0.7401574803149606,-0.13638234989358677,47,80,226.35532333438687,fallback
urban_grid,5.0,5.0,heavy_rain,waterlogging,3,held_out,held_out,train,0.6582278481012658,1.0,0.7938931297709924,0.16201099077837142,52,79,226.35532333438687,fallback
urban_grid,5.0,5.0,heavy_rain,waterlogging,4,held_out,held_out,train,0.5316455696202531,1.0,0.6942148760330578,0.17746709586246118,42,79,226.35532333438687,fallback
urban_grid,5.0,5.0,heavy_rain,waterlogging,5,held_out,held_out,train,0.525,1.0,0.6885245901639345,-0.07057834281654385,42,80,226.35532333438687,fallback
urban_grid,5.0,5.0,heavy_rain,waterlogging,6,held_out,held_out,train,0.6962025316455697,1.0,0.8208955223880596,0.22564249737268216,55,79,226.35532333438687,fallback
urban_grid,5.0,5.0,heavy_rain,waterlogging,7,held_out,held_out,train,0.625,1.0,0.7692307692307693,0.09645805929220104,50,80,226.35532333438687,fallback
urban_grid,5.0,5.0,heavy_rain,waterlogging,8,held_out,held_out,train,0.6538461538461539,1.0,0.7906976744186047,0.17931059071017916,51,78,226.35532333438687,fallback
urban_grid,5.0,5.0,heavy_rain,waterlogging,9,held_out,held_out,train,0.6455696202531646,1.0,0.7846153846153847,0.15853994405739294,51,79,226.35532333438687,fallback
urban_grid,5.0,5.0,heavy_rain,black_ice,0,held_out,held_out,train,0.45,1.0,0.6206896551724138,-0.02652258145285875,36,80,226.35532333438687,fallback
urban_grid,5.0,5.0,heavy_rain,black_ice,1,held_out,held_out,train,0.6875,1.0,0.8148148148148148,0.19220770022402378,55,80,226.35532333438687,fallback
urban_grid,5.0,5.0,heavy_rain,black_ice,2,held_out,held_out,train,0.5875,1.0,0.7401574803149606,-0.13020994756126547,47,80,226.35532333438687,fallback
urban_grid,5.0,5.0,heavy_rain,black_ice,3,held_out,held_out,train,0.6582278481012658,1.0,0.7938931297709924,0.15744729575682131,52,79,226.35532333438687,fallback
urban_grid,5.0,5.0,heavy_rain,black_ice,4,held_out,held_out,train,0.5316455696202531,1.0,0.6942148760330578,0.16748162704808522,42,79,226.35532333438687,fallback
urban_grid,5.0,5.0,heavy_rain,black_ice,5,held_out,held_out,train,0.525,1.0,0.6885245901639345,-0.07737183852800848,42,80,226.35532333438687,fallback
urban_grid,5.0,5.0,heavy_rain,black_ice,6,held_out,held_out,train,0.6962025316455697,1.0,0.8208955223880596,0.224452336666538,55,79,226.35532333438687,fallback
urban_grid,5.0,5.0,heavy_rain,black_ice,7,held_out,held_out,train,0.625,1.0,0.7692307692307693,0.09499279306094582,50,80,226.35532333438687,fallback
urban_grid,5.0,5.0,heavy_rain,black_ice,8,held_out,held_out,train,0.6538461538461539,1.0,0.7906976744186047,0.17898479861690414,51,78,226.35532333438687,fallback
urban_grid,5.0,5.0,heavy_rain,black_ice,9,held_out,held_out,train,0.6455696202531646,1.0,0.7846153846153847,0.15828882922437093,51,79,226.35532333438687,fallback
urban_grid,5.0,5.0,moderate_rain,fog_bank,0,held_out,train,held_out,0.5625,1.0,0.72,0.23204505038524956,45,80,226.35532333438687,fallback
urban_grid,5.0,5.0,moderate_rain,fog_bank,1,held_out,train,held_out,0.6,1.0,0.7499999999999999,0.016897693741329,48,80,226.35532333438687,fallback
urban_grid,5.0,5.0,moderate_rain,fog_bank,2,held_out,train,held_out,0.575,1.0,0.7301587301587301,0.04019299288036713,46,80,226.35532333438687,fallback
urban_grid,5.0,5.0,moderate_rain,fog_bank,3,held_out,train,held_out,0.6375,1.0,0.7786259541984732,0.08457087316880603,51,80,226.35532333438687,fallback
urban_grid,5.0,5.0,moderate_rain,fog_bank,4,held_out,train,held_out,0.6052631578947368,1.0,0.7540983606557378,0.27094930414509744,46,76,226.35532333438687,fallback
urban_grid,5.0,5.0,moderate_rain,fog_bank,5,held_out,train,held_out,0.6375,1.0,0.7786259541984732,-0.014325616108978752,51,80,226.35532333438687,fallback
urban_grid,5.0,5.0,moderate_rain,fog_bank,6,held_out,train,held_out,0.7088607594936709,1.0,0.8296296296296296,0.17824419677541317,56,79,226.35532333438687,fallback
urban_grid,5.0,5.0,moderate_rain,fog_bank,7,held_out,train,held_out,0.6,1.0,0.7499999999999999,0.1126965300142457,48,80,226.35532333438687,fallback
urban_grid,5.0,5.0,moderate_rain,fog_bank,8,held_out,train,held_out,0.625,1.0,0.7692307692307693,0.06299802977967058,50,80,226.35532333438687,fallback
urban_grid,5.0,5.0,moderate_rain,fog_bank,9,held_out,train,held_out,0.5,1.0,0.6666666666666666,0.004487944828946454,40,80,226.35532333438687,fallback
urban_grid,5.0,5.0,moderate_rain,landslide,0,held_out,train,held_out,0.5625,1.0,0.72,0.06056016158864385,45,80,226.35532333438687,fallback
urban_grid,5.0,5.0,moderate_rain,landslide,1,held_out,train,held_out,0.6,1.0,0.7499999999999999,-0.03235079678882911,48,80,226.35532333438687,fallback
urban_grid,5.0,5.0,moderate_rain,landslide,2,held_out,train,held_out,0.575,1.0,0.7301587301587301,-0.02781607028926902,46,80,226.35532333438687,fallback
urban_grid,5.0,5.0,moderate_rain,landslide,3,held_out,train,held_out,0.6375,1.0,0.7786259541984732,0.06562340666948606,51,80,226.35532333438687,fallback
urban_grid,5.0,5.0,moderate_rain,landslide,4,held_out,train,held_out,0.6052631578947368,1.0,0.7540983606557378,0.24415273004136864,46,76,226.35532333438687,fallback
urban_grid,5.0,5.0,moderate_rain,landslide,5,held_out,train,held_out,0.6375,1.0,0.7786259541984732,-0.04454683155347416,51,80,226.35532333438687,fallback
urban_grid,5.0,5.0,moderate_rain,landslide,6,held_out,train,held_out,0.7088607594936709,1.0,0.8296296296296296,0.1349080256371117,56,79,226.35532333438687,fallback
urban_grid,5.0,5.0,moderate_rain,landslide,7,held_out,train,held_out,0.6,1.0,0.7499999999999999,-0.024984730503722834,48,80,226.35532333438687,fallback
urban_grid,5.0,5.0,moderate_rain,landslide,8,held_out,train,held_out,0.625,1.0,0.7692307692307693,0.04083784149961142,50,80,226.35532333438687,fallback
urban_grid,5.0,5.0,moderate_rain,landslide,9,held_out,train,held_out,0.5,1.0,0.6666666666666666,-0.03500606073012672,40,80,226.35532333438687,fallback
urban_grid,5.0,5.0,moderate_rain,crash,0,held_out,train,held_out,0.48,1.0,0.6486486486486487,0.26579302328700116,36,75,226.35532333438687,fallback
urban_grid,5.0,5.0,moderate_rain,crash,1,held_out,train,held_out,0.48,1.0,0.6486486486486487,0.24712227479325888,36,75,226.35532333438687,fallback
urban_grid,5.0,5.0,moderate_rain,crash,2,held_out,train,held_out,0.45454545454545453,1.0,0.625,0.21729920241323095,35,77,226.35532333438687,fallback
urban_grid,5.0,5.0,moderate_rain,crash,3,held_out,train,held_out,0.527027027027027,1.0,0.6902654867256637,0.32246059334995125,39,74,226.35532333438687,fallback
urban_grid,5.0,5.0,moderate_rain,crash,4,held_out,train,held_out,0.5675675675675675,1.0,0.7241379310344828,0.301937665123896,42,74,226.35532333438687,fallback
urban_grid,5.0,5.0,moderate_rain,crash,5,held_out,train,held_out,0.5128205128205128,1.0,0.6779661016949152,0.18056357198465145,40,78,226.35532333438687,fallback
urban_grid,5.0,5.0,moderate_rain,crash,6,held_out,train,held_out,0.5454545454545454,1.0,0.7058823529411764,0.2477458487730782,42,77,226.35532333438687,fallback
urban_grid,5.0,5.0,moderate_rain,crash,7,held_out,train,held_out,0.47297297297297297,1.0,0.6422018348623852,0.2796801101998482,35,74,226.35532333438687,fallback
urban_grid,5.0,5.0,moderate_rain,crash,8,held_out,train,held_out,0.4714285714285714,1.0,0.6407766990291262,0.34518096108502894,33,70,226.35532333438687,fallback
urban_grid,5.0,5.0,moderate_rain,crash,9,held_out,train,held_out,0.3835616438356164,1.0,0.5544554455445544,0.23636559007908653,28,73,226.35532333438687,fallback
urban_grid,5.0,5.0,moderate_rain,waterlogging,0,held_out,held_out,held_out,0.5625,1.0,0.72,0.20825658444840253,45,80,226.35532333438687,fallback
urban_grid,5.0,5.0,moderate_rain,waterlogging,1,held_out,held_out,held_out,0.6,1.0,0.7499999999999999,-0.020443334460246272,48,80,226.35532333438687,fallback
urban_grid,5.0,5.0,moderate_rain,waterlogging,2,held_out,held_out,held_out,0.575,1.0,0.7301587301587301,-0.008911661784948925,46,80,226.35532333438687,fallback
urban_grid,5.0,5.0,moderate_rain,waterlogging,3,held_out,held_out,held_out,0.6375,1.0,0.7786259541984732,0.06911722500290501,51,80,226.35532333438687,fallback
urban_grid,5.0,5.0,moderate_rain,waterlogging,4,held_out,held_out,held_out,0.6052631578947368,1.0,0.7540983606557378,0.25171141420604837,46,76,226.35532333438687,fallback
urban_grid,5.0,5.0,moderate_rain,waterlogging,5,held_out,held_out,held_out,0.6375,1.0,0.7786259541984732,-0.04614506913073281,51,80,226.35532333438687,fallback
urban_grid,5.0,5.0,moderate_rain,waterlogging,6,held_out,held_out,held_out,0.7088607594936709,1.0,0.8296296296296296,0.14504044611750333,56,79,226.35532333438687,fallback
urban_grid,5.0,5.0,moderate_rain,waterlogging,7,held_out,held_out,held_out,0.6,1.0,0.7499999999999999,0.0151107407520373,48,80,226.35532333438687,fallback
urban_grid,5.0,5.0,moderate_rain,waterlogging,8,held_out,held_out,held_out,0.625,1.0,0.7692307692307693,0.04471281750374832,50,80,226.35532333438687,fallback
urban_grid,5.0,5.0,moderate_rain,waterlogging,9,held_out,held_out,held_out,0.5,1.0,0.6666666666666666,-0.026320061074316933,40,80,226.35532333438687,fallback
urban_grid,5.0,5.0,moderate_rain,black_ice,0,held_out,held_out,held_out,0.5625,1.0,0.72,0.19535060500231283,45,80,226.35532333438687,fallback
urban_grid,5.0,5.0,moderate_rain,black_ice,1,held_out,held_out,held_out,0.6,1.0,0.7499999999999999,-0.02647878167705265,48,80,226.35532333438687,fallback
urban_grid,5.0,5.0,moderate_rain,black_ice,2,held_out,held_out,held_out,0.575,1.0,0.7301587301587301,-0.01828122232798175,46,80,226.35532333438687,fallback
urban_grid,5.0,5.0,moderate_rain,black_ice,3,held_out,held_out,held_out,0.6375,1.0,0.7786259541984732,0.06730498124519563,51,80,226.35532333438687,fallback
urban_grid,5.0,5.0,moderate_rain,black_ice,4,held_out,held_out,held_out,0.6052631578947368,1.0,0.7540983606557378,0.24790088291603718,46,76,226.35532333438687,fallback
urban_grid,5.0,5.0,moderate_rain,black_ice,5,held_out,held_out,held_out,0.6375,1.0,0.7786259541984732,-0.0471977236075942,51,80,226.35532333438687,fallback
urban_grid,5.0,5.0,moderate_rain,black_ice,6,held_out,held_out,held_out,0.7088607594936709,1.0,0.8296296296296296,0.13986571878942528,56,79,226.35532333438687,fallback
urban_grid,5.0,5.0,moderate_rain,black_ice,7,held_out,held_out,held_out,0.6,1.0,0.7499999999999999,-0.004805611137626049,48,80,226.35532333438687,fallback
urban_grid,5.0,5.0,moderate_rain,black_ice,8,held_out,held_out,held_out,0.625,1.0,0.7692307692307693,0.04262599902148177,50,80,226.35532333438687,fallback
urban_grid,5.0,5.0,moderate_rain,black_ice,9,held_out,held_out,held_out,0.5,1.0,0.6666666666666666,-0.0308394905570204,40,80,226.35532333438687,fallback
urban_grid,5.0,5.0,dense_fog,fog_bank,0,held_out,train,held_out,0.625,1.0,0.7692307692307693,0.12190237941703845,50,80,226.35532333438687,fallback
urban_grid,5.0,5.0,dense_fog,fog_bank,1,held_out,train,held_out,0.7125,1.0,0.832116788321168,0.1878698028550402,57,80,226.35532333438687,fallback
urban_grid,5.0,5.0,dense_fog,fog_bank,2,held_out,train,held_out,0.55,1.0,0.7096774193548387,-0.021964817773249268,44,80,226.35532333438687,fallback
urban_grid,5.0,5.0,dense_fog,fog_bank,3,held_out,train,held_out,0.5897435897435898,1.0,0.7419354838709677,0.11862395671759263,46,78,226.35532333438687,fallback
urban_grid,5.0,5.0,dense_fog,fog_bank,4,held_out,train,held_out,0.625,1.0,0.7692307692307693,0.08028403759259312,50,80,226.35532333438687,fallback
urban_grid,5.0,5.0,dense_fog,fog_bank,5,held_out,train,held_out,0.6329113924050633,1.0,0.7751937984496124,0.1382098137022405,50,79,226.35532333438687,fallback
urban_grid,5.0,5.0,dense_fog,fog_bank,6,held_out,train,held_out,0.6,1.0,0.7499999999999999,0.16533157527705097,48,80,226.35532333438687,fallback
urban_grid,5.0,5.0,dense_fog,fog_bank,7,held_out,train,held_out,0.625,1.0,0.7692307692307693,0.10961260507278366,50,80,226.35532333438687,fallback
urban_grid,5.0,5.0,dense_fog,fog_bank,8,held_out,train,held_out,0.6329113924050633,1.0,0.7751937984496124,0.15780271698252762,50,79,226.35532333438687,fallback
urban_grid,5.0,5.0,dense_fog,fog_bank,9,held_out,train,held_out,0.6962025316455697,1.0,0.8208955223880596,0.2397835007965405,55,79,226.35532333438687,fallback
urban_grid,5.0,5.0,dense_fog,landslide,0,held_out,train,held_out,0.625,1.0,0.7692307692307693,0.03447391141491016,50,80,226.35532333438687,fallback
urban_grid,5.0,5.0,dense_fog,landslide,1,held_out,train,held_out,0.7125,1.0,0.832116788321168,0.11704129542864988,57,80,226.35532333438687,fallback
urban_grid,5.0,5.0,dense_fog,landslide,2,held_out,train,held_out,0.55,1.0,0.7096774193548387,-0.06298883009195627,44,80,226.35532333438687,fallback
urban_grid,5.0,5.0,dense_fog,landslide,3,held_out,train,held_out,0.5897435897435898,1.0,0.7419354838709677,0.1391261274344617,46,78,226.35532333438687,fallback
urban_grid,5.0,5.0,dense_fog,landslide,4,held_out,train,held_out,0.625,1.0,0.7692307692307693,0.035129211173143056,50,80,226.35532333438687,fallback
urban_grid,5.0,5.0,dense_fog,landslide,5,held_out,train,held_out,0.6329113924050633,1.0,0.7751937984496124,0.1489792387706436,50,79,226.35532333438687,fallback
urban_grid,5.0,5.0,dense_fog,landslide,6,held_out,train,held_out,0.6,1.0,0.7499999999999999,0.08352714812992024,48,80,226.35532333438687,fallback
urban_grid,5.0,5.0,dense_fog,landslide,7,held_out,train,held_out,0.625,1.0,0.7692307692307693,0.05317580286398119,50,80,226.35532333438687,fallback
urban_grid,5.0,5.0,dense_fog,landslide,8,held_out,train,held_out,0.6329113924050633,1.0,0.7751937984496124,0.1597647614489999,50,79,226.35532333438687,fallback
urban_grid,5.0,5.0,dense_fog,landslide,9,held_out,train,held_out,0.6962025316455697,1.0,0.8208955223880596,0.21279582141818235,55,79,226.35532333438687,fallback
urban_grid,5.0,5.0,dense_fog,crash,0,held_out,train,held_out,0.5,1.0,0.6666666666666666,0.2832311193479417,38,76,226.35532333438687,fallback
urban_grid,5.0,5.0,dense_fog,crash,1,held_out,train,held_out,0.6056338028169014,1.0,0.7543859649122806,0.4135772283654442,43,71,226.35532333438687,fallback
urban_grid,5.0,5.0,dense_fog,crash,2,held_out,train,held_out,0.4605263157894737,1.0,0.6306306306306306,0.2849734366698071,35,76,226.35532333438687,fallback
urban_grid,5.0,5.0,dense_fog,crash,3,held_out,train,held_out,0.5277777777777778,1.0,0.6909090909090909,0.29077708420494724,38,72,226.35532333438687,fallback
urban_grid,5.0,5.0,dense_fog,crash,4,held_out,train,held_out,0.5135135135135135,1.0,0.6785714285714285,0.2741731069102736,38,74,226.35532333438687,fallback
urban_grid,5.0,5.0,dense_fog,crash,5,held_out,train,held_out,0.527027027027027,1.0,0.6902654867256637,0.3251741573106258,39,74,226.35532333438687,fallback
urban_grid,5.0,5.0,dense_fog,crash,6,held_out,train,held_out,0.52,1.0,0.6842105263157895,0.29078142651092437,39,75,226.35532333438687,fallback
urban_grid,5.0,5.0,dense_fog,crash,7,held_out,train,held_out,0.5342465753424658,1.0,0.6964285714285715,0.35274876594860166,39,73,226.35532333438687,fallback
urban_grid,5.0,5.0,dense_fog,crash,8,held_out,train,held_out,0.4927536231884058,1.0,0.6601941747572816,0.3934748526443318,34,69,226.35532333438687,fallback
urban_grid,5.0,5.0,dense_fog,crash,9,held_out,train,held_out,0.6133333333333333,1.0,0.7603305785123966,0.32029560654520167,46,75,226.35532333438687,fallback
urban_grid,5.0,5.0,dense_fog,waterlogging,0,held_out,held_out,held_out,0.625,1.0,0.7692307692307693,0.057849609667169594,50,80,226.35532333438687,fallback
urban_grid,5.0,5.0,dense_fog,waterlogging,1,held_out,held_out,held_out,0.7125,1.0,0.832116788321168,0.13642029802912573,57,80,226.35532333438687,fallback
urban_grid,5.0,5.0,dense_fog,waterlogging,2,held_out,held_out,held_out,0.55,1.0,0.7096774193548387,-0.05242382223750629,44,80,226.35532333438687,fallback
urban_grid,5.0,5.0,dense_fog,waterlogging,3,held_out,held_out,held_out,0.5897435897435898,1.0,0.7419354838709677,0.13240252559985946,46,78,226.35532333438687,fallback
urban_grid,5.0,5.0,dense_fog,waterlogging,4,held_out,held_out,held_out,0.625,1.0,0.7692307692307693,0.04626995272966755,50,80,226.35532333438687,fallback
urban_grid,5.0,5.0,dense_fog,waterlogging,5,held_out,held_out,held_out,0.6329113924050633,1.0,0.7751937984496124,0.14447806856624637,50,79,226.35532333438687,fallback
urban_grid,5.0,5.0,dense_fog,waterlogging,6,held_out,held_out,held_out,0.6,1.0,0.7499999999999999,0.10541811295537125,48,80,226.35532333438687,fallback
urban_grid,5.0,5.0,dense_fog,waterlogging,7,held_out,held_out,held_out,0.625,1.0,0.7692307692307693,0.06732732111441256,50,80,226.35532333438687,fallback
urban_grid,5.0,5.0,dense_fog,waterlogging,8,held_out,held_out,held_out,0.6329113924050633,1.0,0.7751937984496124,0.15775879913687388,50,79,226.35532333438687,fallback
urban_grid,5.0,5.0,dense_fog,waterlogging,9,held_out,held_out,held_out,0.6962025316455697,1.0,0.8208955223880596,0.21956218253773493,55,79,226.35532333438687,fallback
urban_grid,5.0,5.0,dense_fog,black_ice,0,held_out,held_out,held_out,0.625,1.0,0.7692307692307693,0.046014737197463795,50,80,226.35532333438687,fallback
urban_grid,5.0,5.0,dense_fog,black_ice,1,held_out,held_out,held_out,0.7125,1.0,0.832116788321168,0.12667269620089944,57,80,226.35532333438687,fallback
urban_grid,5.0,5.0,dense_fog,black_ice,2,held_out,held_out,held_out,0.55,1.0,0.7096774193548387,-0.05762845324875846,44,80,226.35532333438687,fallback
urban_grid,5.0,5.0,dense_fog,black_ice,3,held_out,held_out,held_out,0.5897435897435898,1.0,0.7419354838709677,0.13573093703845865,46,78,226.35532333438687,fallback
urban_grid,5.0,5.0,dense_fog,black_ice,4,held_out,held_out,held_out,0.625,1.0,0.7692307692307693,0.04059696951172028,50,80,226.35532333438687,fallback
urban_grid,5.0,5.0,dense_fog,black_ice,5,held_out,held_out,held_out,0.6329113924050633,1.0,0.7751937984496124,0.1466605906434591,50,79,226.35532333438687,fallback
urban_grid,5.0,5.0,dense_fog,black_ice,6,held_out,held_out,held_out,0.6,1.0,0.7499999999999999,0.09445362940419896,48,80,226.35532333438687,fallback
urban_grid,5.0,5.0,dense_fog,black_ice,7,held_out,held_out,held_out,0.625,1.0,0.7692307692307693,0.06015803816513745,50,80,226.35532333438687,fallback
urban_grid,5.0,5.0,dense_fog,black_ice,8,held_out,held_out,held_out,0.6329113924050633,1.0,0.7751937984496124,0.15867251338977145,50,79,226.35532333438687,fallback
urban_grid,5.0,5.0,dense_fog,black_ice,9,held_out,held_out,held_out,0.6962025316455697,1.0,0.8208955223880596,0.2161275414593231,55,79,226.35532333438687,fallback
rural_highway,10.0,10.0,clear,fog_bank,0,train,train,train,0.8468468468468469,1.0,0.9170731707317074,0.8382649223217383,94,111,226.35532333438687,fallback
rural_highway,10.0,10.0,clear,fog_bank,1,train,train,train,0.75,1.0,0.8571428571428571,0.7907433908744285,87,116,226.35532333438687,fallback
rural_highway,10.0,10.0,clear,fog_bank,2,train,train,train,0.84375,1.0,0.9152542372881356,0.761076013958165,108,128,226.35532333438687,fallback
rural_highway,10.0,10.0,clear,fog_bank,3,train,train,train,0.788135593220339,1.0,0.8815165876777251,0.789289929456708,93,118,226.35532333438687,fallback
rural_highway,10.0,10.0,clear,fog_bank,4,train,train,train,0.7272727272727273,1.0,0.8421052631578948,0.8259577927183822,88,121,226.35532333438687,fallback
rural_highway,10.0,10.0,clear,fog_bank,5,train,train,train,0.84251968503937,1.0,0.9145299145299145,0.829273458728831,107,127,226.35532333438687,fallback
rural_highway,10.0,10.0,clear,fog_bank,6,train,train,train,0.816,1.0,0.8986784140969163,0.7924185322287038,102,125,226.35532333438687,fallback
rural_highway,10.0,10.0,clear,fog_bank,7,train,train,train,0.7094017094017094,1.0,0.83,0.805497328727592,83,117,226.35532333438687,fallback
rural_highway,10.0,10.0,clear,fog_bank,8,train,train,train,0.8448275862068966,1.0,0.9158878504672897,0.8482509139384131,98,116,226.35532333438687,fallback
rural_highway,10.0,10.0,clear,fog_bank,9,train,train,train,0.8130081300813008,1.0,0.8968609865470852,0.8265153513013218,100,123,226.35532333438687,fallback
rural_highway,10.0,10.0,clear,landslide,0,train,train,train,0.8448275862068966,1.0,0.9158878504672897,0.8547037168189965,98,116,226.35532333438687,fallback
rural_highway,10.0,10.0,clear,landslide,1,train,train,train,0.75,1.0,0.8571428571428571,0.8069949813434171,87,116,226.35532333438687,fallback
rural_highway,10.0,10.0,clear,landslide,2,train,train,train,0.8372093023255814,1.0,0.9113924050632911,0.7734775084370223,108,129,226.35532333438687,fallback
rural_highway,10.0,10.0,clear,landslide,3,train,train,train,0.768595041322314,1.0,0.869158878504673,0.8020981936195912,93,121,226.35532333438687,fallback
rural_highway,10.0,10.0,clear,landslide,4,train,train,train,0.7295081967213115,1.0,0.8436018957345972,0.8397252115590663,89,122,226.35532333438687,fallback
rural_highway,10.0,10.0,clear,landslide,5,train,train,train,0.8661417322834646,1.0,0.9282700421940928,0.8417938199780725,110,127,226.35532333438687,fallback
rural_highway,10.0,10.0,clear,landslide,6,train,train,train,0.848,1.0,0.9177489177489178,0.8080204414557923,106,125,226.35532333438687,fallback
rural_highway,10.0,10.0,clear,landslide,7,train,train,train,0.7033898305084746,1.0,0.8258706467661692,0.8198023746272678,83,118,226.35532333438687,fallback
rural_highway,10.0,10.0,clear,landslide,8,train,train,train,0.8706896551724138,1.0,0.9308755760368664,0.8583745164807873,101,116,226.35532333438687,fallback
rural_highway,10.0,10.0,clear,landslide,9,train,train,train,0.816,1.0,0.8986784140969163,0.8406307048772382,102,125,226.35532333438687,fallback
rural_highway,10.0,10.0,clear,crash,0,train,train,train,0.8548387096774194,0.6022727272727273,0.7066666666666668,0.6096963456797952,88,62,226.35532333438687,fallback
rural_highway,10.0,10.0,clear,crash,1,train,train,train,0.711864406779661,0.56,0.6268656716417912,0.5894703004489686,75,59,226.35532333438687,fallback
rural_highway,10.0,10.0,clear,crash,2,train,train,train,0.828125,0.5247524752475248,0.6424242424242425,0.6058101016484336,101,64,226.35532333438687,fallback
rural_highway,10.0,10.0,clear,crash,3,train,train,train,0.7419354838709677,0.5542168674698795,0.6344827586206897,0.6936562974239338,83,62,226.35532333438687,fallback
rural_highway,10.0,10.0,clear,crash,4,train,train,train,0.6875,0.55,0.6111111111111112,0.5558729700356416,80,64,226.35532333438687,fallback
rural_highway,10.0,10.0,clear,crash,5,train,train,train,0.8615384615384616,0.5384615384615384,0.6627218934911243,0.5400329776219772,104,65,226.35532333438687,fallback
rural_highway,10.0,10.0,clear,crash,6,train,train,train,0.8275862068965517,0.5274725274725275,0.6442953020134228,0.6323722357254943,91,58,226.35532333438687,fallback
rural_highway,10.0,10.0,clear,crash,7,train,train,train,0.5862068965517241,0.4594594594594595,0.5151515151515151,0.5159575060844707,74,58,226.35532333438687,fallback
rural_highway,10.0,10.0,clear,crash,8,train,train,train,0.8103448275862069,0.5164835164835165,0.6308724832214766,0.4643343798811788,91,58,226.35532333438687,fallback
rural_highway,10.0,10.0,clear,crash,9,train,train,train,0.7704918032786885,0.4845360824742268,0.5949367088607594,0.5417314861887662,97,61,226.35532333438687,fallback
rural_highway,10.0,10.0,clear,waterlogging,0,train,held_out,train,0.8434782608695652,1.0,0.9150943396226415,0.8504486447067523,97,115,226.35532333438687,fallback
rural_highway,10.0,10.0,clear,waterlogging,1,train,held_out,train,0.75,1.0,0.8571428571428571,0.8027366345745087,87,116,226.35532333438687,fallback
rural_highway,10.0,10.0,clear,waterlogging,2,train,held_out,train,0.8372093023255814,1.0,0.9113924050632911,0.7702208435020381,108,129,226.35532333438687,fallback
rural_highway,10.0,10.0,clear,waterlogging,3,train,held_out,train,0.775,1.0,0.8732394366197184,0.7986585539941443,93,120,226.35532333438687,fallback
rural_highway,10.0,10.0,clear,waterlogging,4,train,held_out,train,0.7295081967213115,1.0,0.8436018957345972,0.8361703575921037,89,122,226.35532333438687,fallback
rural_highway,10.0,10.0,clear,waterlogging,5,train,held_out,train,0.8661417322834646,1.0,0.9282700421940928,0.8385272287598368,110,127,226.35532333438687,fallback
rural_highway,10.0,10.0,clear,waterlogging,6,train,held_out,train,0.848,1.0,0.9177489177489178,0.803909479122731,106,125,226.35532333438687,fallback
rural_highway,10.0,10.0,clear,waterlogging,7,train,held_out,train,0.7094017094017094,1.0,0.83,0.8160606965975157,83,117,226.35532333438687,fallback
rural_highway,10.0,10.0,clear,waterlogging,8,train,held_out,train,0.8706896551724138,1.0,0.9308755760368664,0.8557426341178176,101,116,226.35532333438687,fallback
rural_highway,10.0,10.0,clear,waterlogging,9,train,held_out,train,0.816,1.0,0.8986784140969163,0.8369129939399269,102,125,226.35532333438687,fallback
rural_highway,10.0,10.0,clear,black_ice,0,train,held_out,train,0.8521739130434782,1.0,0.92018779342723,0.852601742238452,98,115,226.35532333438687,fallback
rural_highway,10.0,10.0,clear,black_ice,1,train,held_out,train,0.75,1.0,0.8571428571428571,0.8048784130684925,87,116,226.35532333438687,fallback
rural_highway,10.0,10.0,clear,black_ice,2,train,held_out,train,0.8372093023255814,1.0,0.9113924050632911,0.7718566118237264,108,129,226.35532333438687,fallback
rural_highway,10.0,10.0,clear,black_ice,3,train,held_out,train,0.775,1.0,0.8732394366197184,0.8003878932273168,93,120,226.35532333438687,fallback
rural_highway,10.0,10.0,clear,black_ice,4,train,held_out,train,0.7295081967213115,1.0,0.8436018957345972,0.837963997658755,89,122,226.35532333438687,fallback
rural_highway,10.0,10.0,clear,black_ice,5,train,held_out,train,0.8661417322834646,1.0,0.9282700421940928,0.8401722558154574,110,127,226.35532333438687,fallback
rural_highway,10.0,10.0,clear,black_ice,6,train,held_out,train,0.848,1.0,0.9177489177489178,0.8059799292174039,106,125,226.35532333438687,fallback
rural_highway,10.0,10.0,clear,black_ice,7,train,held_out,train,0.7094017094017094,1.0,0.83,0.8179472221780839,83,117,226.35532333438687,fallback
rural_highway,10.0,10.0,clear,black_ice,8,train,held_out,train,0.8706896551724138,1.0,0.9308755760368664,0.8570683653861884,101,116,226.35532333438687,fallback
rural_highway,10.0,10.0,clear,black_ice,9,train,held_out,train,0.816,1.0,0.8986784140969163,0.8387872956339196,102,125,226.35532333438687,fallback
rural_highway,10.0,10.0,heavy_rain,fog_bank,0,train,train,train,0.8584905660377359,1.0,0.9238578680203046,0.8022777932506281,91,106,226.35532333438687,fallback
rural_highway,10.0,10.0,heavy_rain,fog_bank,1,train,train,train,0.7727272727272727,1.0,0.8717948717948718,0.7571986827926286,85,110,226.35532333438687,fallback
rural_highway,10.0,10.0,heavy_rain,fog_bank,2,train,train,train,0.788135593220339,1.0,0.8815165876777251,0.7672473011800425,93,118,226.35532333438687,fallback
rural_highway,10.0,10.0,heavy_rain,fog_bank,3,train,train,train,0.7878787878787878,1.0,0.8813559322033898,0.7555715343006724,78,99,226.35532333438687,fallback
rural_highway,10.0,10.0,heavy_rain,fog_bank,4,train,train,train,0.8636363636363636,1.0,0.9268292682926829,0.8341517836110962,95,110,226.35532333438687,fallback
rural_highway,10.0,10.0,heavy_rain,fog_bank,5,train,train,train,0.8303571428571429,1.0,0.9073170731707317,0.8123807603397297,93,112,226.35532333438687,fallback
rural_highway,10.0,10.0,heavy_rain,fog_bank,6,train,train,train,0.7870370370370371,1.0,0.8808290155440415,0.7737625323148867,85,108,226.35532333438687,fallback
rural_highway,10.0,10.0,heavy_rain,fog_bank,7,train,train,train,0.67,1.0,0.8023952095808384,0.7865886264326272,67,100,226.35532333438687,fallback
rural_highway,10.0,10.0,heavy_rain,fog_bank,8,train,train,train,0.8247422680412371,1.0,0.903954802259887,0.8166480115401722,80,97,226.35532333438687,fallback
rural_highway,10.0,10.0,heavy_rain,fog_bank,9,train,train,train,0.8440366972477065,1.0,0.9154228855721394,0.800486358099345,92,109,226.35532333438687,fallback
rural_highway,10.0,10.0,heavy_rain,landslide,0,train,train,train,0.8584905660377359,1.0,0.9238578680203046,0.8146998640950687,91,106,226.35532333438687,fallback
rural_highway,10.0,10.0,heavy_rain,landslide,1,train,train,train,0.7727272727272727,1.0,0.8717948717948718,0.7723161748525248,85,110,226.35532333438687,fallback
rural_highway,10.0,10.0,heavy_rain,landslide,2,train,train,train,0.7899159663865546,1.0,0.8826291079812207,0.78109852605153,94,119,226.35532333438687,fallback
rural_highway,10.0,10.0,heavy_rain,landslide,3,train,train,train,0.7920792079207921,1.0,0.8839779005524863,0.7643059492714045,80,101,226.35532333438687,fallback
rural_highway,10.0,10.0,heavy_rain,landslide,4,train,train,train,0.8636363636363636,1.0,0.9268292682926829,0.8468477433062984,95,110,226.35532333438687,fallback
rural_highway,10.0,10.0,heavy_rain,landslide,5,train,train,train,0.808695652173913,1.0,0.8942307692307693,0.825861612602385,93,115,226.35532333438687,fallback
rural_highway,10.0,10.0,heavy_rain,landslide,6,train,train,train,0.7909090909090909,1.0,0.883248730964467,0.7870168621015272,87,110,226.35532333438687,fallback
rural_highway,10.0,10.0,heavy_rain,landslide,7,train,train,train,0.6923076923076923,1.0,0.8181818181818181,0.8019935269798956,72,104,226.35532333438687,fallback
rural_highway,10.0,10.0,heavy_rain,landslide,8,train,train,train,0.826530612244898,1.0,0.9050279329608939,0.8291198950557636,81,98,226.35532333438687,fallback
rural_highway,10.0,10.0,heavy_rain,landslide,9,train,train,train,0.8440366972477065,1.0,0.9154228855721394,0.8101601403986264,92,109,226.35532333438687,fallback
rural_highway,10.0,10.0,heavy_rain,crash,0,train,train,train,0.8490566037735849,0.5555555555555556,0.6716417910447762,0.6065292267718517,81,53,226.35532333438687,fallback
rural_highway,10.0,10.0,heavy_rain,crash,1,train,train,train,0.7924528301886793,0.5526315789473685,0.6511627906976745,0.5703557765617531,76,53,226.35532333438687,fallback
rural_highway,10.0,10.0,heavy_rain,crash,2,train,train,train,0.8103448275862069,0.5280898876404494,0.6394557823129251,0.6047698288757017,89,58,226.35532333438687,fallback
rural_highway,10.0,10.0,heavy_rain,crash,3,train,train,train,0.7608695652173914,0.5072463768115942,0.6086956521739131,0.6038166992011057,69,46,226.35532333438687,fallback
rural_highway,10.0,10.0,heavy_rain,crash,4,train,train,train,0.8461538461538461,0.5057471264367817,0.6330935251798562,0.6097020483490576,87,52,226.35532333438687,fallback
rural_highway,10.0,10.0,heavy_rain,crash,5,train,train,train,0.8666666666666667,0.5909090909090909,0.7027027027027029,0.5072095506884248,88,60,226.35532333438687,fallback
rural_highway,10.0,10.0,heavy_rain,crash,6,train,train,train,0.8235294117647058,0.525,0.6412213740458015,0.4814416710043941,80,51,226.35532333438687,fallback
rural_highway,10.0,10.0,heavy_rain,crash,7,train,train,train,0.5769230769230769,0.4918032786885246,0.5309734513274337,0.5623733063009776,61,52,226.35532333438687,fallback
rural_highway,10.0,10.0,heavy_rain,crash,8,train,train,train,0.8125,0.5,0.6190476190476191,0.4271700007929443,78,48,226.35532333438687,fallback
rural_highway,10.0,10.0,heavy_rain,crash,9,train,train,train,0.8461538461538461,0.5116279069767442,0.6376811594202898,0.5683591016139341,86,52,226.35532333438687,fallback
rural_highway,10.0,10.0,heavy_rain,waterlogging,0,train,held_out,train,0.8584905660377359,1.0,0.9238578680203046,0.8113869145632341,91,106,226.35532333438687,fallback
rural_highway,10.0,10.0,heavy_rain,waterlogging,1,train,held_out,train,0.7727272727272727,1.0,0.8717948717948718,0.7683506434278669,85,110,226.35532333438687,fallback
rural_highway,10.0,10.0,heavy_rain,waterlogging,2,train,held_out,train,0.788135593220339,1.0,0.8815165876777251,0.7774948477723777,93,118,226.35532333438687,fallback
rural_highway,10.0,10.0,heavy_rain,waterlogging,3,train,held_out,train,0.7920792079207921,1.0,0.8839779005524863,0.7619707993089347,80,101,226.35532333438687,fallback
rural_highway,10.0,10.0,heavy_rain,waterlogging,4,train,held_out,train,0.8636363636363636,1.0,0.9268292682926829,0.8435652839824398,95,110,226.35532333438687,fallback
rural_highway,10.0,10.0,heavy_rain,waterlogging,5,train,held_out,train,0.808695652173913,1.0,0.8942307692307693,0.822368245069588,93,115,226.35532333438687,fallback
rural_highway,10.0,10.0,heavy_rain,waterlogging,6,train,held_out,train,0.7889908256880734,1.0,0.882051282051282,0.7835053286220325,86,109,226.35532333438687,fallback
rural_highway,10.0,10.0,heavy_rain,waterlogging,7,train,held_out,train,0.6923076923076923,1.0,0.8181818181818181,0.797994158691289,72,104,226.35532333438687,fallback
rural_highway,10.0,10.0,heavy_rain,waterlogging,8,train,held_out,train,0.8247422680412371,1.0,0.903954802259887,0.825906553648486,80,97,226.35532333438687,fallback
rural_highway,10.0,10.0,heavy_rain,waterlogging,9,train,held_out,train,0.8440366972477065,1.0,0.9154228855721394,0.8076073094079257,92,109,226.35532333438687,fallback
rural_highway,10.0,10.0,heavy_rain,black_ice,0,train,held_out,train,0.8584905660377359,1.0,0.9238578680203046,0.8130520966171326,91,106,226.35532333438687,fallback
rural_highway,10.0,10.0,heavy_rain,black_ice,1,train,held_out,train,0.7727272727272727,1.0,0.8717948717948718,0.7703449065161414,85,110,226.35532333438687,fallback
rural_highway,10.0,10.0,heavy_rain,black_ice,2,train,held_out,train,0.7815126050420168,1.0,0.8773584905660378,0.7793081593218095,93,119,226.35532333438687,fallback
rural_highway,10.0,10.0,heavy_rain,black_ice,3,train,held_out,train,0.7920792079207921,1.0,0.8839779005524863,0.7631395121146892,80,101,226.35532333438687,fallback
rural_highway,10.0,10.0,heavy_rain,black_ice,4,train,held_out,train,0.8636363636363636,1.0,0.9268292682926829,0.8452205196506788,95,110,226.35532333438687,fallback
rural_highway,10.0,10.0,heavy_rain,black_ice,5,train,held_out,train,0.808695652173913,1.0,0.8942307692307693,0.824121165710008,93,115,226.35532333438687,fallback
rural_highway,10.0,10.0,heavy_rain,black_ice,6,train,held_out,train,0.7909090909090909,1.0,0.883248730964467,0.7852693546063623,87,110,226.35532333438687,fallback
rural_highway,10.0,10.0,heavy_rain,black_ice,7,train,held_out,train,0.6923076923076923,1.0,0.8181818181818181,0.8000100559800235,72,104,226.35532333438687,fallback
rural_highway,10.0,10.0,heavy_rain,black_ice,8,train,held_out,train,0.8247422680412371,1.0,0.903954802259887,0.8275262964498528,80,97,226.35532333438687,fallback
rural_highway,10.0,10.0,heavy_rain,black_ice,9,train,held_out,train,0.8440366972477065,1.0,0.9154228855721394,0.8088887751265259,92,109,226.35532333438687,fallback
rural_highway,10.0,10.0,moderate_rain,fog_bank,0,train,train,held_out,0.8640776699029126,1.0,0.9270833333333333,0.8321482292677838,89,103,226.35532333438687,fallback
rural_highway,10.0,10.0,moderate_rain,fog_bank,1,train,train,held_out,0.7924528301886793,1.0,0.8842105263157896,0.7795175239216316,84,106,226.35532333438687,fallback
rural_highway,10.0,10.0,moderate_rain,fog_bank,2,train,train,held_out,0.7565217391304347,1.0,0.8613861386138613,0.7532764845210632,87,115,226.35532333438687,fallback
rural_highway,10.0,10.0,moderate_rain,fog_bank,3,train,train,held_out,0.8070175438596491,1.0,0.8932038834951457,0.7628803638177453,92,114,226.35532333438687,fallback
rural_highway,10.0,10.0,moderate_rain,fog_bank,4,train,train,held_out,0.8073394495412844,1.0,0.8934010152284264,0.8338159742234578,88,109,226.35532333438687,fallback
rural_highway,10.0,10.0,moderate_rain,fog_bank,5,train,train,held_out,0.860655737704918,1.0,0.9251101321585903,0.8219481063022472,105,122,226.35532333438687,fallback
rural_highway,10.0,10.0,moderate_rain,fog_bank,6,train,train,held_out,0.808695652173913,1.0,0.8942307692307693,0.7697818224809881,93,115,226.35532333438687,fallback
rural_highway,10.0,10.0,moderate_rain,fog_bank,7,train,train,held_out,0.7280701754385965,1.0,0.8426395939086295,0.7988863156546372,83,114,226.35532333438687,fallback
rural_highway,10.0,10.0,moderate_rain,fog_bank,8,train,train,held_out,0.8672566371681416,1.0,0.9289099526066351,0.8215897491398564,98,113,226.35532333438687,fallback
rural_highway,10.0,10.0,moderate_rain,fog_bank,9,train,train,held_out,0.8275862068965517,1.0,0.9056603773584906,0.811114627225428,96,116,226.35532333438687,fallback
rural_highway,10.0,10.0,moderate_rain,landslide,0,train,train,held_out,0.8611111111111112,1.0,0.9253731343283582,0.8465587633474824,93,108,226.35532333438687,fallback
rural_highway,10.0,10.0,moderate_rain,landslide,1,train,train,held_out,0.8018018018018018,1.0,0.89,0.795802590461983,89,111,226.35532333438687,fallback
rural_highway,10.0,10.0,moderate_rain,landslide,2,train,train,held_out,0.7652173913043478,1.0,0.8669950738916257,0.7682585949080523,88,115,226.35532333438687,fallback
rural_highway,10.0,10.0,moderate_rain,landslide,3,train,train,held_out,0.788135593220339,1.0,0.8815165876777251,0.7738836267228053,93,118,226.35532333438687,fallback
rural_highway,10.0,10.0,moderate_rain,landslide,4,train,train,held_out,0.8165137614678899,1.0,0.898989898989899,0.8470255105197713,89,109,226.35532333438687,fallback
rural_highway,10.0,10.0,moderate_rain,landslide,5,train,train,held_out,0.860655737704918,1.0,0.9251101321585903,0.8352420584266579,105,122,226.35532333438687,fallback
rural_highway,10.0,10.0,moderate_rain,landslide,6,train,train,held_out,0.8135593220338984,1.0,0.897196261682243,0.7870212610190015,96,118,226.35532333438687,fallback
rural_highway,10.0,10.0,moderate_rain,landslide,7,train,train,held_out,0.7391304347826086,1.0,0.85,0.8140443825645279,85,115,226.35532333438687,fallback
rural_highway,10.0,10.0,moderate_rain,landslide,8,train,train,held_out,0.8547008547008547,1.0,0.9216589861751151,0.8334405921889518,100,117,226.35532333438687,fallback
rural_highway,10.0,10.0,moderate_rain,landslide,9,train,train,held_out,0.8205128205128205,1.0,0.9014084507042254,0.8233666623896982,96,117,226.35532333438687,fallback
rural_highway,10.0,10.0,moderate_rain,crash,0,train,train,held_out,0.8545454545454545,0.573170731707317,0.6861313868613138,0.6371946622344266,82,55,226.35532333438687,fallback
rural_highway,10.0,10.0,moderate_rain,crash,1,train,train,held_out,0.803921568627451,0.5616438356164384,0.6612903225806452,0.6191878848376939,73,51,226.35532333438687,fallback
rural_highway,10.0,10.0,moderate_rain,crash,2,train,train,held_out,0.819672131147541,0.6172839506172839,0.704225352112676,0.6105690001949917,81,61,226.35532333438687,fallback
rural_highway,10.0,10.0,moderate_rain,crash,3,train,train,held_out,0.8103448275862069,0.573170731707317,0.6714285714285714,0.6513429542270971,82,58,226.35532333438687,fallback
rural_highway,10.0,10.0,moderate_rain,crash,4,train,train,held_out,0.8627450980392157,0.5432098765432098,0.6666666666666666,0.599865150662762,81,51,226.35532333438687,fallback
rural_highway,10.0,10.0,moderate_rain,crash,5,train,train,held_out,0.8857142857142857,0.62,0.7294117647058823,0.5071319500721908,100,70,226.35532333438687,fallback
rural_highway,10.0,10.0,moderate_rain,crash,6,train,train,held_out,0.7924528301886793,0.5060240963855421,0.6176470588235294,0.5722490822473523,83,53,226.35532333438687,fallback
rural_highway,10.0,10.0,moderate_rain,crash,7,train,train,held_out,0.7,0.5526315789473685,0.6176470588235295,0.5183171315041911,76,60,226.35532333438687,fallback
rural_highway,10.0,10.0,moderate_rain,crash,8,train,train,held_out,0.8461538461538461,0.4731182795698925,0.6068965517241379,0.4184991011429174,93,52,226.35532333438687,fallback
rural_highway,10.0,10.0,moderate_rain,crash,9,train,train,held_out,0.8,0.4835164835164835,0.6027397260273972,0.5853208674641829,91,55,226.35532333438687,fallback
rural_highway,10.0,10.0,moderate_rain,waterlogging,0,train,held_out,held_out,0.8598130841121495,1.0,0.9246231155778893,0.8427921473557214,92,107,226.35532333438687,fallback
rural_highway,10.0,10.0,moderate_rain,waterlogging,1,train,held_out,held_out,0.7889908256880734,1.0,0.882051282051282,0.7915446191138554,86,109,226.35532333438687,fallback
rural_highway,10.0,10.0,moderate_rain,waterlogging,2,train,held_out,held_out,0.7652173913043478,1.0,0.8669950738916257,0.7643293056192069,88,115,226.35532333438687,fallback
rural_highway,10.0,10.0,moderate_rain,waterlogging,3,train,held_out,held_out,0.8070175438596491,1.0,0.8932038834951457,0.7709252763528514,92,114,226.35532333438687,fallback
rural_highway,10.0,10.0,moderate_rain,waterlogging,4,train,held_out,held_out,0.8165137614678899,1.0,0.898989898989899,0.8435762282142676,89,109,226.35532333438687,fallback
rural_highway,10.0,10.0,moderate_rain,waterlogging,5,train,held_out,held_out,0.860655737704918,1.0,0.9251101321585903,0.8317874619730745,105,122,226.35532333438687,fallback
rural_highway,10.0,10.0,moderate_rain,waterlogging,6,train,held_out,held_out,0.8034188034188035,1.0,0.8909952606635071,0.782472718539442,94,117,226.35532333438687,fallback
rural_highway,10.0,10.0,moderate_rain,waterlogging,7,train,held_out,held_out,0.7391304347826086,1.0,0.85,0.8100987299272475,85,115,226.35532333438687,fallback
rural_highway,10.0,10.0,moderate_rain,waterlogging,8,train,held_out,held_out,0.8608695652173913,1.0,0.9252336448598132,0.8303652184996537,99,115,226.35532333438687,fallback
rural_highway,10.0,10.0,moderate_rain,waterlogging,9,train,held_out,held_out,0.8205128205128205,1.0,0.9014084507042254,0.8201094989163414,96,117,226.35532333438687,fallback
rural_highway,10.0,10.0,moderate_rain,black_ice,0,train,held_out,held_out,0.8518518518518519,1.0,0.92,0.8446934461203507,92,108,226.35532333438687,fallback
rural_highway,10.0,10.0,moderate_rain,black_ice,1,train,held_out,held_out,0.7909090909090909,1.0,0.883248730964467,0.7936900105076646,87,110,226.35532333438687,fallback
rural_highway,10.0,10.0,moderate_rain,black_ice,2,train,held_out,held_out,0.7652173913043478,1.0,0.8669950738916257,0.7663065558819762,88,115,226.35532333438687,fallback
rural_highway,10.0,10.0,moderate_rain,black_ice,3,train,held_out,held_out,0.8017241379310345,1.0,0.8899521531100478,0.7724082803086956,93,116,226.35532333438687,fallback
rural_highway,10.0,10.0,moderate_rain,black_ice,4,train,held_out,held_out,0.8165137614678899,1.0,0.898989898989899,0.8453152792358349,89,109,226.35532333438687,fallback
rural_highway,10.0,10.0,moderate_rain,black_ice,5,train,held_out,held_out,0.860655737704918,1.0,0.9251101321585903,0.833528084693755,105,122,226.35532333438687,fallback
rural_highway,10.0,10.0,moderate_rain,black_ice,6,train,held_out,held_out,0.811965811965812,1.0,0.8962264150943396,0.7847634639623425,95,117,226.35532333438687,fallback
rural_highway,10.0,10.0,moderate_rain,black_ice,7,train,held_out,held_out,0.7391304347826086,1.0,0.85,0.8120882545263285,85,115,226.35532333438687,fallback
rural_highway,10.0,10.0,moderate_rain,black_ice,8,train,held_out,held_out,0.8461538461538461,1.0,0.9166666666666666,0.8319142371175943,99,117,226.35532333438687,fallback
rural_highway,10.0,10.0,moderate_rain,black_ice,9,train,held_out,held_out,0.8205128205128205,1.0,0.9014084507042254,0.8217475490478885,96,117,226.35532333438687,fallback
rural_highway,10.0,10.0,dense_fog,fog_bank,0,train,train,held_out,0.8440366972477065,1.0,0.9154228855721394,0.791989665662139,92,109,226.35532333438687,fallback
rural_highway,10.0,10.0,dense_fog,fog_bank,1,train,train,held_out,0.7117117117117117,1.0,0.8315789473684211,0.7623952566413609,79,111,226.35532333438687,fallback
rural_highway,10.0,10.0,dense_fog,fog_bank,2,train,train,held_out,0.7610619469026548,1.0,0.8643216080402011,0.7740758894100629,86,113,226.35532333438687,fallback
rural_highway,10.0,10.0,dense_fog,fog_bank,3,train,train,held_out,0.723404255319149,1.0,0.8395061728395062,0.7453450544166351,68,94,226.35532333438687,fallback
rural_highway,10.0,10.0,dense_fog,fog_bank,4,train,train,held_out,0.7941176470588235,1.0,0.8852459016393442,0.8160509050527088,81,102,226.35532333438687,fallback
rural_highway,10.0,10.0,dense_fog,fog_bank,5,train,train,held_out,0.8518518518518519,1.0,0.92,0.8085743073209143,92,108,226.35532333438687,fallback
rural_highway,10.0,10.0,dense_fog,fog_bank,6,train,train,held_out,0.8155339805825242,1.0,0.8983957219251336,0.7622445100712946,84,103,226.35532333438687,fallback
rural_highway,10.0,10.0,dense_fog,fog_bank,7,train,train,held_out,0.7171717171717171,1.0,0.8352941176470587,0.7901657889736435,71,99,226.35532333438687,fallback
rural_highway,10.0,10.0,dense_fog,fog_bank,8,train,train,held_out,0.8469387755102041,1.0,0.9171270718232044,0.8096214311368185,83,98,226.35532333438687,fallback
rural_highway,10.0,10.0,dense_fog,fog_bank,9,train,train,held_out,0.7663551401869159,1.0,0.8677248677248678,0.7848202590539876,82,107,226.35532333438687,fallback
rural_highway,10.0,10.0,dense_fog,landslide,0,train,train,held_out,0.8532110091743119,1.0,0.9207920792079208,0.8031896327149498,93,109,226.35532333438687,fallback
rural_highway,10.0,10.0,dense_fog,landslide,1,train,train,held_out,0.7192982456140351,1.0,0.8367346938775511,0.7766696734229367,82,114,226.35532333438687,fallback
rural_highway,10.0,10.0,dense_fog,landslide,2,train,train,held_out,0.7894736842105263,1.0,0.8823529411764706,0.7884440280191,90,114,226.35532333438687,fallback
rural_highway,10.0,10.0,dense_fog,landslide,3,train,train,held_out,0.7446808510638298,1.0,0.8536585365853657,0.7538658103444439,70,94,226.35532333438687,fallback
rural_highway,10.0,10.0,dense_fog,landslide,4,train,train,held_out,0.8,1.0,0.888888888888889,0.8293533196538432,84,105,226.35532333438687,fallback
rural_highway,10.0,10.0,dense_fog,landslide,5,train,train,held_out,0.8571428571428571,1.0,0.923076923076923,0.8226418683019138,96,112,226.35532333438687,fallback
rural_highway,10.0,10.0,dense_fog,landslide,6,train,train,held_out,0.8155339805825242,1.0,0.8983957219251336,0.7746062064124417,84,103,226.35532333438687,fallback
rural_highway,10.0,10.0,dense_fog,landslide,7,train,train,held_out,0.72,1.0,0.8372093023255813,0.8051048317408702,72,100,226.35532333438687,fallback
rural_highway,10.0,10.0,dense_fog,landslide,8,train,train,held_out,0.8469387755102041,1.0,0.9171270718232044,0.8233504556908918,83,98,226.35532333438687,fallback
rural_highway,10.0,10.0,dense_fog,landslide,9,train,train,held_out,0.7663551401869159,1.0,0.8677248677248678,0.794932057805968,82,107,226.35532333438687,fallback
rural_highway,10.0,10.0,dense_fog,crash,0,train,train,held_out,0.8333333333333334,0.5294117647058824,0.6474820143884893,0.59891177971245,85,54,226.35532333438687,fallback
rural_highway,10.0,10.0,dense_fog,crash,1,train,train,held_out,0.7962962962962963,0.589041095890411,0.6771653543307086,0.5578367022284484,73,54,226.35532333438687,fallback
rural_highway,10.0,10.0,dense_fog,crash,2,train,train,held_out,0.8392857142857143,0.5465116279069767,0.6619718309859154,0.560242845300363,86,56,226.35532333438687,fallback
rural_highway,10.0,10.0,dense_fog,crash,3,train,train,held_out,0.7954545454545454,0.5555555555555556,0.6542056074766356,0.5431449610359147,63,44,226.35532333438687,fallback
rural_highway,10.0,10.0,dense_fog,crash,4,train,train,held_out,0.8775510204081632,0.5657894736842105,0.6880000000000001,0.6271101162861988,76,49,226.35532333438687,fallback
rural_highway,10.0,10.0,dense_fog,crash,5,train,train,held_out,0.8524590163934426,0.5909090909090909,0.697986577181208,0.5180065706559899,88,61,226.35532333438687,fallback
rural_highway,10.0,10.0,dense_fog,crash,6,train,train,held_out,0.82,0.5,0.6212121212121212,0.4127700368860786,82,50,226.35532333438687,fallback
rural_highway,10.0,10.0,dense_fog,crash,7,train,train,held_out,0.5333333333333333,0.3870967741935484,0.4485981308411215,0.5989035096710451,62,45,226.35532333438687,fallback
rural_highway,10.0,10.0,dense_fog,crash,8,train,train,held_out,0.8260869565217391,0.4691358024691358,0.5984251968503937,0.4279937606703473,81,46,226.35532333438687,fallback
rural_highway,10.0,10.0,dense_fog,crash,9,train,train,held_out,0.8333333333333334,0.5921052631578947,0.6923076923076922,0.5384940722325715,76,54,226.35532333438687,fallback
rural_highway,10.0,10.0,dense_fog,waterlogging,0,train,held_out,held_out,0.8532110091743119,1.0,0.9207920792079208,0.800216873692496,93,109,226.35532333438687,fallback
rural_highway,10.0,10.0,dense_fog,waterlogging,1,train,held_out,held_out,0.7192982456140351,1.0,0.8367346938775511,0.7729297286286151,82,114,226.35532333438687,fallback
rural_highway,10.0,10.0,dense_fog,waterlogging,2,train,held_out,held_out,0.7807017543859649,1.0,0.8768472906403941,0.7846757354681853,89,114,226.35532333438687,fallback
rural_highway,10.0,10.0,dense_fog,waterlogging,3,train,held_out,held_out,0.7446808510638298,1.0,0.8536585365853657,0.7516452339568594,70,94,226.35532333438687,fallback
rural_highway,10.0,10.0,dense_fog,waterlogging,4,train,held_out,held_out,0.7904761904761904,1.0,0.8829787234042553,0.8259085706670514,83,105,226.35532333438687,fallback
rural_highway,10.0,10.0,dense_fog,waterlogging,5,train,held_out,held_out,0.8558558558558559,1.0,0.9223300970873786,0.8190361614324523,95,111,226.35532333438687,fallback
rural_highway,10.0,10.0,dense_fog,waterlogging,6,train,held_out,held_out,0.8155339805825242,1.0,0.8983957219251336,0.7713394561194918,84,103,226.35532333438687,fallback
rural_highway,10.0,10.0,dense_fog,waterlogging,7,train,held_out,held_out,0.72,1.0,0.8372093023255813,0.8012319040509256,72,100,226.35532333438687,fallback
rural_highway,10.0,10.0,dense_fog,waterlogging,8,train,held_out,held_out,0.8469387755102041,1.0,0.9171270718232044,0.8197719503700718,83,98,226.35532333438687,fallback
rural_highway,10.0,10.0,dense_fog,waterlogging,9,train,held_out,held_out,0.7663551401869159,1.0,0.8677248677248678,0.7922979105863462,82,107,226.35532333438687,fallback
rural_highway,10.0,10.0,dense_fog,black_ice,0,train,held_out,held_out,0.8532110091743119,1.0,0.9207920792079208,0.8017097296614676,93,109,226.35532333438687,fallback
rural_highway,10.0,10.0,dense_fog,black_ice,1,train,held_out,held_out,0.7192982456140351,1.0,0.8367346938775511,0.7748102992890233,82,114,226.35532333438687,fallback
rural_highway,10.0,10.0,dense_fog,black_ice,2,train,held_out,held_out,0.7894736842105263,1.0,0.8823529411764706,0.7865729304984562,90,114,226.35532333438687,fallback
rural_highway,10.0,10.0,dense_fog,black_ice,3,train,held_out,held_out,0.7446808510638298,1.0,0.8536585365853657,0.7527583713451367,70,94,226.35532333438687,fallback
rural_highway,10.0,10.0,dense_fog,black_ice,4,train,held_out,held_out,0.7904761904761904,1.0,0.8829787234042553,0.8276447680999142,83,105,226.35532333438687,fallback
rural_highway,10.0,10.0,dense_fog,black_ice,5,train,held_out,held_out,0.8482142857142857,1.0,0.9178743961352658,0.820853739906822,95,112,226.35532333438687,fallback
rural_highway,10.0,10.0,dense_fog,black_ice,6,train,held_out,held_out,0.8155339805825242,1.0,0.8983957219251336,0.7729791293684897,84,103,226.35532333438687,fallback
rural_highway,10.0,10.0,dense_fog,black_ice,7,train,held_out,held_out,0.72,1.0,0.8372093023255813,0.8031838266585891,72,100,226.35532333438687,fallback
rural_highway,10.0,10.0,dense_fog,black_ice,8,train,held_out,held_out,0.8469387755102041,1.0,0.9171270718232044,0.8215630223939364,83,98,226.35532333438687,fallback
rural_highway,10.0,10.0,dense_fog,black_ice,9,train,held_out,held_out,0.7663551401869159,1.0,0.8677248677248678,0.7936205760777265,82,107,226.35532333438687,fallback
urban_nlos,10.0,10.0,clear,fog_bank,0,train,train,train,0.5504201680672269,1.0,0.7100271002710028,0.06630249002948377,131,238,226.35532333438687,fallback
urban_nlos,10.0,10.0,clear,fog_bank,1,train,train,train,0.5085470085470085,1.0,0.6742209631728046,0.16091435731325088,119,234,226.35532333438687,fallback
urban_nlos,10.0,10.0,clear,fog_bank,2,train,train,train,0.5815899581589958,1.0,0.7354497354497355,0.06014733780267907,139,239,226.35532333438687,fallback
urban_nlos,10.0,10.0,clear,fog_bank,3,train,train,train,0.6317991631799164,1.0,0.7743589743589745,0.09166594548791132,151,239,226.35532333438687,fallback
urban_nlos,10.0,10.0,clear,fog_bank,4,train,train,train,0.5983263598326359,1.0,0.7486910994764399,0.07334527938801423,143,239,226.35532333438687,fallback
urban_nlos,10.0,10.0,clear,fog_bank,5,train,train,train,0.5333333333333333,1.0,0.6956521739130436,0.0010998729774299538,128,240,226.35532333438687,fallback
urban_nlos,10.0,10.0,clear,fog_bank,6,train,train,train,0.5857740585774058,1.0,0.7387862796833773,0.06395467655230229,140,239,226.35532333438687,fallback
urban_nlos,10.0,10.0,clear,fog_bank,7,train,train,train,0.47058823529411764,1.0,0.6399999999999999,0.11399771197991564,112,238,226.35532333438687,fallback
urban_nlos,10.0,10.0,clear,fog_bank,8,train,train,train,0.5672268907563025,1.0,0.7238605898123325,0.11085530311690107,135,238,226.35532333438687,fallback
urban_nlos,10.0,10.0,clear,fog_bank,9,train,train,train,0.55,1.0,0.7096774193548387,0.04912501363183569,132,240,226.35532333438687,fallback
urban_nlos,10.0,10.0,clear,landslide,0,train,train,train,0.5504201680672269,1.0,0.7100271002710028,0.06882669984059657,131,238,226.35532333438687,fallback
urban_nlos,10.0,10.0,clear,landslide,1,train,train,train,0.5085470085470085,1.0,0.6742209631728046,0.12535645301561482,119,234,226.35532333438687,fallback
urban_nlos,10.0,10.0,clear,landslide,2,train,train,train,0.5815899581589958,1.0,0.7354497354497355,0.045747460749283056,139,239,226.35532333438687,fallback
urban_nlos,10.0,10.0,clear,landslide,3,train,train,train,0.6317991631799164,1.0,0.7743589743589745,0.08563837203940712,151,239,226.35532333438687,fallback
urban_nlos,10.0,10.0,clear,landslide,4,train,train,train,0.5983263598326359,1.0,0.7486910994764399,0.054685592897981104,143,239,226.35532333438687,fallback
urban_nlos,10.0,10.0,clear,landslide,5,train,train,train,0.5333333333333333,1.0,0.6956521739130436,-0.01495822951715378,128,240,226.35532333438687,fallback
urban_nlos,10.0,10.0,clear,landslide,6,train,train,train,0.5857740585774058,1.0,0.7387862796833773,0.05643368370045829,140,239,226.35532333438687,fallback
urban_nlos,10.0,10.0,clear,landslide,7,train,train,train,0.47058823529411764,1.0,0.6399999999999999,0.10015235750545266,112,238,226.35532333438687,fallback
urban_nlos,10.0,10.0,clear,landslide,8,train,train,train,0.5672268907563025,1.0,0.7238605898123325,0.1042654321444093,135,238,226.35532333438687,fallback
urban_nlos,10.0,10.0,clear,landslide,9,train,train,train,0.55,1.0,0.7096774193548387,0.015775686581717564,132,240,226.35532333438687,fallback
urban_nlos,10.0,10.0,clear,crash,0,train,train,train,0.5377777777777778,1.0,0.699421965317919,0.2687019773388386,121,225,226.35532333438687,fallback
urban_nlos,10.0,10.0,clear,crash,1,train,train,train,0.4977168949771689,1.0,0.6646341463414634,0.2727243808104069,109,219,226.35532333438687,fallback
urban_nlos,10.0,10.0,clear,crash,2,train,train,train,0.5530973451327433,1.0,0.7122507122507121,0.24208529594121353,125,226,226.35532333438687,fallback
urban_nlos,10.0,10.0,clear,crash,3,train,train,train,0.6211453744493393,1.0,0.7663043478260869,0.26196350733110896,141,227,226.35532333438687,fallback
urban_nlos,10.0,10.0,clear,crash,4,train,train,train,0.5745614035087719,1.0,0.7298050139275767,0.2930932209856629,131,228,226.35532333438687,fallback
urban_nlos,10.0,10.0,clear,crash,5,train,train,train,0.5065502183406113,1.0,0.672463768115942,0.18667612290380123,116,229,226.35532333438687,fallback
urban_nlos,10.0,10.0,clear,crash,6,train,train,train,0.5536480686695279,1.0,0.7127071823204421,0.16382151458324246,129,233,226.35532333438687,fallback
urban_nlos,10.0,10.0,clear,crash,7,train,train,train,0.43555555555555553,1.0,0.6068111455108359,0.23286987634890016,98,225,226.35532333438687,fallback
urban_nlos,10.0,10.0,clear,crash,8,train,train,train,0.5676855895196506,1.0,0.724233983286908,0.24895614445950032,130,229,226.35532333438687,fallback
urban_nlos,10.0,10.0,clear,crash,9,train,train,train,0.5238095238095238,1.0,0.6875000000000001,0.21979129541088285,121,231,226.35532333438687,fallback
urban_nlos,10.0,10.0,clear,waterlogging,0,train,held_out,train,0.5504201680672269,1.0,0.7100271002710028,0.06584075040649717,131,238,226.35532333438687,fallback
urban_nlos,10.0,10.0,clear,waterlogging,1,train,held_out,train,0.5085470085470085,1.0,0.6742209631728046,0.13439885721226622,119,234,226.35532333438687,fallback
urban_nlos,10.0,10.0,clear,waterlogging,2,train,held_out,train,0.5815899581589958,1.0,0.7354497354497355,0.04830617348290384,139,239,226.35532333438687,fallback
urban_nlos,10.0,10.0,clear,waterlogging,3,train,held_out,train,0.6317991631799164,1.0,0.7743589743589745,0.0859569790441754,151,239,226.35532333438687,fallback
urban_nlos,10.0,10.0,clear,waterlogging,4,train,held_out,train,0.5983263598326359,1.0,0.7486910994764399,0.05627515375114816,143,239,226.35532333438687,fallback
urban_nlos,10.0,10.0,clear,waterlogging,5,train,held_out,train,0.5333333333333333,1.0,0.6956521739130436,-0.013452734580225554,128,240,226.35532333438687,fallback
urban_nlos,10.0,10.0,clear,waterlogging,6,train,held_out,train,0.5857740585774058,1.0,0.7387862796833773,0.05672000423152683,140,239,226.35532333438687,fallback
urban_nlos,10.0,10.0,clear,waterlogging,7,train,held_out,train,0.47058823529411764,1.0,0.6399999999999999,0.10287203107477771,112,238,226.35532333438687,fallback
urban_nlos,10.0,10.0,clear,waterlogging,8,train,held_out,train,0.5672268907563025,1.0,0.7238605898123325,0.10523809517068575,135,238,226.35532333438687,fallback
urban_nlos,10.0,10.0,clear,waterlogging,9,train,held_out,train,0.55,1.0,0.7096774193548387,0.02301422147075943,132,240,226.35532333438687,fallback
urban_nlos,10.0,10.0,clear,black_ice,0,train,held_out,train,0.5504201680672269,1.0,0.7100271002710028,0.06723159615056958,131,238,226.35532333438687,fallback
urban_nlos,10.0,10.0,clear,black_ice,1,train,held_out,train,0.5085470085470085,1.0,0.6742209631728046,0.12983140916887745,119,234,226.35532333438687,fallback
urban_nlos,10.0,10.0,clear,black_ice,2,train,held_out,train,0.5815899581589958,1.0,0.7354497354497355,0.04691515842095695,139,239,226.35532333438687,fallback
urban_nlos,10.0,10.0,clear,black_ice,3,train,held_out,train,0.6317991631799164,1.0,0.7743589743589745,0.08562997018357484,151,239,226.35532333438687,fallback
urban_nlos,10.0,10.0,clear,black_ice,4,train,held_out,train,0.5983263598326359,1.0,0.7486910994764399,0.05525497103631957,143,239,226.35532333438687,fallback
urban_nlos,10.0,10.0,clear,black_ice,5,train,held_out,train,0.5333333333333333,1.0,0.6956521739130436,-0.014451899508681159,128,240,226.35532333438687,fallback
urban_nlos,10.0,10.0,clear,black_ice,6,train,held_out,train,0.5857740585774058,1.0,0.7387862796833773,0.05646885428129469,140,239,226.35532333438687,fallback
urban_nlos,10.0,10.0,clear,black_ice,7,train,held_out,train,0.47058823529411764,1.0,0.6399999999999999,0.10148309939993203,112,238,226.35532333438687,fallback
urban_nlos,10.0,10.0,clear,black_ice,8,train,held_out,train,0.5672268907563025,1.0,0.7238605898123325,0.10472338436235104,135,238,226.35532333438687,fallback
urban_nlos,10.0,10.0,clear,black_ice,9,train,held_out,train,0.55,1.0,0.7096774193548387,0.019277600202875785,132,240,226.35532333438687,fallback
urban_nlos,10.0,10.0,heavy_rain,fog_bank,0,train,train,train,0.576271186440678,1.0,0.7311827956989247,0.1809981533317696,136,236,226.35532333438687,fallback
urban_nlos,10.0,10.0,heavy_rain,fog_bank,1,train,train,train,0.5508474576271186,1.0,0.7103825136612022,0.2057901902434907,130,236,226.35532333438687,fallback
urban_nlos,10.0,10.0,heavy_rain,fog_bank,2,train,train,train,0.5274261603375527,1.0,0.6906077348066298,0.16172290601248418,125,237,226.35532333438687,fallback
urban_nlos,10.0,10.0,heavy_rain,fog_bank,3,train,train,train,0.5294117647058824,1.0,0.6923076923076924,0.1293148066113945,126,238,226.35532333438687,fallback
urban_nlos,10.0,10.0,heavy_rain,fog_bank,4,train,train,train,0.548936170212766,1.0,0.7087912087912088,0.17749032577635235,129,235,226.35532333438687,fallback
urban_nlos,10.0,10.0,heavy_rain,fog_bank,5,train,train,train,0.5857740585774058,1.0,0.7387862796833773,0.16892023348144533,140,239,226.35532333438687,fallback
urban_nlos,10.0,10.0,heavy_rain,fog_bank,6,train,train,train,0.6118143459915611,1.0,0.7591623036649215,0.18379767198056687,145,237,226.35532333438687,fallback
urban_nlos,10.0,10.0,heavy_rain,fog_bank,7,train,train,train,0.540084388185654,1.0,0.7013698630136985,0.16262559826929282,128,237,226.35532333438687,fallback
urban_nlos,10.0,10.0,heavy_rain,fog_bank,8,train,train,train,0.597457627118644,1.0,0.7480106100795756,0.20664333946367658,141,236,226.35532333438687,fallback
urban_nlos,10.0,10.0,heavy_rain,fog_bank,9,train,train,train,0.559322033898305,1.0,0.717391304347826,0.20574476847145795,132,236,226.35532333438687,fallback
urban_nlos,10.0,10.0,heavy_rain,landslide,0,train,train,train,0.576271186440678,1.0,0.7311827956989247,0.15312315512652805,136,236,226.35532333438687,fallback
urban_nlos,10.0,10.0,heavy_rain,landslide,1,train,train,train,0.5508474576271186,1.0,0.7103825136612022,0.1969165019756512,130,236,226.35532333438687,fallback
urban_nlos,10.0,10.0,heavy_rain,landslide,2,train,train,train,0.5274261603375527,1.0,0.6906077348066298,0.14498781380787643,125,237,226.35532333438687,fallback
urban_nlos,10.0,10.0,heavy_rain,landslide,3,train,train,train,0.5294117647058824,1.0,0.6923076923076924,0.12333987255146682,126,238,226.35532333438687,fallback
urban_nlos,10.0,10.0,heavy_rain,landslide,4,train,train,train,0.548936170212766,1.0,0.7087912087912088,0.17065753834979958,129,235,226.35532333438687,fallback
urban_nlos,10.0,10.0,heavy_rain,landslide,5,train,train,train,0.5857740585774058,1.0,0.7387862796833773,0.16034379469604196,140,239,226.35532333438687,fallback
urban_nlos,10.0,10.0,heavy_rain,landslide,6,train,train,train,0.6118143459915611,1.0,0.7591623036649215,0.18250706042362508,145,237,226.35532333438687,fallback
urban_nlos,10.0,10.0,heavy_rain,landslide,7,train,train,train,0.540084388185654,1.0,0.7013698630136985,0.14630267445679632,128,237,226.35532333438687,fallback
urban_nlos,10.0,10.0,heavy_rain,landslide,8,train,train,train,0.597457627118644,1.0,0.7480106100795756,0.19007993900276152,141,236,226.35532333438687,fallback
urban_nlos,10.0,10.0,heavy_rain,landslide,9,train,train,train,0.559322033898305,1.0,0.717391304347826,0.17931621169957973,132,236,226.35532333438687,fallback
urban_nlos,10.0,10.0,heavy_rain,crash,0,train,train,train,0.5540540540540541,1.0,0.7130434782608697,0.33304237149865273,123,222,226.35532333438687,fallback
urban_nlos,10.0,10.0,heavy_rain,crash,1,train,train,train,0.555045871559633,1.0,0.7138643067846607,0.335705640543985,121,218,226.35532333438687,fallback
urban_nlos,10.0,10.0,heavy_rain,crash,2,train,train,train,0.4933920704845815,1.0,0.6607669616519174,0.2641344579703792,112,227,226.35532333438687,fallback
urban_nlos,10.0,10.0,heavy_rain,crash,3,train,train,train,0.5198237885462555,1.0,0.6840579710144928,0.2530948207616184,118,227,226.35532333438687,fallback
urban_nlos,10.0,10.0,heavy_rain,crash,4,train,train,train,0.49777777777777776,1.0,0.6646884272997032,0.27854945472242515,112,225,226.35532333438687,fallback
urban_nlos,10.0,10.0,heavy_rain,crash,5,train,train,train,0.5733333333333334,1.0,0.728813559322034,0.3474965614571564,129,225,226.35532333438687,fallback
urban_nlos,10.0,10.0,heavy_rain,crash,6,train,train,train,0.5550660792951542,1.0,0.7138810198300284,0.28932984530839717,126,227,226.35532333438687,fallback
urban_nlos,10.0,10.0,heavy_rain,crash,7,train,train,train,0.5309734513274337,1.0,0.6936416184971099,0.2330405563904135,120,226,226.35532333438687,fallback
urban_nlos,10.0,10.0,heavy_rain,crash,8,train,train,train,0.5535714285714286,1.0,0.7126436781609196,0.30483075485046085,124,224,226.35532333438687,fallback
urban_nlos,10.0,10.0,heavy_rain,crash,9,train,train,train,0.53125,1.0,0.6938775510204082,0.28884855545601246,119,224,226.35532333438687,fallback
urban_nlos,10.0,10.0,heavy_rain,waterlogging,0,train,held_out,train,0.576271186440678,1.0,0.7311827956989247,0.16017584334778692,136,236,226.35532333438687,fallback
urban_nlos,10.0,10.0,heavy_rain,waterlogging,1,train,held_out,train,0.5508474576271186,1.0,0.7103825136612022,0.19895252948382025,130,236,226.35532333438687,fallback
urban_nlos,10.0,10.0,heavy_rain,waterlogging,2,train,held_out,train,0.5274261603375527,1.0,0.6906077348066298,0.14869390532492086,125,237,226.35532333438687,fallback
urban_nlos,10.0,10.0,heavy_rain,waterlogging,3,train,held_out,train,0.5294117647058824,1.0,0.6923076923076924,0.12449502005705526,126,238,226.35532333438687,fallback
urban_nlos,10.0,10.0,heavy_rain,waterlogging,4,train,held_out,train,0.548936170212766,1.0,0.7087912087912088,0.17167090826278397,129,235,226.35532333438687,fallback
urban_nlos,10.0,10.0,heavy_rain,waterlogging,5,train,held_out,train,0.5857740585774058,1.0,0.7387862796833773,0.16143038250537986,140,239,226.35532333438687,fallback
urban_nlos,10.0,10.0,heavy_rain,waterlogging,6,train,held_out,train,0.6118143459915611,1.0,0.7591623036649215,0.18171339594266106,145,237,226.35532333438687,fallback
urban_nlos,10.0,10.0,heavy_rain,waterlogging,7,train,held_out,train,0.540084388185654,1.0,0.7013698630136985,0.14988846035119122,128,237,226.35532333438687,fallback
urban_nlos,10.0,10.0,heavy_rain,waterlogging,8,train,held_out,train,0.597457627118644,1.0,0.7480106100795756,0.19398242520940578,141,236,226.35532333438687,fallback
urban_nlos,10.0,10.0,heavy_rain,waterlogging,9,train,held_out,train,0.559322033898305,1.0,0.717391304347826,0.18622913138012567,132,236,226.35532333438687,fallback
urban_nlos,10.0,10.0,heavy_rain,black_ice,0,train,held_out,train,0.576271186440678,1.0,0.7311827956989247,0.1566477672338805,136,236,226.35532333438687,fallback
urban_nlos,10.0,10.0,heavy_rain,black_ice,1,train,held_out,train,0.5508474576271186,1.0,0.7103825136612022,0.19796893380170347,130,236,226.35532333438687,fallback
urban_nlos,10.0,10.0,heavy_rain,black_ice,2,train,held_out,train,0.5274261603375527,1.0,0.6906077348066298,0.1466717795862094,125,237,226.35532333438687,fallback
urban_nlos,10.0,10.0,heavy_rain,black_ice,3,train,held_out,train,0.5294117647058824,1.0,0.6923076923076924,0.12387450874196973,126,238,226.35532333438687,fallback
urban_nlos,10.0,10.0,heavy_rain,black_ice,4,train,held_out,train,0.548936170212766,1.0,0.7087912087912088,0.1711522439603287,129,235,226.35532333438687,fallback
urban_nlos,10.0,10.0,heavy_rain,black_ice,5,train,held_out,train,0.5857740585774058,1.0,0.7387862796833773,0.16063971643992192,140,239,226.35532333438687,fallback
urban_nlos,10.0,10.0,heavy_rain,black_ice,6,train,held_out,train,0.6118143459915611,1.0,0.7591623036649215,0.18213158896989762,145,237,226.35532333438687,fallback
urban_nlos,10.0,10.0,heavy_rain,black_ice,7,train,held_out,train,0.540084388185654,1.0,0.7013698630136985,0.14806117597974888,128,237,226.35532333438687,fallback
urban_nlos,10.0,10.0,heavy_rain,black_ice,8,train,held_out,train,0.597457627118644,1.0,0.7480106100795756,0.19202320268390266,141,236,226.35532333438687,fallback
urban_nlos,10.0,10.0,heavy_rain,black_ice,9,train,held_out,train,0.559322033898305,1.0,0.717391304347826,0.18281431143972113,132,236,226.35532333438687,fallback
urban_nlos,10.0,10.0,moderate_rain,fog_bank,0,train,train,held_out,0.5555555555555556,1.0,0.7142857142857143,0.12940884476853728,130,234,226.35532333438687,fallback
urban_nlos,10.0,10.0,moderate_rain,fog_bank,1,train,train,held_out,0.5780590717299579,1.0,0.732620320855615,0.19942924175701027,137,237,226.35532333438687,fallback
urban_nlos,10.0,10.0,moderate_rain,fog_bank,2,train,train,held_out,0.6192468619246861,1.0,0.7648578811369509,0.17206214504774306,148,239,226.35532333438687,fallback
urban_nlos,10.0,10.0,moderate_rain,fog_bank,3,train,train,held_out,0.55,1.0,0.7096774193548387,0.10997699801615485,132,240,226.35532333438687,fallback
urban_nlos,10.0,10.0,moderate_rain,fog_bank,4,train,train,held_out,0.6324786324786325,1.0,0.7748691099476439,0.25182962849421486,148,234,226.35532333438687,fallback
urban_nlos,10.0,10.0,moderate_rain,fog_bank,5,train,train,held_out,0.5690376569037657,1.0,0.7253333333333333,0.09009763018190156,136,239,226.35532333438687,fallback
urban_nlos,10.0,10.0,moderate_rain,fog_bank,6,train,train,held_out,0.5423728813559322,1.0,0.7032967032967034,0.15510502687955374,128,236,226.35532333438687,fallback
urban_nlos,10.0,10.0,moderate_rain,fog_bank,7,train,train,held_out,0.5847457627118644,1.0,0.7379679144385026,0.1749184961033174,138,236,226.35532333438687,fallback
urban_nlos,10.0,10.0,moderate_rain,fog_bank,8,train,train,held_out,0.5485232067510548,1.0,0.7084468664850135,0.13955187023214713,130,237,226.35532333438687,fallback
urban_nlos,10.0,10.0,moderate_rain,fog_bank,9,train,train,held_out,0.5546218487394958,1.0,0.7135135135135136,0.10305428564280907,132,238,226.35532333438687,fallback
urban_nlos,10.0,10.0,moderate_rain,landslide,0,train,train,held_out,0.5555555555555556,1.0,0.7142857142857143,0.1416745884779639,130,234,226.35532333438687,fallback
urban_nlos,10.0,10.0,moderate_rain,landslide,1,train,train,held_out,0.5780590717299579,1.0,0.732620320855615,0.18458677015398808,137,237,226.35532333438687,fallback
urban_nlos,10.0,10.0,moderate_rain,landslide,2,train,train,held_out,0.6192468619246861,1.0,0.7648578811369509,0.16863813667492092,148,239,226.35532333438687,fallback
urban_nlos,10.0,10.0,moderate_rain,landslide,3,train,train,held_out,0.55,1.0,0.7096774193548387,0.08800584123771472,132,240,226.35532333438687,fallback
urban_nlos,10.0,10.0,moderate_rain,landslide,4,train,train,held_out,0.6324786324786325,1.0,0.7748691099476439,0.207581587522307,148,234,226.35532333438687,fallback
urban_nlos,10.0,10.0,moderate_rain,landslide,5,train,train,held_out,0.5690376569037657,1.0,0.7253333333333333,0.06501377060928246,136,239,226.35532333438687,fallback
urban_nlos,10.0,10.0,moderate_rain,landslide,6,train,train,held_out,0.5423728813559322,1.0,0.7032967032967034,0.1434050910511824,128,236,226.35532333438687,fallback
urban_nlos,10.0,10.0,moderate_rain,landslide,7,train,train,held_out,0.5847457627118644,1.0,0.7379679144385026,0.1625243512109799,138,236,226.35532333438687,fallback
urban_nlos,10.0,10.0,moderate_rain,landslide,8,train,train,held_out,0.5485232067510548,1.0,0.7084468664850135,0.12384062305034114,130,237,226.35532333438687,fallback
urban_nlos,10.0,10.0,moderate_rain,landslide,9,train,train,held_out,0.5546218487394958,1.0,0.7135135135135136,0.1106708805029211,132,238,226.35532333438687,fallback
urban_nlos,10.0,10.0,moderate_rain,crash,0,train,train,held_out,0.536036036036036,1.0,0.6979472140762463,0.2736559997277634,119,222,226.35532333438687,fallback
urban_nlos,10.0,10.0,moderate_rain,crash,1,train,train,held_out,0.5585585585585585,1.0,0.7167630057803467,0.311502862692328,124,222,226.35532333438687,fallback
urban_nlos,10.0,10.0,moderate_rain,crash,2,train,train,held_out,0.591304347826087,1.0,0.7431693989071038,0.2980586901962395,136,230,226.35532333438687,fallback
urban_nlos,10.0,10.0,moderate_rain,crash,3,train,train,held_out,0.5152838427947598,1.0,0.6801152737752161,0.2263700890881291,118,229,226.35532333438687,fallback
urban_nlos,10.0,10.0,moderate_rain,crash,4,train,train,held_out,0.5947136563876652,1.0,0.7458563535911602,0.29113340839677215,135,227,226.35532333438687,fallback
urban_nlos,10.0,10.0,moderate_rain,crash,5,train,train,held_out,0.5482456140350878,1.0,0.708215297450425,0.2949093206229348,125,228,226.35532333438687,fallback
urban_nlos,10.0,10.0,moderate_rain,crash,6,train,train,held_out,0.5175438596491229,1.0,0.6820809248554913,0.24211905567870276,118,228,226.35532333438687,fallback
urban_nlos,10.0,10.0,moderate_rain,crash,7,train,train,held_out,0.5707964601769911,1.0,0.7267605633802816,0.2869260439739088,129,226,226.35532333438687,fallback
urban_nlos,10.0,10.0,moderate_rain,crash,8,train,train,held_out,0.5429864253393665,1.0,0.7038123167155426,0.29033536417344585,120,221,226.35532333438687,fallback
urban_nlos,10.0,10.0,moderate_rain,crash,9,train,train,held_out,0.5353982300884956,1.0,0.6974063400576369,0.2395159482263637,121,226,226.35532333438687,fallback
urban_nlos,10.0,10.0,moderate_rain,waterlogging,0,train,held_out,held_out,0.5555555555555556,1.0,0.7142857142857143,0.13737525792423969,130,234,226.35532333438687,fallback
urban_nlos,10.0,10.0,moderate_rain,waterlogging,1,train,held_out,held_out,0.5780590717299579,1.0,0.732620320855615,0.18799914976994242,137,237,226.35532333438687,fallback
urban_nlos,10.0,10.0,moderate_rain,waterlogging,2,train,held_out,held_out,0.6192468619246861,1.0,0.7648578811369509,0.16872455999773014,148,239,226.35532333438687,fallback
urban_nlos,10.0,10.0,moderate_rain,waterlogging,3,train,held_out,held_out,0.55,1.0,0.7096774193548387,0.09303335717816517,132,240,226.35532333438687,fallback
urban_nlos,10.0,10.0,moderate_rain,waterlogging,4,train,held_out,held_out,0.6324786324786325,1.0,0.7748691099476439,0.21939049528209997,148,234,226.35532333438687,fallback
urban_nlos,10.0,10.0,moderate_rain,waterlogging,5,train,held_out,held_out,0.5690376569037657,1.0,0.7253333333333333,0.0706668394186704,136,239,226.35532333438687,fallback
urban_nlos,10.0,10.0,moderate_rain,waterlogging,6,train,held_out,held_out,0.5423728813559322,1.0,0.7032967032967034,0.14584184817388224,128,236,226.35532333438687,fallback
urban_nlos,10.0,10.0,moderate_rain,waterlogging,7,train,held_out,held_out,0.5847457627118644,1.0,0.7379679144385026,0.16520666477768556,138,236,226.35532333438687,fallback
urban_nlos,10.0,10.0,moderate_rain,waterlogging,8,train,held_out,held_out,0.5485232067510548,1.0,0.7084468664850135,0.12762592731040212,130,237,226.35532333438687,fallback
urban_nlos,10.0,10.0,moderate_rain,waterlogging,9,train,held_out,held_out,0.5546218487394958,1.0,0.7135135135135136,0.10645137621930403,132,238,226.35532333438687,fallback
urban_nlos,10.0,10.0,moderate_rain,black_ice,0,train,held_out,held_out,0.5555555555555556,1.0,0.7142857142857143,0.13953876415170516,130,234,226.35532333438687,fallback
urban_nlos,10.0,10.0,moderate_rain,black_ice,1,train,held_out,held_out,0.5780590717299579,1.0,0.732620320855615,0.18621612966284135,137,237,226.35532333438687,fallback
urban_nlos,10.0,10.0,moderate_rain,black_ice,2,train,held_out,held_out,0.6192468619246861,1.0,0.7648578811369509,0.16842428855279848,148,239,226.35532333438687,fallback
urban_nlos,10.0,10.0,moderate_rain,black_ice,3,train,held_out,held_out,0.55,1.0,0.7096774193548387,0.09052522196227314,132,240,226.35532333438687,fallback
urban_nlos,10.0,10.0,moderate_rain,black_ice,4,train,held_out,held_out,0.6324786324786325,1.0,0.7748691099476439,0.21341332326346468,148,234,226.35532333438687,fallback
urban_nlos,10.0,10.0,moderate_rain,black_ice,5,train,held_out,held_out,0.5690376569037657,1.0,0.7253333333333333,0.06784651948084158,136,239,226.35532333438687,fallback
urban_nlos,10.0,10.0,moderate_rain,black_ice,6,train,held_out,held_out,0.5423728813559322,1.0,0.7032967032967034,0.14459145675314153,128,236,226.35532333438687,fallback
urban_nlos,10.0,10.0,moderate_rain,black_ice,7,train,held_out,held_out,0.5847457627118644,1.0,0.7379679144385026,0.1638905378299855,138,236,226.35532333438687,fallback
urban_nlos,10.0,10.0,moderate_rain,black_ice,8,train,held_out,held_out,0.5485232067510548,1.0,0.7084468664850135,0.12561608888790535,130,237,226.35532333438687,fallback
urban_nlos,10.0,10.0,moderate_rain,black_ice,9,train,held_out,held_out,0.5546218487394958,1.0,0.7135135135135136,0.1085055800856242,132,238,226.35532333438687,fallback
urban_nlos,10.0,10.0,dense_fog,fog_bank,0,train,train,held_out,0.5775862068965517,1.0,0.73224043715847,0.17385496058163025,134,232,226.35532333438687,fallback
urban_nlos,10.0,10.0,dense_fog,fog_bank,1,train,train,held_out,0.5905172413793104,1.0,0.7425474254742547,0.2980113990514005,137,232,226.35532333438687,fallback
urban_nlos,10.0,10.0,dense_fog,fog_bank,2,train,train,held_out,0.5774058577405857,1.0,0.7320954907161803,0.12331265159110949,138,239,226.35532333438687,fallback
urban_nlos,10.0,10.0,dense_fog,fog_bank,3,train,train,held_out,0.5738396624472574,1.0,0.7292225201072385,0.15121033021083297,136,237,226.35532333438687,fallback
urban_nlos,10.0,10.0,dense_fog,fog_bank,4,train,train,held_out,0.5862068965517241,1.0,0.7391304347826086,0.25707574768926533,136,232,226.35532333438687,fallback
urban_nlos,10.0,10.0,dense_fog,fog_bank,5,train,train,held_out,0.6108786610878661,1.0,0.7584415584415585,0.1730334042599732,146,239,226.35532333438687,fallback
urban_nlos,10.0,10.0,dense_fog,fog_bank,6,train,train,held_out,0.6075949367088608,1.0,0.7559055118110236,0.22779681729612047,144,237,226.35532333438687,fallback
urban_nlos,10.0,10.0,dense_fog,fog_bank,7,train,train,held_out,0.6,1.0,0.7499999999999999,0.23118469237693634,138,230,226.35532333438687,fallback
urban_nlos,10.0,10.0,dense_fog,fog_bank,8,train,train,held_out,0.5555555555555556,1.0,0.7142857142857143,0.19890885969259736,130,234,226.35532333438687,fallback
urban_nlos,10.0,10.0,dense_fog,fog_bank,9,train,train,held_out,0.5256410256410257,1.0,0.689075630252101,0.16669026707694168,123,234,226.35532333438687,fallback
urban_nlos,10.0,10.0,dense_fog,landslide,0,train,train,held_out,0.5775862068965517,1.0,0.73224043715847,0.19482690914569048,134,232,226.35532333438687,fallback
urban_nlos,10.0,10.0,dense_fog,landslide,1,train,train,held_out,0.5905172413793104,1.0,0.7425474254742547,0.2850401641750617,137,232,226.35532333438687,fallback
urban_nlos,10.0,10.0,dense_fog,landslide,2,train,train,held_out,0.5774058577405857,1.0,0.7320954907161803,0.1291948688839827,138,239,226.35532333438687,fallback
urban_nlos,10.0,10.0,dense_fog,landslide,3,train,train,held_out,0.5738396624472574,1.0,0.7292225201072385,0.14853187235146267,136,237,226.35532333438687,fallback
urban_nlos,10.0,10.0,dense_fog,landslide,4,train,train,held_out,0.5862068965517241,1.0,0.7391304347826086,0.24237473127388562,136,232,226.35532333438687,fallback
urban_nlos,10.0,10.0,dense_fog,landslide,5,train,train,held_out,0.6108786610878661,1.0,0.7584415584415585,0.13636984595215135,146,239,226.35532333438687,fallback
urban_nlos,10.0,10.0,dense_fog,landslide,6,train,train,held_out,0.6118143459915611,1.0,0.7591623036649215,0.2160829129301406,145,237,226.35532333438687,fallback
urban_nlos,10.0,10.0,dense_fog,landslide,7,train,train,held_out,0.6,1.0,0.7499999999999999,0.2339597459547153,138,230,226.35532333438687,fallback
urban_nlos,10.0,10.0,dense_fog,landslide,8,train,train,held_out,0.5555555555555556,1.0,0.7142857142857143,0.19805669945928575,130,234,226.35532333438687,fallback
urban_nlos,10.0,10.0,dense_fog,landslide,9,train,train,held_out,0.5256410256410257,1.0,0.689075630252101,0.17265308304946822,123,234,226.35532333438687,fallback
urban_nlos,10.0,10.0,dense_fog,crash,0,train,train,held_out,0.5283018867924528,1.0,0.6913580246913581,0.33484463378322493,112,212,226.35532333438687,fallback
urban_nlos,10.0,10.0,dense_fog,crash,1,train,train,held_out,0.5539906103286385,1.0,0.7129909365558912,0.39659998535699414,118,213,226.35532333438687,fallback
urban_nlos,10.0,10.0,dense_fog,crash,2,train,train,held_out,0.5644444444444444,1.0,0.7215909090909092,0.2801422669150624,127,225,226.35532333438687,fallback
urban_nlos,10.0,10.0,dense_fog,crash,3,train,train,held_out,0.5818181818181818,1.0,0.735632183908046,0.321369622066647,128,220,226.35532333438687,fallback
urban_nlos,10.0,10.0,dense_fog,crash,4,train,train,held_out,0.536697247706422,1.0,0.6985074626865672,0.355268671305948,117,218,226.35532333438687,fallback
urban_nlos,10.0,10.0,dense_fog,crash,5,train,train,held_out,0.5770925110132159,1.0,0.7318435754189945,0.29153894127679125,131,227,226.35532333438687,fallback
urban_nlos,10.0,10.0,dense_fog,crash,6,train,train,held_out,0.5777777777777777,1.0,0.732394366197183,0.30862109307865676,130,225,226.35532333438687,fallback
urban_nlos,10.0,10.0,dense_fog,crash,7,train,train,held_out,0.5570776255707762,1.0,0.7155425219941349,0.32797675102413854,122,219,226.35532333438687,fallback
urban_nlos,10.0,10.0,dense_fog,crash,8,train,train,held_out,0.4883720930232558,1.0,0.65625,0.31694410787719624,105,215,226.35532333438687,fallback
urban_nlos,10.0,10.0,dense_fog,crash,9,train,train,held_out,0.47058823529411764,1.0,0.6399999999999999,0.25297164256318677,104,221,226.35532333438687,fallback
urban_nlos,10.0,10.0,dense_fog,waterlogging,0,train,held_out,held_out,0.5775862068965517,1.0,0.73224043715847,0.18845308312752396,134,232,226.35532333438687,fallback
urban_nlos,10.0,10.0,dense_fog,waterlogging,1,train,held_out,held_out,0.5905172413793104,1.0,0.7425474254742547,0.2872678641619929,137,232,226.35532333438687,fallback
urban_nlos,10.0,10.0,dense_fog,waterlogging,2,train,held_out,held_out,0.5774058577405857,1.0,0.7320954907161803,0.12670842648664765,138,239,226.35532333438687,fallback
urban_nlos,10.0,10.0,dense_fog,waterlogging,3,train,held_out,held_out,0.5738396624472574,1.0,0.7292225201072385,0.14828514179073465,136,237,226.35532333438687,fallback
urban_nlos,10.0,10.0,dense_fog,waterlogging,4,train,held_out,held_out,0.5862068965517241,1.0,0.7391304347826086,0.2455787108894793,136,232,226.35532333438687,fallback
urban_nlos,10.0,10.0,dense_fog,waterlogging,5,train,held_out,held_out,0.6108786610878661,1.0,0.7584415584415585,0.1455776124194138,146,239,226.35532333438687,fallback
urban_nlos,10.0,10.0,dense_fog,waterlogging,6,train,held_out,held_out,0.6118143459915611,1.0,0.7591623036649215,0.21880419214679006,145,237,226.35532333438687,fallback
urban_nlos,10.0,10.0,dense_fog,waterlogging,7,train,held_out,held_out,0.6,1.0,0.7499999999999999,0.23254015668262068,138,230,226.35532333438687,fallback
urban_nlos,10.0,10.0,dense_fog,waterlogging,8,train,held_out,held_out,0.5555555555555556,1.0,0.7142857142857143,0.1979606298678006,130,234,226.35532333438687,fallback
urban_nlos,10.0,10.0,dense_fog,waterlogging,9,train,held_out,held_out,0.5256410256410257,1.0,0.689075630252101,0.17009203015407579,123,234,226.35532333438687,fallback
urban_nlos,10.0,10.0,dense_fog,black_ice,0,train,held_out,held_out,0.5775862068965517,1.0,0.73224043715847,0.19159355245133572,134,232,226.35532333438687,fallback
urban_nlos,10.0,10.0,dense_fog,black_ice,1,train,held_out,held_out,0.5905172413793104,1.0,0.7425474254742547,0.28605427077087137,137,232,226.35532333438687,fallback
urban_nlos,10.0,10.0,dense_fog,black_ice,2,train,held_out,held_out,0.5774058577405857,1.0,0.7320954907161803,0.12787760115525607,138,239,226.35532333438687,fallback
urban_nlos,10.0,10.0,dense_fog,black_ice,3,train,held_out,held_out,0.5738396624472574,1.0,0.7292225201072385,0.1483246445879346,136,237,226.35532333438687,fallback
urban_nlos,10.0,10.0,dense_fog,black_ice,4,train,held_out,held_out,0.5862068965517241,1.0,0.7391304347826086,0.24391515070606598,136,232,226.35532333438687,fallback
urban_nlos,10.0,10.0,dense_fog,black_ice,5,train,held_out,held_out,0.6108786610878661,1.0,0.7584415584415585,0.14091412076526233,146,239,226.35532333438687,fallback
urban_nlos,10.0,10.0,dense_fog,black_ice,6,train,held_out,held_out,0.6118143459915611,1.0,0.7591623036649215,0.21744363311472042,145,237,226.35532333438687,fallback
urban_nlos,10.0,10.0,dense_fog,black_ice,7,train,held_out,held_out,0.6,1.0,0.7499999999999999,0.23309696382354853,138,230,226.35532333438687,fallback
urban_nlos,10.0,10.0,dense_fog,black_ice,8,train,held_out,held_out,0.5555555555555556,1.0,0.7142857142857143,0.19785591405766376,130,234,226.35532333438687,fallback
urban_nlos,10.0,10.0,dense_fog,black_ice,9,train,held_out,held_out,0.5256410256410257,1.0,0.689075630252101,0.17126337270006617,123,234,226.35532333438687,fallback
urban_grid,10.0,10.0,clear,fog_bank,0,held_out,train,train,0.5253164556962026,1.0,0.6887966804979253,0.14977541167848582,83,158,226.35532333438687,fallback
urban_grid,10.0,10.0,clear,fog_bank,1,held_out,train,train,0.5786163522012578,1.0,0.7330677290836654,0.15137088137482524,92,159,226.35532333438687,fallback
urban_grid,10.0,10.0,clear,fog_bank,2,held_out,train,train,0.51875,1.0,0.6831275720164609,0.05009699891502031,83,160,226.35532333438687,fallback
urban_grid,10.0,10.0,clear,fog_bank,3,held_out,train,train,0.675,1.0,0.8059701492537313,0.12192067012102072,108,160,226.35532333438687,fallback
urban_grid,10.0,10.0,clear,fog_bank,4,held_out,train,train,0.63125,1.0,0.7739463601532567,0.08453371411879852,101,160,226.35532333438687,fallback
urban_grid,10.0,10.0,clear,fog_bank,5,held_out,train,train,0.6375,1.0,0.7786259541984732,0.04491269377860359,102,160,226.35532333438687,fallback
urban_grid,10.0,10.0,clear,fog_bank,6,held_out,train,train,0.575,1.0,0.7301587301587301,-0.015962821797711985,92,160,226.35532333438687,fallback
urban_grid,10.0,10.0,clear,fog_bank,7,held_out,train,train,0.60625,1.0,0.754863813229572,0.08499090255632061,97,160,226.35532333438687,fallback
urban_grid,10.0,10.0,clear,fog_bank,8,held_out,train,train,0.6125,1.0,0.7596899224806202,0.029722958654545408,98,160,226.35532333438687,fallback
urban_grid,10.0,10.0,clear,fog_bank,9,held_out,train,train,0.56875,1.0,0.7250996015936254,0.197156284848081,91,160,226.35532333438687,fallback
urban_grid,10.0,10.0,clear,landslide,0,held_out,train,train,0.5253164556962026,1.0,0.6887966804979253,0.1094467582931906,83,158,226.35532333438687,fallback
urban_grid,10.0,10.0,clear,landslide,1,held_out,train,train,0.5786163522012578,1.0,0.7330677290836654,0.10283397577063703,92,159,226.35532333438687,fallback
urban_grid,10.0,10.0,clear,landslide,2,held_out,train,train,0.51875,1.0,0.6831275720164609,-0.05026530560886053,83,160,226.35532333438687,fallback
urban_grid,10.0,10.0,clear,landslide,3,held_out,train,train,0.675,1.0,0.8059701492537313,0.0734775702485314,108,160,226.35532333438687,fallback
urban_grid,10.0,10.0,clear,landslide,4,held_out,train,train,0.63125,1.0,0.7739463601532567,0.017974381848581765,101,160,226.35532333438687,fallback
urban_grid,10.0,10.0,clear,landslide,5,held_out,train,train,0.6375,1.0,0.7786259541984732,-0.022018984339443177,102,160,226.35532333438687,fallback
urban_grid,10.0,10.0,clear,landslide,6,held_out,train,train,0.575,1.0,0.7301587301587301,-0.08698837517955942,92,160,226.35532333438687,fallback
urban_grid,10.0,10.0,clear,landslide,7,held_out,train,train,0.60625,1.0,0.754863813229572,0.030984772142092297,97,160,226.35532333438687,fallback
urban_grid,10.0,10.0,clear,landslide,8,held_out,train,train,0.6125,1.0,0.7596899224806202,0.026311806221078808,98,160,226.35532333438687,fallback
urban_grid,10.0,10.0,clear,landslide,9,held_out,train,train,0.56875,1.0,0.7250996015936254,0.0745888931190988,91,160,226.35532333438687,fallback
urban_grid,10.0,10.0,clear,crash,0,held_out,train,train,0.44,1.0,0.6111111111111112,0.23521027983235257,66,150,226.35532333438687,fallback
urban_grid,10.0,10.0,clear,crash,1,held_out,train,train,0.5032679738562091,1.0,0.6695652173913044,0.21849669392152624,77,153,226.35532333438687,fallback
urban_grid,10.0,10.0,clear,crash,2,held_out,train,train,0.39072847682119205,1.0,0.5619047619047619,0.2070738525906596,59,151,226.35532333438687,fallback
urban_grid,10.0,10.0,clear,crash,3,held_out,train,train,0.5637583892617449,1.0,0.7210300429184548,0.29604966617306105,84,149,226.35532333438687,fallback
urban_grid,10.0,10.0,clear,crash,4,held_out,train,train,0.5359477124183006,1.0,0.6978723404255319,0.2317318950232947,82,153,226.35532333438687,fallback
urban_grid,10.0,10.0,clear,crash,5,held_out,train,train,0.5263157894736842,1.0,0.6896551724137931,0.26511517963798903,80,152,226.35532333438687,fallback
urban_grid,10.0,10.0,clear,crash,6,held_out,train,train,0.4726027397260274,1.0,0.6418604651162791,0.2529973765147663,69,146,226.35532333438687,fallback
urban_grid,10.0,10.0,clear,crash,7,held_out,train,train,0.4444444444444444,1.0,0.6153846153846153,0.29261438689989716,64,144,226.35532333438687,fallback
urban_grid,10.0,10.0,clear,crash,8,held_out,train,train,0.5324675324675324,1.0,0.6949152542372882,0.23624767625152615,82,154,226.35532333438687,fallback
urban_grid,10.0,10.0,clear,crash,9,held_out,train,train,0.47333333333333333,1.0,0.6425339366515836,0.24635872483684912,71,150,226.35532333438687,fallback
urban_grid,10.0,10.0,clear,waterlogging,0,held_out,held_out,train,0.5253164556962026,1.0,0.6887966804979253,0.11896924039181969,83,158,226.35532333438687,fallback
urban_grid,10.0,10.0,clear,waterlogging,1,held_out,held_out,train,0.5786163522012578,1.0,0.7330677290836654,0.11588234003432257,92,159,226.35532333438687,fallback
urban_grid,10.0,10.0,clear,waterlogging,2,held_out,held_out,train,0.51875,1.0,0.6831275720164609,-0.021619814491011857,83,160,226.35532333438687,fallback
urban_grid,10.0,10.0,clear,waterlogging,3,held_out,held_out,train,0.675,1.0,0.8059701492537313,0.08543388706851032,108,160,226.35532333438687,fallback
urban_grid,10.0,10.0,clear,waterlogging,4,held_out,held_out,train,0.63125,1.0,0.7739463601532567,0.03608846880051102,101,160,226.35532333438687,fallback
urban_grid,10.0,10.0,clear,waterlogging,5,held_out,held_out,train,0.6375,1.0,0.7786259541984732,-0.004714638286492808,102,160,226.35532333438687,fallback
urban_grid,10.0,10.0,clear,waterlogging,6,held_out,held_out,train,0.575,1.0,0.7301587301587301,-0.0700256649196081,92,160,226.35532333438687,fallback
urban_grid,10.0,10.0,clear,waterlogging,7,held_out,held_out,train,0.60625,1.0,0.754863813229572,0.04544802871049086,97,160,226.35532333438687,fallback
urban_grid,10.0,10.0,clear,waterlogging,8,held_out,held_out,train,0.6125,1.0,0.7596899224806202,0.019062048366227897,98,160,226.35532333438687,fallback
urban_grid,10.0,10.0,clear,waterlogging,9,held_out,held_out,train,0.56875,1.0,0.7250996015936254,0.12141807803099611,91,160,226.35532333438687,fallback
urban_grid,10.0,10.0,clear,black_ice,0,held_out,held_out,train,0.5253164556962026,1.0,0.6887966804979253,0.114110169223635,83,158,226.35532333438687,fallback
urban_grid,10.0,10.0,clear,black_ice,1,held_out,held_out,train,0.5786163522012578,1.0,0.7330677290836654,0.1093067874198487,92,159,226.35532333438687,fallback
urban_grid,10.0,10.0,clear,black_ice,2,held_out,held_out,train,0.51875,1.0,0.6831275720164609,-0.03604293261620159,83,160,226.35532333438687,fallback
urban_grid,10.0,10.0,clear,black_ice,3,held_out,held_out,train,0.675,1.0,0.8059701492537313,0.07943393962067458,108,160,226.35532333438687,fallback
urban_grid,10.0,10.0,clear,black_ice,4,held_out,held_out,train,0.63125,1.0,0.7739463601532567,0.026996386209737534,101,160,226.35532333438687,fallback
urban_grid,10.0,10.0,clear,black_ice,5,held_out,held_out,train,0.6375,1.0,0.7786259541984732,-0.01370343871300169,102,160,226.35532333438687,fallback
urban_grid,10.0,10.0,clear,black_ice,6,held_out,held_out,train,0.575,1.0,0.7301587301587301,-0.07879591630224814,92,160,226.35532333438687,fallback
urban_grid,10.0,10.0,clear,black_ice,7,held_out,held_out,train,0.60625,1.0,0.754863813229572,0.038146305498315505,97,160,226.35532333438687,fallback
urban_grid,10.0,10.0,clear,black_ice,8,held_out,held_out,train,0.6125,1.0,0.7596899224806202,0.02190917811236769,98,160,226.35532333438687,fallback
urban_grid,10.0,10.0,clear,black_ice,9,held_out,held_out,train,0.56875,1.0,0.7250996015936254,0.09942763797851244,91,160,226.35532333438687,fallback
urban_grid,10.0,10.0,heavy_rain,fog_bank,0,held_out,train,train,0.5822784810126582,1.0,0.736,0.13562079523617357,92,158,226.35532333438687,fallback
urban_grid,10.0,10.0,heavy_rain,fog_bank,1,held_out,train,train,0.6226415094339622,1.0,0.7674418604651162,0.12930036516174595,99,159,226.35532333438687,fallback
urban_grid,10.0,10.0,heavy_rain,fog_bank,2,held_out,train,train,0.6125,1.0,0.7596899224806202,0.08620327533148021,98,160,226.35532333438687,fallback
urban_grid,10.0,10.0,heavy_rain,fog_bank,3,held_out,train,train,0.60625,1.0,0.754863813229572,0.09602462921941969,97,160,226.35532333438687,fallback
urban_grid,10.0,10.0,heavy_rain,fog_bank,4,held_out,train,train,0.6352201257861635,1.0,0.7769230769230768,0.1192972099001305,101,159,226.35532333438687,fallback
urban_grid,10.0,10.0,heavy_rain,fog_bank,5,held_out,train,train,0.59375,1.0,0.7450980392156863,0.031875444266114196,95,160,226.35532333438687,fallback
urban_grid,10.0,10.0,heavy_rain,fog_bank,6,held_out,train,train,0.60625,1.0,0.754863813229572,0.11636067352019129,97,160,226.35532333438687,fallback
urban_grid,10.0,10.0,heavy_rain,fog_bank,7,held_out,train,train,0.58125,1.0,0.7351778656126483,-0.017477385588540926,93,160,226.35532333438687,fallback
urban_grid,10.0,10.0,heavy_rain,fog_bank,8,held_out,train,train,0.63125,1.0,0.7739463601532567,0.08760921776083748,101,160,226.35532333438687,fallback
urban_grid,10.0,10.0,heavy_rain,fog_bank,9,held_out,train,train,0.5225806451612903,1.0,0.6864406779661018,0.2226627271218484,81,155,226.35532333438687,fallback
urban_grid,10.0,10.0,heavy_rain,landslide,0,held_out,train,train,0.5822784810126582,1.0,0.736,0.10831256704854153,92,158,226.35532333438687,fallback
urban_grid,10.0,10.0,heavy_rain,landslide,1,held_out,train,train,0.6226415094339622,1.0,0.7674418604651162,0.09549589681619766,99,159,226.35532333438687,fallback
urban_grid,10.0,10.0,heavy_rain,landslide,2,held_out,train,train,0.6125,1.0,0.7596899224806202,0.051352606138693566,98,160,226.35532333438687,fallback
urban_grid,10.0,10.0,heavy_rain,landslide,3,held_out,train,train,0.60625,1.0,0.754863813229572,0.08457051786237806,97,160,226.35532333438687,fallback
urban_grid,10.0,10.0,heavy_rain,landslide,4,held_out,train,train,0.6352201257861635,1.0,0.7769230769230768,0.10367646604916347,101,159,226.35532333438687,fallback
urban_grid,10.0,10.0,heavy_rain,landslide,5,held_out,train,train,0.59375,1.0,0.7450980392156863,-0.024865195894142652,95,160,226.35532333438687,fallback
urban_grid,10.0,10.0,heavy_rain,landslide,6,held_out,train,train,0.60625,1.0,0.754863813229572,0.08299474162913847,97,160,226.35532333438687,fallback
urban_grid,10.0,10.0,heavy_rain,landslide,7,held_out,train,train,0.58125,1.0,0.7351778656126483,-0.01882522737509532,93,160,226.35532333438687,fallback
urban_grid,10.0,10.0,heavy_rain,landslide,8,held_out,train,train,0.63125,1.0,0.7739463601532567,0.07781935992162835,101,160,226.35532333438687,fallback
urban_grid,10.0,10.0,heavy_rain,landslide,9,held_out,train,train,0.5225806451612903,1.0,0.6864406779661018,0.19499073183163518,81,155,226.35532333438687,fallback
urban_grid,10.0,10.0,heavy_rain,crash,0,held_out,train,train,0.41379310344827586,1.0,0.5853658536585366,0.29506050336969447,60,145,226.35532333438687,fallback
urban_grid,10.0,10.0,heavy_rain,crash,1,held_out,train,train,0.5098039215686274,1.0,0.6753246753246753,0.2527103414662192,78,153,226.35532333438687,fallback
urban_grid,10.0,10.0,heavy_rain,crash,2,held_out,train,train,0.47019867549668876,1.0,0.6396396396396397,0.2523939449351984,71,151,226.35532333438687,fallback
urban_grid,10.0,10.0,heavy_rain,crash,3,held_out,train,train,0.5231788079470199,1.0,0.6869565217391305,0.2532057118309434,79,151,226.35532333438687,fallback
urban_grid,10.0,10.0,heavy_rain,crash,4,held_out,train,train,0.5136986301369864,1.0,0.6787330316742082,0.32862850457999254,75,146,226.35532333438687,fallback
urban_grid,10.0,10.0,heavy_rain,crash,5,held_out,train,train,0.4797297297297297,1.0,0.6484018264840182,0.28249401449896283,71,148,226.35532333438687,fallback
urban_grid,10.0,10.0,heavy_rain,crash,6,held_out,train,train,0.46153846153846156,1.0,0.631578947368421,0.3245686680141981,66,143,226.35532333438687,fallback
urban_grid,10.0,10.0,heavy_rain,crash,7,held_out,train,train,0.38666666666666666,1.0,0.5576923076923077,0.22503709771482075,58,150,226.35532333438687,fallback
urban_grid,10.0,10.0,heavy_rain,crash,8,held_out,train,train,0.5298013245033113,1.0,0.6926406926406927,0.260916408817335,80,151,226.35532333438687,fallback
urban_grid,10.0,10.0,heavy_rain,crash,9,held_out,train,train,0.39552238805970147,1.0,0.5668449197860963,0.32405588108072336,53,134,226.35532333438687,fallback
urban_grid,10.0,10.0,heavy_rain,waterlogging,0,held_out,held_out,train,0.5822784810126582,1.0,0.736,0.11469276242436889,92,158,226.35532333438687,fallback
urban_grid,10.0,10.0,heavy_rain,waterlogging,1,held_out,held_out,train,0.6226415094339622,1.0,0.7674418604651162,0.10380755292761613,99,159,226.35532333438687,fallback
urban_grid,10.0,10.0,heavy_rain,waterlogging,2,held_out,held_out,train,0.6125,1.0,0.7596899224806202,0.05977495864159687,98,160,226.35532333438687,fallback
urban_grid,10.0,10.0,heavy_rain,waterlogging,3,held_out,held_out,train,0.60625,1.0,0.754863813229572,0.08610164147629126,97,160,226.35532333438687,fallback
urban_grid,10.0,10.0,heavy_rain,waterlogging,4,held_out,held_out,train,0.6352201257861635,1.0,0.7769230769230768,0.1062059105366529,101,159,226.35532333438687,fallback
urban_grid,10.0,10.0,heavy_rain,waterlogging,5,held_out,held_out,train,0.59375,1.0,0.7450980392156863,-0.012683129412927187,95,160,226.35532333438687,fallback
urban_grid,10.0,10.0,heavy_rain,waterlogging,6,held_out,held_out,train,0.60625,1.0,0.754863813229572,0.09015437118264,97,160,226.35532333438687,fallback
urban_grid,10.0,10.0,heavy_rain,waterlogging,7,held_out,held_out,train,0.58125,1.0,0.7351778656126483,-0.02256896029284327,93,160,226.35532333438687,fallback
urban_grid,10.0,10.0,heavy_rain,waterlogging,8,held_out,held_out,train,0.63125,1.0,0.7739463601532567,0.07732056592162086,101,160,226.35532333438687,fallback
urban_grid,10.0,10.0,heavy_rain,waterlogging,9,held_out,held_out,train,0.5225806451612903,1.0,0.6864406779661018,0.20247065963134983,81,155,226.35532333438687,fallback
urban_grid,10.0,10.0,heavy_rain,black_ice,0,held_out,held_out,train,0.5822784810126582,1.0,0.736,0.11139017871751015,92,158,226.35532333438687,fallback
urban_grid,10.0,10.0,heavy_rain,black_ice,1,held_out,held_out,train,0.6226415094339622,1.0,0.7674418604651162,0.09952833567076337,99,159,226.35532333438687,fallback
urban_grid,10.0,10.0,heavy_rain,black_ice,2,held_out,held_out,train,0.6125,1.0,0.7596899224806202,0.055165415703572994,98,160,226.35532333438687,fallback
urban_grid,10.0,10.0,heavy_rain,black_ice,3,held_out,held_out,train,0.60625,1.0,0.754863813229572,0.08540807660387946,97,160,226.35532333438687,fallback
urban_grid,10.0,10.0,heavy_rain,black_ice,4,held_out,held_out,train,0.6352201257861635,1.0,0.7769230769230768,0.10483749419155632,101,159,226.35532333438687,fallback
urban_grid,10.0,10.0,heavy_rain,black_ice,5,held_out,held_out,train,0.59375,1.0,0.7450980392156863,-0.018985014543291247,95,160,226.35532333438687,fallback
urban_grid,10.0,10.0,heavy_rain,black_ice,6,held_out,held_out,train,0.60625,1.0,0.754863813229572,0.0864438367879348,97,160,226.35532333438687,fallback
urban_grid,10.0,10.0,heavy_rain,black_ice,7,held_out,held_out,train,0.58125,1.0,0.7351778656126483,-0.021044056539113398,93,160,226.35532333438687,fallback
urban_grid,10.0,10.0,heavy_rain,black_ice,8,held_out,held_out,train,0.63125,1.0,0.7739463601532567,0.07732153778565926,101,160,226.35532333438687,fallback
urban_grid,10.0,10.0,heavy_rain,black_ice,9,held_out,held_out,train,0.5225806451612903,1.0,0.6864406779661018,0.19869350487897977,81,155,226.35532333438687,fallback
urban_grid,10.0,10.0,moderate_rain,fog_bank,0,held_out,train,held_out,0.5974842767295597,1.0,0.748031496062992,0.10017722253403716,95,159,226.35532333438687,fallback
urban_grid,10.0,10.0,moderate_rain,fog_bank,1,held_out,train,held_out,0.56875,1.0,0.7250996015936254,0.12042191372048945,91,160,226.35532333438687,fallback
urban_grid,10.0,10.0,moderate_rain,fog_bank,2,held_out,train,held_out,0.59375,1.0,0.7450980392156863,0.022449127661778073,95,160,226.35532333438687,fallback
urban_grid,10.0,10.0,moderate_rain,fog_bank,3,held_out,train,held_out,0.65,1.0,0.787878787878788,0.1088088342393818,104,160,226.35532333438687,fallback
urban_grid,10.0,10.0,moderate_rain,fog_bank,4,held_out,train,held_out,0.54375,1.0,0.7044534412955465,-0.021942864610897558,87,160,226.35532333438687,fallback
urban_grid,10.0,10.0,moderate_rain,fog_bank,5,held_out,train,held_out,0.6125,1.0,0.7596899224806202,0.08555525464739414,98,160,226.35532333438687,fallback
urban_grid,10.0,10.0,moderate_rain,fog_bank,6,held_out,train,held_out,0.6163522012578616,1.0,0.7626459143968872,0.04738884090262216,98,159,226.35532333438687,fallback
urban_grid,10.0,10.0,moderate_rain,fog_bank,7,held_out,train,held_out,0.625,1.0,0.7692307692307693,0.07078087169244174,100,160,226.35532333438687,fallback
urban_grid,10.0,10.0,moderate_rain,fog_bank,8,held_out,train,held_out,0.5911949685534591,1.0,0.7430830039525692,0.0848965919488211,94,159,226.35532333438687,fallback
urban_grid,10.0,10.0,moderate_rain,fog_bank,9,held_out,train,held_out,0.64375,1.0,0.7832699619771863,0.018562803591247276,103,160,226.35532333438687,fallback
urban_grid,10.0,10.0,moderate_rain,landslide,0,held_out,train,held_out,0.5974842767295597,1.0,0.748031496062992,0.056208778407924716,95,159,226.35532333438687,fallback
urban_grid,10.0,10.0,moderate_rain,landslide,1,held_out,train,held_out,0.56875,1.0,0.7250996015936254,0.004578441566553111,91,160,226.35532333438687,fallback
urban_grid,10.0,10.0,moderate_rain,landslide,2,held_out,train,held_out,0.59375,1.0,0.7450980392156863,0.002702848347567368,95,160,226.35532333438687,fallback
urban_grid,10.0,10.0,moderate_rain,landslide,3,held_out,train,held_out,0.65,1.0,0.787878787878788,0.03566941788991572,104,160,226.35532333438687,fallback
urban_grid,10.0,10.0,moderate_rain,landslide,4,held_out,train,held_out,0.54375,1.0,0.7044534412955465,-0.02432734149313188,87,160,226.35532333438687,fallback
urban_grid,10.0,10.0,moderate_rain,landslide,5,held_out,train,held_out,0.6125,1.0,0.7596899224806202,-0.03217135282789835,98,160,226.35532333438687,fallback
urban_grid,10.0,10.0,moderate_rain,landslide,6,held_out,train,held_out,0.6163522012578616,1.0,0.7626459143968872,0.034327719492281084,98,159,226.35532333438687,fallback
urban_grid,10.0,10.0,moderate_rain,landslide,7,held_out,train,held_out,0.625,1.0,0.7692307692307693,0.03702803554042571,100,160,226.35532333438687,fallback
urban_grid,10.0,10.0,moderate_rain,landslide,8,held_out,train,held_out,0.5911949685534591,1.0,0.7430830039525692,0.0844152785727222,94,159,226.35532333438687,fallback
urban_grid,10.0,10.0,moderate_rain,landslide,9,held_out,train,held_out,0.64375,1.0,0.7832699619771863,0.010089235786984672,103,160,226.35532333438687,fallback
urban_grid,10.0,10.0,moderate_rain,crash,0,held_out,train,held_out,0.5163398692810458,1.0,0.6810344827586208,0.21166333618342958,79,153,226.35532333438687,fallback
urban_grid,10.0,10.0,moderate_rain,crash,1,held_out,train,held_out,0.5033557046979866,1.0,0.6696428571428572,0.27326643456428007,75,149,226.35532333438687,fallback
urban_grid,10.0,10.0,moderate_rain,crash,2,held_out,train,held_out,0.506578947368421,1.0,0.6724890829694323,0.23450339414575314,77,152,226.35532333438687,fallback
urban_grid,10.0,10.0,moderate_rain,crash,3,held_out,train,held_out,0.5369127516778524,1.0,0.6986899563318777,0.2899827609296399,80,149,226.35532333438687,fallback
urban_grid,10.0,10.0,moderate_rain,crash,4,held_out,train,held_out,0.4144736842105263,1.0,0.586046511627907,0.21605277843044304,63,152,226.35532333438687,fallback
urban_grid,10.0,10.0,moderate_rain,crash,5,held_out,train,held_out,0.5503355704697986,1.0,0.70995670995671,0.31436557349748956,82,149,226.35532333438687,fallback
urban_grid,10.0,10.0,moderate_rain,crash,6,held_out,train,held_out,0.5033557046979866,1.0,0.6696428571428572,0.2826725736259658,75,149,226.35532333438687,fallback
urban_grid,10.0,10.0,moderate_rain,crash,7,held_out,train,held_out,0.496551724137931,1.0,0.6635944700460829,0.30192569776653105,72,145,226.35532333438687,fallback
urban_grid,10.0,10.0,moderate_rain,crash,8,held_out,train,held_out,0.5032679738562091,1.0,0.6695652173913044,0.22937659900263474,77,153,226.35532333438687,fallback
urban_grid,10.0,10.0,moderate_rain,crash,9,held_out,train,held_out,0.5234899328859061,1.0,0.6872246696035244,0.27525867676721344,78,149,226.35532333438687,fallback
urban_grid,10.0,10.0,moderate_rain,waterlogging,0,held_out,held_out,held_out,0.5974842767295597,1.0,0.748031496062992,0.06633561396383814,95,159,226.35532333438687,fallback
urban_grid,10.0,10.0,moderate_rain,waterlogging,1,held_out,held_out,held_out,0.56875,1.0,0.7250996015936254,0.039438440074537104,91,160,226.35532333438687,fallback
urban_grid,10.0,10.0,moderate_rain,waterlogging,2,held_out,held_out,held_out,0.59375,1.0,0.7450980392156863,0.006692345276058532,95,160,226.35532333438687,fallback
urban_grid,10.0,10.0,moderate_rain,waterlogging,3,held_out,held_out,held_out,0.65,1.0,0.787878787878788,0.055604110348387234,104,160,226.35532333438687,fallback
urban_grid,10.0,10.0,moderate_rain,waterlogging,4,held_out,held_out,held_out,0.54375,1.0,0.7044534412955465,-0.028210274230443283,87,160,226.35532333438687,fallback
urban_grid,10.0,10.0,moderate_rain,waterlogging,5,held_out,held_out,held_out,0.6125,1.0,0.7596899224806202,0.0027137795891370568,98,160,226.35532333438687,fallback
urban_grid,10.0,10.0,moderate_rain,waterlogging,6,held_out,held_out,held_out,0.6163522012578616,1.0,0.7626459143968872,0.035107143332190636,98,159,226.35532333438687,fallback
urban_grid,10.0,10.0,moderate_rain,waterlogging,7,held_out,held_out,held_out,0.625,1.0,0.7692307692307693,0.04475782662545983,100,160,226.35532333438687,fallback
urban_grid,10.0,10.0,moderate_rain,waterlogging,8,held_out,held_out,held_out,0.5911949685534591,1.0,0.7430830039525692,0.08275885578163397,94,159,226.35532333438687,fallback
urban_grid,10.0,10.0,moderate_rain,waterlogging,9,held_out,held_out,held_out,0.64375,1.0,0.7832699619771863,0.00888039360316857,103,160,226.35532333438687,fallback
urban_grid,10.0,10.0,moderate_rain,black_ice,0,held_out,held_out,held_out,0.5974842767295597,1.0,0.748031496062992,0.06113271155895936,95,159,226.35532333438687,fallback
urban_grid,10.0,10.0,moderate_rain,black_ice,1,held_out,held_out,held_out,0.56875,1.0,0.7250996015936254,0.022126508514039463,91,160,226.35532333438687,fallback
urban_grid,10.0,10.0,moderate_rain,black_ice,2,held_out,held_out,held_out,0.59375,1.0,0.7450980392156863,0.004496485158772027,95,160,226.35532333438687,fallback
urban_grid,10.0,10.0,moderate_rain,black_ice,3,held_out,held_out,held_out,0.65,1.0,0.787878787878788,0.04566201610114194,104,160,226.35532333438687,fallback
urban_grid,10.0,10.0,moderate_rain,black_ice,4,held_out,held_out,held_out,0.54375,1.0,0.7044534412955465,-0.026703780788583282,87,160,226.35532333438687,fallback
urban_grid,10.0,10.0,moderate_rain,black_ice,5,held_out,held_out,held_out,0.6125,1.0,0.7596899224806202,-0.014740334833536194,98,160,226.35532333438687,fallback
urban_grid,10.0,10.0,moderate_rain,black_ice,6,held_out,held_out,held_out,0.6163522012578616,1.0,0.7626459143968872,0.03451204759142432,98,159,226.35532333438687,fallback
urban_grid,10.0,10.0,moderate_rain,black_ice,7,held_out,held_out,held_out,0.625,1.0,0.7692307692307693,0.04077487498172952,100,160,226.35532333438687,fallback
urban_grid,10.0,10.0,moderate_rain,black_ice,8,held_out,held_out,held_out,0.5911949685534591,1.0,0.7430830039525692,0.08352274459609693,94,159,226.35532333438687,fallback
urban_grid,10.0,10.0,moderate_rain,black_ice,9,held_out,held_out,held_out,0.64375,1.0,0.7832699619771863,0.009216484503327507,103,160,226.35532333438687,fallback
urban_grid,10.0,10.0,dense_fog,fog_bank,0,held_out,train,held_out,0.6352201257861635,1.0,0.7769230769230768,0.16707501961281787,101,159,226.35532333438687,fallback
urban_grid,10.0,10.0,dense_fog,fog_bank,1,held_out,train,held_out,0.6289308176100629,1.0,0.7722007722007722,0.11919651950710698,100,159,226.35532333438687,fallback
urban_grid,10.0,10.0,dense_fog,fog_bank,2,held_out,train,held_out,0.625,1.0,0.7692307692307693,0.10416370455336114,100,160,226.35532333438687,fallback
urban_grid,10.0,10.0,dense_fog,fog_bank,3,held_out,train,held_out,0.6666666666666666,1.0,0.8,0.14882928451813873,106,159,226.35532333438687,fallback
urban_grid,10.0,10.0,dense_fog,fog_bank,4,held_out,train,held_out,0.535031847133758,1.0,0.6970954356846474,0.14709950153076792,84,157,226.35532333438687,fallback
urban_grid,10.0,10.0,dense_fog,fog_bank,5,held_out,train,held_out,0.64375,1.0,0.7832699619771863,0.10388789897211322,103,160,226.35532333438687,fallback
urban_grid,10.0,10.0,dense_fog,fog_bank,6,held_out,train,held_out,0.6075949367088608,1.0,0.7559055118110236,0.1408767150679073,96,158,226.35532333438687,fallback
urban_grid,10.0,10.0,dense_fog,fog_bank,7,held_out,train,held_out,0.610062893081761,1.0,0.7578124999999999,0.14698099391352212,97,159,226.35532333438687,fallback
urban_grid,10.0,10.0,dense_fog,fog_bank,8,held_out,train,held_out,0.643312101910828,1.0,0.7829457364341085,0.24201792420971077,101,157,226.35532333438687,fallback
urban_grid,10.0,10.0,dense_fog,fog_bank,9,held_out,train,held_out,0.5668789808917197,1.0,0.7235772357723577,0.12629472669437178,89,157,226.35532333438687,fallback
urban_grid,10.0,10.0,dense_fog,landslide,0,held_out,train,held_out,0.6352201257861635,1.0,0.7769230769230768,0.08357211506260812,101,159,226.35532333438687,fallback
urban_grid,10.0,10.0,dense_fog,landslide,1,held_out,train,held_out,0.6289308176100629,1.0,0.7722007722007722,0.07739849884518929,100,159,226.35532333438687,fallback
urban_grid,10.0,10.0,dense_fog,landslide,2,held_out,train,held_out,0.625,1.0,0.7692307692307693,0.067182622925113,100,160,226.35532333438687,fallback
urban_grid,10.0,10.0,dense_fog,landslide,3,held_out,train,held_out,0.6666666666666666,1.0,0.8,0.08822421742920306,106,159,226.35532333438687,fallback
urban_grid,10.0,10.0,dense_fog,landslide,4,held_out,train,held_out,0.535031847133758,1.0,0.6970954356846474,0.12427740174433526,84,157,226.35532333438687,fallback
urban_grid,10.0,10.0,dense_fog,landslide,5,held_out,train,held_out,0.64375,1.0,0.7832699619771863,0.0012641157555752546,103,160,226.35532333438687,fallback
urban_grid,10.0,10.0,dense_fog,landslide,6,held_out,train,held_out,0.6075949367088608,1.0,0.7559055118110236,0.11281624814893783,96,158,226.35532333438687,fallback
urban_grid,10.0,10.0,dense_fog,landslide,7,held_out,train,held_out,0.610062893081761,1.0,0.7578124999999999,0.1000175779482972,97,159,226.35532333438687,fallback
urban_grid,10.0,10.0,dense_fog,landslide,8,held_out,train,held_out,0.643312101910828,1.0,0.7829457364341085,0.2400409941701064,101,157,226.35532333438687,fallback
urban_grid,10.0,10.0,dense_fog,landslide,9,held_out,train,held_out,0.5668789808917197,1.0,0.7235772357723577,0.1403954873471291,89,157,226.35532333438687,fallback
urban_grid,10.0,10.0,dense_fog,crash,0,held_out,train,held_out,0.5205479452054794,1.0,0.6846846846846847,0.3411654439150545,76,146,226.35532333438687,fallback
urban_grid,10.0,10.0,dense_fog,crash,1,held_out,train,held_out,0.5234899328859061,1.0,0.6872246696035244,0.27120954974166545,78,149,226.35532333438687,fallback
urban_grid,10.0,10.0,dense_fog,crash,2,held_out,train,held_out,0.5310344827586206,1.0,0.6936936936936936,0.3540550447606459,77,145,226.35532333438687,fallback
urban_grid,10.0,10.0,dense_fog,crash,3,held_out,train,held_out,0.5821917808219178,1.0,0.735930735930736,0.3385109600609578,85,146,226.35532333438687,fallback
urban_grid,10.0,10.0,dense_fog,crash,4,held_out,train,held_out,0.47619047619047616,1.0,0.6451612903225806,0.2909458755798086,70,147,226.35532333438687,fallback
urban_grid,10.0,10.0,dense_fog,crash,5,held_out,train,held_out,0.5140845070422535,1.0,0.6790697674418604,0.3314945707725785,73,142,226.35532333438687,fallback
urban_grid,10.0,10.0,dense_fog,crash,6,held_out,train,held_out,0.5448275862068965,1.0,0.7053571428571428,0.34959927180730005,79,145,226.35532333438687,fallback
urban_grid,10.0,10.0,dense_fog,crash,7,held_out,train,held_out,0.4965986394557823,1.0,0.6636363636363637,0.3001419572539686,73,147,226.35532333438687,fallback
urban_grid,10.0,10.0,dense_fog,crash,8,held_out,train,held_out,0.5104895104895105,1.0,0.675925925925926,0.34545489491508286,73,143,226.35532333438687,fallback
urban_grid,10.0,10.0,dense_fog,crash,9,held_out,train,held_out,0.45714285714285713,1.0,0.6274509803921569,0.3223930686802023,64,140,226.35532333438687,fallback
urban_grid,10.0,10.0,dense_fog,waterlogging,0,held_out,held_out,held_out,0.6352201257861635,1.0,0.7769230769230768,0.10532073859714665,101,159,226.35532333438687,fallback
urban_grid,10.0,10.0,dense_fog,waterlogging,1,held_out,held_out,held_out,0.6289308176100629,1.0,0.7722007722007722,0.08739455029279061,100,159,226.35532333438687,fallback
urban_grid,10.0,10.0,dense_fog,waterlogging,2,held_out,held_out,held_out,0.625,1.0,0.7692307692307693,0.07570034678261953,100,160,226.35532333438687,fallback
urban_grid,10.0,10.0,dense_fog,waterlogging,3,held_out,held_out,held_out,0.6666666666666666,1.0,0.8,0.10403928110927747,106,159,226.35532333438687,fallback
urban_grid,10.0,10.0,dense_fog,waterlogging,4,held_out,held_out,held_out,0.535031847133758,1.0,0.6970954356846474,0.12883397513635023,84,157,226.35532333438687,fallback
urban_grid,10.0,10.0,dense_fog,waterlogging,5,held_out,held_out,held_out,0.64375,1.0,0.7832699619771863,0.028617097849900228,103,160,226.35532333438687,fallback
urban_grid,10.0,10.0,dense_fog,waterlogging,6,held_out,held_out,held_out,0.6075949367088608,1.0,0.7559055118110236,0.11868649377064627,96,158,226.35532333438687,fallback
urban_grid,10.0,10.0,dense_fog,waterlogging,7,held_out,held_out,held_out,0.610062893081761,1.0,0.7578124999999999,0.1111559784499793,97,159,226.35532333438687,fallback
urban_grid,10.0,10.0,dense_fog,waterlogging,8,held_out,held_out,held_out,0.643312101910828,1.0,0.7829457364341085,0.24022474410599934,101,157,226.35532333438687,fallback
urban_grid,10.0,10.0,dense_fog,waterlogging,9,held_out,held_out,held_out,0.5668789808917197,1.0,0.7235772357723577,0.13554034559639758,89,157,226.35532333438687,fallback
urban_grid,10.0,10.0,dense_fog,black_ice,0,held_out,held_out,held_out,0.6352201257861635,1.0,0.7769230769230768,0.09429742061696812,101,159,226.35532333438687,fallback
urban_grid,10.0,10.0,dense_fog,black_ice,1,held_out,held_out,held_out,0.6289308176100629,1.0,0.7722007722007722,0.08229147355652289,100,159,226.35532333438687,fallback
urban_grid,10.0,10.0,dense_fog,black_ice,2,held_out,held_out,held_out,0.625,1.0,0.7692307692307693,0.07129901437503286,100,160,226.35532333438687,fallback
urban_grid,10.0,10.0,dense_fog,black_ice,3,held_out,held_out,held_out,0.6666666666666666,1.0,0.8,0.09612713089112308,106,159,226.35532333438687,fallback
urban_grid,10.0,10.0,dense_fog,black_ice,4,held_out,held_out,held_out,0.535031847133758,1.0,0.6970954356846474,0.12651518465235498,84,157,226.35532333438687,fallback
urban_grid,10.0,10.0,dense_fog,black_ice,5,held_out,held_out,held_out,0.64375,1.0,0.7832699619771863,0.014880560769790137,103,160,226.35532333438687,fallback
urban_grid,10.0,10.0,dense_fog,black_ice,6,held_out,held_out,held_out,0.6075949367088608,1.0,0.7559055118110236,0.1155691984523898,96,158,226.35532333438687,fallback
urban_grid,10.0,10.0,dense_fog,black_ice,7,held_out,held_out,held_out,0.610062893081761,1.0,0.7578124999999999,0.10542183075551192,97,159,226.35532333438687,fallback
urban_grid,10.0,10.0,dense_fog,black_ice,8,held_out,held_out,held_out,0.643312101910828,1.0,0.7829457364341085,0.24009226775258602,101,157,226.35532333438687,fallback
urban_grid,10.0,10.0,dense_fog,black_ice,9,held_out,held_out,held_out,0.5668789808917197,1.0,0.7235772357723577,0.1378520161492297,89,157,226.35532333438687,fallback
rural_highway,20.0,20.0,clear,fog_bank,0,train,train,train,0.7932692307692307,1.0,0.8847184986595173,0.8189825285341324,165,208,226.35532333438687,fallback
rural_highway,20.0,20.0,clear,fog_bank,1,train,train,train,0.7083333333333334,1.0,0.8292682926829268,0.8116231623276832,153,216,226.35532333438687,fallback
rural_highway,20.0,20.0,clear,fog_bank,2,train,train,train,0.8,1.0,0.888888888888889,0.780704890547195,172,215,226.35532333438687,fallback
rural_highway,20.0,20.0,clear,fog_bank,3,train,train,train,0.7432432432432432,1.0,0.8527131782945736,0.8341421918580371,165,222,226.35532333438687,fallback
rural_highway,20.0,20.0,clear,fog_bank,4,train,train,train,0.8317757009345794,1.0,0.9081632653061225,0.8044571359199655,178,214,226.35532333438687,fallback
rural_highway,20.0,20.0,clear,fog_bank,5,train,train,train,0.7685589519650655,1.0,0.8691358024691358,0.7930350403964822,176,229,226.35532333438687,fallback
rural_highway,20.0,20.0,clear,fog_bank,6,train,train,train,0.8201754385964912,1.0,0.9012048192771084,0.810663753786765,187,228,226.35532333438687,fallback
rural_highway,20.0,20.0,clear,fog_bank,7,train,train,train,0.7093596059113301,1.0,0.829971181556196,0.8023156848744464,144,203,226.35532333438687,fallback
rural_highway,20.0,20.0,clear,fog_bank,8,train,train,train,0.8636363636363636,1.0,0.9268292682926829,0.8411574707658127,171,198,226.35532333438687,fallback
rural_highway,20.0,20.0,clear,fog_bank,9,train,train,train,0.8020833333333334,1.0,0.8901734104046243,0.8368066722871241,154,192,226.35532333438687,fallback
rural_highway,20.0,20.0,clear,landslide,0,train,train,train,0.8199052132701422,1.0,0.9010416666666666,0.8284740819103473,173,211,226.35532333438687,fallback
rural_highway,20.0,20.0,clear,landslide,1,train,train,train,0.7399103139013453,1.0,0.8505154639175257,0.8232267809938413,165,223,226.35532333438687,fallback
rural_highway,20.0,20.0,clear,landslide,2,train,train,train,0.7982062780269058,1.0,0.8877805486284288,0.7930785948166654,178,223,226.35532333438687,fallback
rural_highway,20.0,20.0,clear,landslide,3,train,train,train,0.7657657657657657,1.0,0.8673469387755102,0.8476714387223477,170,222,226.35532333438687,fallback
rural_highway,20.0,20.0,clear,landslide,4,train,train,train,0.8333333333333334,1.0,0.9090909090909091,0.8200470073526833,180,216,226.35532333438687,fallback
rural_highway,20.0,20.0,clear,landslide,5,train,train,train,0.7685589519650655,1.0,0.8691358024691358,0.8059456815024775,176,229,226.35532333438687,fallback
rural_highway,20.0,20.0,clear,landslide,6,train,train,train,0.8471615720524017,1.0,0.91725768321513,0.8239133092941017,194,229,226.35532333438687,fallback
rural_highway,20.0,20.0,clear,landslide,7,train,train,train,0.7184466019417476,1.0,0.8361581920903954,0.8176190732310052,148,206,226.35532333438687,fallback
rural_highway,20.0,20.0,clear,landslide,8,train,train,train,0.8636363636363636,1.0,0.9268292682926829,0.8512398147994805,171,198,226.35532333438687,fallback
rural_highway,20.0,20.0,clear,landslide,9,train,train,train,0.797979797979798,1.0,0.8876404494382023,0.8497534970835389,158,198,226.35532333438687,fallback
rural_highway,20.0,20.0,clear,crash,0,train,train,train,0.7878787878787878,0.5342465753424658,0.636734693877551,0.6255726634714398,146,99,226.35532333438687,fallback
rural_highway,20.0,20.0,clear,crash,1,train,train,train,0.7184466019417476,0.4713375796178344,0.5692307692307692,0.6028508043296437,157,103,226.35532333438687,fallback
rural_highway,20.0,20.0,clear,crash,2,train,train,train,0.7614678899082569,0.5460526315789473,0.636015325670498,0.6309946490200761,152,109,226.35532333438687,fallback
rural_highway,20.0,20.0,clear,crash,3,train,train,train,0.6944444444444444,0.5067567567567568,0.5859375000000001,0.6587796486308453,148,108,226.35532333438687,fallback
rural_highway,20.0,20.0,clear,crash,4,train,train,train,0.8018867924528302,0.5246913580246914,0.6343283582089552,0.5719411504812562,162,106,226.35532333438687,fallback
rural_highway,20.0,20.0,clear,crash,5,train,train,train,0.6730769230769231,0.43209876543209874,0.5263157894736843,0.5959042917642969,162,104,226.35532333438687,fallback
rural_highway,20.0,20.0,clear,crash,6,train,train,train,0.8173913043478261,0.5340909090909091,0.6460481099656357,0.4820824418383011,176,115,226.35532333438687,fallback
rural_highway,20.0,20.0,clear,crash,7,train,train,train,0.8282828282828283,0.6612903225806451,0.73542600896861,0.6261333919229213,124,99,226.35532333438687,fallback
rural_highway,20.0,20.0,clear,crash,8,train,train,train,0.8351648351648352,0.5066666666666667,0.6307053941908715,0.6860219919517616,150,91,226.35532333438687,fallback
rural_highway,20.0,20.0,clear,crash,9,train,train,train,0.7708333333333334,0.524822695035461,0.6244725738396624,0.6206203762662689,141,96,226.35532333438687,fallback
rural_highway,20.0,20.0,clear,waterlogging,0,train,held_out,train,0.8095238095238095,1.0,0.8947368421052632,0.8259905533880743,170,210,226.35532333438687,fallback
rural_highway,20.0,20.0,clear,waterlogging,1,train,held_out,train,0.7219730941704036,1.0,0.8385416666666666,0.8202186051503415,161,223,226.35532333438687,fallback
rural_highway,20.0,20.0,clear,waterlogging,2,train,held_out,train,0.8,1.0,0.888888888888889,0.7897947587135898,176,220,226.35532333438687,fallback
rural_highway,20.0,20.0,clear,waterlogging,3,train,held_out,train,0.7612612612612613,1.0,0.8644501278772379,0.844156015510427,169,222,226.35532333438687,fallback
rural_highway,20.0,20.0,clear,waterlogging,4,train,held_out,train,0.8333333333333334,1.0,0.9090909090909091,0.8159820619158672,180,216,226.35532333438687,fallback
rural_highway,20.0,20.0,clear,waterlogging,5,train,held_out,train,0.7685589519650655,1.0,0.8691358024691358,0.8025621285718543,176,229,226.35532333438687,fallback
rural_highway,20.0,20.0,clear,waterlogging,6,train,held_out,train,0.8427947598253275,1.0,0.914691943127962,0.8204533176218778,193,229,226.35532333438687,fallback
rural_highway,20.0,20.0,clear,waterlogging,7,train,held_out,train,0.7087378640776699,1.0,0.8295454545454545,0.8136524629837949,146,206,226.35532333438687,fallback
rural_highway,20.0,20.0,clear,waterlogging,8,train,held_out,train,0.8636363636363636,1.0,0.9268292682926829,0.8486313835315341,171,198,226.35532333438687,fallback
rural_highway,20.0,20.0,clear,waterlogging,9,train,held_out,train,0.8,1.0,0.888888888888889,0.8463832829445059,156,195,226.35532333438687,fallback
rural_highway,20.0,20.0,clear,black_ice,0,train,held_out,train,0.8151658767772512,1.0,0.8981723237597911,0.8272375200128517,172,211,226.35532333438687,fallback
rural_highway,20.0,20.0,clear,black_ice,1,train,held_out,train,0.7309417040358744,1.0,0.8445595854922279,0.8217325659121046,163,223,226.35532333438687,fallback
rural_highway,20.0,20.0,clear,black_ice,2,train,held_out,train,0.7972972972972973,1.0,0.8872180451127819,0.7914443542262601,177,222,226.35532333438687,fallback
rural_highway,20.0,20.0,clear,black_ice,3,train,held_out,train,0.7657657657657657,1.0,0.8673469387755102,0.8459286927551294,170,222,226.35532333438687,fallback
rural_highway,20.0,20.0,clear,black_ice,4,train,held_out,train,0.8333333333333334,1.0,0.9090909090909091,0.818032534269006,180,216,226.35532333438687,fallback
rural_highway,20.0,20.0,clear,black_ice,5,train,held_out,train,0.7685589519650655,1.0,0.8691358024691358,0.8042640177846522,176,229,226.35532333438687,fallback
rural_highway,20.0,20.0,clear,black_ice,6,train,held_out,train,0.8471615720524017,1.0,0.91725768321513,0.8221961382462281,194,229,226.35532333438687,fallback
rural_highway,20.0,20.0,clear,black_ice,7,train,held_out,train,0.7184466019417476,1.0,0.8361581920903954,0.8156531011969476,148,206,226.35532333438687,fallback
rural_highway,20.0,20.0,clear,black_ice,8,train,held_out,train,0.8636363636363636,1.0,0.9268292682926829,0.8499444306152909,171,198,226.35532333438687,fallback
rural_highway,20.0,20.0,clear,black_ice,9,train,held_out,train,0.8061224489795918,1.0,0.8926553672316384,0.8480835243139495,158,196,226.35532333438687,fallback
rural_highway,20.0,20.0,heavy_rain,fog_bank,0,train,train,train,0.7814207650273224,1.0,0.8773006134969326,0.8169630237793559,143,183,226.35532333438687,fallback
rural_highway,20.0,20.0,heavy_rain,fog_bank,1,train,train,train,0.7407407407407407,1.0,0.851063829787234,0.8055769635515216,120,162,226.35532333438687,fallback
rural_highway,20.0,20.0,heavy_rain,fog_bank,2,train,train,train,0.8071065989847716,1.0,0.8932584269662921,0.7763275352524358,159,197,226.35532333438687,fallback
rural_highway,20.0,20.0,heavy_rain,fog_bank,3,train,train,train,0.7880434782608695,1.0,0.8814589665653495,0.7890471902338033,145,184,226.35532333438687,fallback
rural_highway,20.0,20.0,heavy_rain,fog_bank,4,train,train,train,0.7791411042944786,1.0,0.8758620689655173,0.8030474666119147,127,163,226.35532333438687,fallback
rural_highway,20.0,20.0,heavy_rain,fog_bank,5,train,train,train,0.7923497267759563,1.0,0.8841463414634146,0.798728615650935,145,183,226.35532333438687,fallback
rural_highway,20.0,20.0,heavy_rain,fog_bank,6,train,train,train,0.7663043478260869,1.0,0.8676923076923077,0.7959926080925112,141,184,226.35532333438687,fallback
rural_highway,20.0,20.0,heavy_rain,fog_bank,7,train,train,train,0.8325123152709359,1.0,0.9086021505376344,0.7904962787963924,169,203,226.35532333438687,fallback
rural_highway,20.0,20.0,heavy_rain,fog_bank,8,train,train,train,0.8478260869565217,1.0,0.9176470588235294,0.8375113215480218,156,184,226.35532333438687,fallback
rural_highway,20.0,20.0,heavy_rain,fog_bank,9,train,train,train,0.7923497267759563,1.0,0.8841463414634146,0.8185274268703977,145,183,226.35532333438687,fallback
rural_highway,20.0,20.0,heavy_rain,landslide,0,train,train,train,0.7789473684210526,1.0,0.8757396449704142,0.8274089100443888,148,190,226.35532333438687,fallback
rural_highway,20.0,20.0,heavy_rain,landslide,1,train,train,train,0.7378048780487805,1.0,0.8491228070175438,0.8189447991854153,121,164,226.35532333438687,fallback
rural_highway,20.0,20.0,heavy_rain,landslide,2,train,train,train,0.8241206030150754,1.0,0.9035812672176309,0.7874967527195395,164,199,226.35532333438687,fallback
rural_highway,20.0,20.0,heavy_rain,landslide,3,train,train,train,0.7754010695187166,1.0,0.8734939759036144,0.8025195491356035,145,187,226.35532333438687,fallback
rural_highway,20.0,20.0,heavy_rain,landslide,4,train,train,train,0.7831325301204819,1.0,0.8783783783783784,0.8161916076372319,130,166,226.35532333438687,fallback
rural_highway,20.0,20.0,heavy_rain,landslide,5,train,train,train,0.8138297872340425,1.0,0.8973607038123167,0.811472445200987,153,188,226.35532333438687,fallback
rural_highway,20.0,20.0,heavy_rain,landslide,6,train,train,train,0.7580645161290323,1.0,0.8623853211009175,0.8105789203926139,141,186,226.35532333438687,fallback
rural_highway,20.0,20.0,heavy_rain,landslide,7,train,train,train,0.8380952380952381,1.0,0.9119170984455958,0.8053505424623946,176,210,226.35532333438687,fallback
rural_highway,20.0,20.0,heavy_rain,landslide,8,train,train,train,0.8478260869565217,1.0,0.9176470588235294,0.8495332541564592,156,184,226.35532333438687,fallback
rural_highway,20.0,20.0,heavy_rain,landslide,9,train,train,train,0.7837837837837838,1.0,0.8787878787878788,0.831809932322664,145,185,226.35532333438687,fallback
rural_highway,20.0,20.0,heavy_rain,crash,0,train,train,train,0.8051948051948052,0.4881889763779528,0.607843137254902,0.6043101429486033,127,77,226.35532333438687,fallback
rural_highway,20.0,20.0,heavy_rain,crash,1,train,train,train,0.7894736842105263,0.5172413793103449,0.625,0.5711841022209369,116,76,226.35532333438687,fallback
rural_highway,20.0,20.0,heavy_rain,crash,2,train,train,train,0.7816091954022989,0.4563758389261745,0.576271186440678,0.5740205939727714,149,87,226.35532333438687,fallback
rural_highway,20.0,20.0,heavy_rain,crash,3,train,train,train,0.7441860465116279,0.47058823529411764,0.5765765765765766,0.5566519239243481,136,86,226.35532333438687,fallback
rural_highway,20.0,20.0,heavy_rain,crash,4,train,train,train,0.8354430379746836,0.5689655172413793,0.676923076923077,0.5756620311073033,116,79,226.35532333438687,fallback
rural_highway,20.0,20.0,heavy_rain,crash,5,train,train,train,0.8095238095238095,0.4788732394366197,0.6017699115044247,0.5450457745235567,142,84,226.35532333438687,fallback
rural_highway,20.0,20.0,heavy_rain,crash,6,train,train,train,0.75,0.44776119402985076,0.5607476635514019,0.48312585106949657,134,80,226.35532333438687,fallback
rural_highway,20.0,20.0,heavy_rain,crash,7,train,train,train,0.8383838383838383,0.532051282051282,0.6509803921568628,0.5759370363437544,156,99,226.35532333438687,fallback
rural_highway,20.0,20.0,heavy_rain,crash,8,train,train,train,0.8478260869565217,0.5454545454545454,0.6638297872340425,0.6276622516643074,143,92,226.35532333438687,fallback
rural_highway,20.0,20.0,heavy_rain,crash,9,train,train,train,0.8160919540229885,0.5378787878787878,0.6484018264840182,0.6198881732741469,132,87,226.35532333438687,fallback
rural_highway,20.0,20.0,heavy_rain,waterlogging,0,train,held_out,train,0.7777777777777778,1.0,0.8750000000000001,0.8246906330696708,147,189,226.35532333438687,fallback
rural_highway,20.0,20.0,heavy_rain,waterlogging,1,train,held_out,train,0.7407407407407407,1.0,0.851063829787234,0.8155004752578643,120,162,226.35532333438687,fallback
rural_highway,20.0,20.0,heavy_rain,waterlogging,2,train,held_out,train,0.8190954773869347,1.0,0.9005524861878452,0.7845165201160735,163,199,226.35532333438687,fallback
rural_highway,20.0,20.0,heavy_rain,waterlogging,3,train,held_out,train,0.7795698924731183,1.0,0.8761329305135952,0.7989993299318139,145,186,226.35532333438687,fallback
rural_highway,20.0,20.0,heavy_rain,waterlogging,4,train,held_out,train,0.7831325301204819,1.0,0.8783783783783784,0.8127170550897428,130,166,226.35532333438687,fallback
rural_highway,20.0,20.0,heavy_rain,waterlogging,5,train,held_out,train,0.8010752688172043,1.0,0.8895522388059701,0.8081755847121292,149,186,226.35532333438687,fallback
rural_highway,20.0,20.0,heavy_rain,waterlogging,6,train,held_out,train,0.7621621621621621,1.0,0.8650306748466258,0.8067731210759912,141,185,226.35532333438687,fallback
rural_highway,20.0,20.0,heavy_rain,waterlogging,7,train,held_out,train,0.8413461538461539,1.0,0.9138381201044387,0.8014560815430362,175,208,226.35532333438687,fallback
rural_highway,20.0,20.0,heavy_rain,waterlogging,8,train,held_out,train,0.8478260869565217,1.0,0.9176470588235294,0.8463938298669598,156,184,226.35532333438687,fallback
rural_highway,20.0,20.0,heavy_rain,waterlogging,9,train,held_out,train,0.7880434782608695,1.0,0.8814589665653495,0.8283375784683478,145,184,226.35532333438687,fallback
rural_highway,20.0,20.0,heavy_rain,black_ice,0,train,held_out,train,0.7777777777777778,1.0,0.8750000000000001,0.8260574790898679,147,189,226.35532333438687,fallback
rural_highway,20.0,20.0,heavy_rain,black_ice,1,train,held_out,train,0.7361963190184049,1.0,0.8480565371024735,0.8172363752162674,120,163,226.35532333438687,fallback
rural_highway,20.0,20.0,heavy_rain,black_ice,2,train,held_out,train,0.8190954773869347,1.0,0.9005524861878452,0.7860127935301572,163,199,226.35532333438687,fallback
rural_highway,20.0,20.0,heavy_rain,black_ice,3,train,held_out,train,0.7754010695187166,1.0,0.8734939759036144,0.8007712377556637,145,187,226.35532333438687,fallback
rural_highway,20.0,20.0,heavy_rain,black_ice,4,train,held_out,train,0.7831325301204819,1.0,0.8783783783783784,0.8144666436568759,130,166,226.35532333438687,fallback
rural_highway,20.0,20.0,heavy_rain,black_ice,5,train,held_out,train,0.8074866310160428,1.0,0.8934911242603549,0.8098350117996672,151,187,226.35532333438687,fallback
rural_highway,20.0,20.0,heavy_rain,black_ice,6,train,held_out,train,0.7621621621621621,1.0,0.8650306748466258,0.8086907854146194,141,185,226.35532333438687,fallback
rural_highway,20.0,20.0,heavy_rain,black_ice,7,train,held_out,train,0.8373205741626795,1.0,0.9114583333333334,0.8034177936294848,175,209,226.35532333438687,fallback
rural_highway,20.0,20.0,heavy_rain,black_ice,8,train,held_out,train,0.8478260869565217,1.0,0.9176470588235294,0.8479766538289314,156,184,226.35532333438687,fallback
rural_highway,20.0,20.0,heavy_rain,black_ice,9,train,held_out,train,0.7837837837837838,1.0,0.8787878787878788,0.8300873511792785,145,185,226.35532333438687,fallback
rural_highway,20.0,20.0,moderate_rain,fog_bank,0,train,train,held_out,0.8375634517766497,1.0,0.9116022099447514,0.8211247800319105,165,197,226.35532333438687,fallback
rural_highway,20.0,20.0,moderate_rain,fog_bank,1,train,train,held_out,0.7751479289940828,1.0,0.8733333333333333,0.8120195176009827,131,169,226.35532333438687,fallback
rural_highway,20.0,20.0,moderate_rain,fog_bank,2,train,train,held_out,0.8241206030150754,1.0,0.9035812672176309,0.7824057884283198,164,199,226.35532333438687,fallback
rural_highway,20.0,20.0,moderate_rain,fog_bank,3,train,train,held_out,0.7044334975369458,1.0,0.8265895953757226,0.8226609537966081,143,203,226.35532333438687,fallback
rural_highway,20.0,20.0,moderate_rain,fog_bank,4,train,train,held_out,0.8146341463414634,1.0,0.8978494623655914,0.8014684646969947,167,205,226.35532333438687,fallback
rural_highway,20.0,20.0,moderate_rain,fog_bank,5,train,train,held_out,0.7743589743589744,1.0,0.8728323699421966,0.7877311351819756,151,195,226.35532333438687,fallback
rural_highway,20.0,20.0,moderate_rain,fog_bank,6,train,train,held_out,0.734375,1.0,0.8468468468468469,0.7986327103107699,141,192,226.35532333438687,fallback
rural_highway,20.0,20.0,moderate_rain,fog_bank,7,train,train,held_out,0.7461928934010152,1.0,0.8546511627906977,0.8012620178916537,147,197,226.35532333438687,fallback
rural_highway,20.0,20.0,moderate_rain,fog_bank,8,train,train,held_out,0.8502673796791443,1.0,0.9190751445086706,0.8412261425636919,159,187,226.35532333438687,fallback
rural_highway,20.0,20.0,moderate_rain,fog_bank,9,train,train,held_out,0.8272251308900523,1.0,0.9054441260744985,0.8295674648848818,158,191,226.35532333438687,fallback
rural_highway,20.0,20.0,moderate_rain,landslide,0,train,train,held_out,0.8477157360406091,1.0,0.9175824175824175,0.8309737188056471,167,197,226.35532333438687,fallback
rural_highway,20.0,20.0,moderate_rain,landslide,1,train,train,held_out,0.7758620689655172,1.0,0.8737864077669902,0.8240075608878691,135,174,226.35532333438687,fallback
rural_highway,20.0,20.0,moderate_rain,landslide,2,train,train,held_out,0.8267326732673267,1.0,0.9051490514905149,0.7942846606151382,167,202,226.35532333438687,fallback
rural_highway,20.0,20.0,moderate_rain,landslide,3,train,train,held_out,0.7087378640776699,1.0,0.8295454545454545,0.8363012692411532,146,206,226.35532333438687,fallback
rural_highway,20.0,20.0,moderate_rain,landslide,4,train,train,held_out,0.8285714285714286,1.0,0.90625,0.816289647476302,174,210,226.35532333438687,fallback
rural_highway,20.0,20.0,moderate_rain,landslide,5,train,train,held_out,0.7704081632653061,1.0,0.8703170028818444,0.8006777429631993,151,196,226.35532333438687,fallback
rural_highway,20.0,20.0,moderate_rain,landslide,6,train,train,held_out,0.7323232323232324,1.0,0.8454810495626823,0.8131186938421247,145,198,226.35532333438687,fallback
rural_highway,20.0,20.0,moderate_rain,landslide,7,train,train,held_out,0.7512437810945274,1.0,0.8579545454545454,0.8167841991684699,151,201,226.35532333438687,fallback
rural_highway,20.0,20.0,moderate_rain,landslide,8,train,train,held_out,0.8526315789473684,1.0,0.9204545454545454,0.852641543492807,162,190,226.35532333438687,fallback
rural_highway,20.0,20.0,moderate_rain,landslide,9,train,train,held_out,0.8272251308900523,1.0,0.9054441260744985,0.8430038738110711,158,191,226.35532333438687,fallback
rural_highway,20.0,20.0,moderate_rain,crash,0,train,train,held_out,0.8452380952380952,0.4930555555555556,0.6228070175438597,0.6334769654524761,144,84,226.35532333438687,fallback
rural_highway,20.0,20.0,moderate_rain,crash,1,train,train,held_out,0.8214285714285714,0.5307692307692308,0.6448598130841121,0.5859911687146581,130,84,226.35532333438687,fallback
rural_highway,20.0,20.0,moderate_rain,crash,2,train,train,held_out,0.7978723404255319,0.5136986301369864,0.6250000000000001,0.6129192581792154,146,94,226.35532333438687,fallback
rural_highway,20.0,20.0,moderate_rain,crash,3,train,train,held_out,0.6736842105263158,0.48854961832061067,0.5663716814159292,0.6145200076090928,131,95,226.35532333438687,fallback
rural_highway,20.0,20.0,moderate_rain,crash,4,train,train,held_out,0.7582417582417582,0.45695364238410596,0.5702479338842975,0.5793866837435514,151,91,226.35532333438687,fallback
rural_highway,20.0,20.0,moderate_rain,crash,5,train,train,held_out,0.7613636363636364,0.47183098591549294,0.5826086956521739,0.5681262606953031,142,88,226.35532333438687,fallback
rural_highway,20.0,20.0,moderate_rain,crash,6,train,train,held_out,0.6907216494845361,0.5114503816793893,0.5877192982456141,0.474576425168549,131,97,226.35532333438687,fallback
rural_highway,20.0,20.0,moderate_rain,crash,7,train,train,held_out,0.8282828282828283,0.640625,0.7224669603524229,0.6159740482405474,128,99,226.35532333438687,fallback
rural_highway,20.0,20.0,moderate_rain,crash,8,train,train,held_out,0.8279569892473119,0.5384615384615384,0.6525423728813559,0.6645850414465141,143,93,226.35532333438687,fallback
rural_highway,20.0,20.0,moderate_rain,crash,9,train,train,held_out,0.7865168539325843,0.4827586206896552,0.5982905982905984,0.6266750693219598,145,89,226.35532333438687,fallback
rural_highway,20.0,20.0,moderate_rain,waterlogging,0,train,held_out,held_out,0.8477157360406091,1.0,0.9175824175824175,0.8284033913911835,167,197,226.35532333438687,fallback
rural_highway,20.0,20.0,moderate_rain,waterlogging,1,train,held_out,held_out,0.7687861271676301,1.0,0.8692810457516339,0.8209127523755028,133,173,226.35532333438687,fallback
rural_highway,20.0,20.0,moderate_rain,waterlogging,2,train,held_out,held_out,0.8267326732673267,1.0,0.9051490514905149,0.7911225115486846,167,202,226.35532333438687,fallback
rural_highway,20.0,20.0,moderate_rain,waterlogging,3,train,held_out,held_out,0.7121951219512195,1.0,0.8319088319088319,0.8327541334135824,146,205,226.35532333438687,fallback
rural_highway,20.0,20.0,moderate_rain,waterlogging,4,train,held_out,held_out,0.8277511961722488,1.0,0.9057591623036649,0.8123964769000428,173,209,226.35532333438687,fallback
rural_highway,20.0,20.0,moderate_rain,waterlogging,5,train,held_out,held_out,0.7743589743589744,1.0,0.8728323699421966,0.7973182194976611,151,195,226.35532333438687,fallback
rural_highway,20.0,20.0,moderate_rain,waterlogging,6,train,held_out,held_out,0.7346938775510204,1.0,0.8470588235294119,0.8093417575795699,144,196,226.35532333438687,fallback
rural_highway,20.0,20.0,moderate_rain,waterlogging,7,train,held_out,held_out,0.755,1.0,0.8603988603988605,0.8127413229978059,151,200,226.35532333438687,fallback
rural_highway,20.0,20.0,moderate_rain,waterlogging,8,train,held_out,held_out,0.8473684210526315,1.0,0.9173789173789174,0.849675346835336,161,190,226.35532333438687,fallback
rural_highway,20.0,20.0,moderate_rain,waterlogging,9,train,held_out,held_out,0.8272251308900523,1.0,0.9054441260744985,0.8395000116295969,158,191,226.35532333438687,fallback
rural_highway,20.0,20.0,moderate_rain,black_ice,0,train,held_out,held_out,0.8477157360406091,1.0,0.9175824175824175,0.8296951489056064,167,197,226.35532333438687,fallback
rural_highway,20.0,20.0,moderate_rain,black_ice,1,train,held_out,held_out,0.7745664739884393,1.0,0.8729641693811074,0.8224710180568983,134,173,226.35532333438687,fallback
rural_highway,20.0,20.0,moderate_rain,black_ice,2,train,held_out,held_out,0.8267326732673267,1.0,0.9051490514905149,0.7927105778362081,167,202,226.35532333438687,fallback
rural_highway,20.0,20.0,moderate_rain,black_ice,3,train,held_out,held_out,0.7121951219512195,1.0,0.8319088319088319,0.8345433423583324,146,205,226.35532333438687,fallback
rural_highway,20.0,20.0,moderate_rain,black_ice,4,train,held_out,held_out,0.8277511961722488,1.0,0.9057591623036649,0.8143586830439521,173,209,226.35532333438687,fallback
rural_highway,20.0,20.0,moderate_rain,black_ice,5,train,held_out,held_out,0.7743589743589744,1.0,0.8728323699421966,0.7990082640385041,151,195,226.35532333438687,fallback
rural_highway,20.0,20.0,moderate_rain,black_ice,6,train,held_out,held_out,0.7397959183673469,1.0,0.8504398826979471,0.8112450248334729,145,196,226.35532333438687,fallback
rural_highway,20.0,20.0,moderate_rain,black_ice,7,train,held_out,held_out,0.755,1.0,0.8603988603988605,0.8147805250115675,151,200,226.35532333438687,fallback
rural_highway,20.0,20.0,moderate_rain,black_ice,8,train,held_out,held_out,0.8473684210526315,1.0,0.9173789173789174,0.8511705225835264,161,190,226.35532333438687,fallback
rural_highway,20.0,20.0,moderate_rain,black_ice,9,train,held_out,held_out,0.8272251308900523,1.0,0.9054441260744985,0.8412671257492166,158,191,226.35532333438687,fallback
rural_highway,20.0,20.0,dense_fog,fog_bank,0,train,train,held_out,0.7878787878787878,1.0,0.8813559322033898,0.8148531197006478,130,165,226.35532333438687,fallback
rural_highway,20.0,20.0,dense_fog,fog_bank,1,train,train,held_out,0.7625,1.0,0.8652482269503545,0.8079609802300294,122,160,226.35532333438687,fallback
rural_highway,20.0,20.0,dense_fog,fog_bank,2,train,train,held_out,0.7647058823529411,1.0,0.8666666666666666,0.7733917138706837,130,170,226.35532333438687,fallback
rural_highway,20.0,20.0,dense_fog,fog_bank,3,train,train,held_out,0.712707182320442,1.0,0.832258064516129,0.7761792420935376,129,181,226.35532333438687,fallback
rural_highway,20.0,20.0,dense_fog,fog_bank,4,train,train,held_out,0.7457627118644068,1.0,0.8543689320388349,0.7837059941870945,132,177,226.35532333438687,fallback
rural_highway,20.0,20.0,dense_fog,fog_bank,5,train,train,held_out,0.75,1.0,0.8571428571428571,0.7973349094472697,129,172,226.35532333438687,fallback
rural_highway,20.0,20.0,dense_fog,fog_bank,6,train,train,held_out,0.8,1.0,0.888888888888889,0.7894617990316667,140,175,226.35532333438687,fallback
rural_highway,20.0,20.0,dense_fog,fog_bank,7,train,train,held_out,0.806282722513089,1.0,0.8927536231884058,0.795414864774966,154,191,226.35532333438687,fallback
rural_highway,20.0,20.0,dense_fog,fog_bank,8,train,train,held_out,0.8153846153846154,1.0,0.8983050847457628,0.8247894959714498,159,195,226.35532333438687,fallback
rural_highway,20.0,20.0,dense_fog,fog_bank,9,train,train,held_out,0.8314606741573034,1.0,0.9079754601226994,0.8097414315215652,148,178,226.35532333438687,fallback
rural_highway,20.0,20.0,dense_fog,landslide,0,train,train,held_out,0.7878787878787878,1.0,0.8813559322033898,0.8258454657956612,130,165,226.35532333438687,fallback
rural_highway,20.0,20.0,dense_fog,landslide,1,train,train,held_out,0.7639751552795031,1.0,0.8661971830985915,0.8222951150857195,123,161,226.35532333438687,fallback
rural_highway,20.0,20.0,dense_fog,landslide,2,train,train,held_out,0.7630057803468208,1.0,0.8655737704918033,0.7841719428748357,132,173,226.35532333438687,fallback
rural_highway,20.0,20.0,dense_fog,landslide,3,train,train,held_out,0.7087912087912088,1.0,0.8295819935691318,0.7899102649112775,129,182,226.35532333438687,fallback
rural_highway,20.0,20.0,dense_fog,landslide,4,train,train,held_out,0.7457627118644068,1.0,0.8543689320388349,0.7957252509963594,132,177,226.35532333438687,fallback
rural_highway,20.0,20.0,dense_fog,landslide,5,train,train,held_out,0.7833333333333333,1.0,0.8785046728971964,0.8112798110298536,141,180,226.35532333438687,fallback
rural_highway,20.0,20.0,dense_fog,landslide,6,train,train,held_out,0.8,1.0,0.888888888888889,0.8044277977685491,140,175,226.35532333438687,fallback
rural_highway,20.0,20.0,dense_fog,landslide,7,train,train,held_out,0.8333333333333334,1.0,0.9090909090909091,0.8091063742870284,165,198,226.35532333438687,fallback
rural_highway,20.0,20.0,dense_fog,landslide,8,train,train,held_out,0.8383838383838383,1.0,0.9120879120879121,0.836981995672181,166,198,226.35532333438687,fallback
rural_highway,20.0,20.0,dense_fog,landslide,9,train,train,held_out,0.8314606741573034,1.0,0.9079754601226994,0.8224247214135775,148,178,226.35532333438687,fallback
rural_highway,20.0,20.0,dense_fog,crash,0,train,train,held_out,0.7948717948717948,0.5391304347826087,0.6424870466321244,0.5698854564203929,115,78,226.35532333438687,fallback
rural_highway,20.0,20.0,dense_fog,crash,1,train,train,held_out,0.7922077922077922,0.5169491525423728,0.6256410256410256,0.5733056177098823,118,77,226.35532333438687,fallback
rural_highway,20.0,20.0,dense_fog,crash,2,train,train,held_out,0.7721518987341772,0.5083333333333333,0.6130653266331657,0.5562977050989053,120,79,226.35532333438687,fallback
rural_highway,20.0,20.0,dense_fog,crash,3,train,train,held_out,0.810126582278481,0.5161290322580645,0.6305418719211823,0.5211848988662687,124,79,226.35532333438687,fallback
rural_highway,20.0,20.0,dense_fog,crash,4,train,train,held_out,0.825,0.532258064516129,0.6470588235294118,0.5453149186170996,124,80,226.35532333438687,fallback
rural_highway,20.0,20.0,dense_fog,crash,5,train,train,held_out,0.8117647058823529,0.5390625,0.647887323943662,0.54643247473875,128,85,226.35532333438687,fallback
rural_highway,20.0,20.0,dense_fog,crash,6,train,train,held_out,0.7792207792207793,0.4411764705882353,0.5633802816901409,0.4887756860756733,136,77,226.35532333438687,fallback
rural_highway,20.0,20.0,dense_fog,crash,7,train,train,held_out,0.8369565217391305,0.5310344827586206,0.649789029535865,0.5717934091163067,145,92,226.35532333438687,fallback
rural_highway,20.0,20.0,dense_fog,crash,8,train,train,held_out,0.8478260869565217,0.5131578947368421,0.639344262295082,0.6048055874717634,152,92,226.35532333438687,fallback
rural_highway,20.0,20.0,dense_fog,crash,9,train,train,held_out,0.8181818181818182,0.5255474452554745,0.6400000000000001,0.6014580038513798,137,88,226.35532333438687,fallback
rural_highway,20.0,20.0,dense_fog,waterlogging,0,train,held_out,held_out,0.7878787878787878,1.0,0.8813559322033898,0.8229908349803026,130,165,226.35532333438687,fallback
rural_highway,20.0,20.0,dense_fog,waterlogging,1,train,held_out,held_out,0.7639751552795031,1.0,0.8661971830985915,0.8185984370230946,123,161,226.35532333438687,fallback
rural_highway,20.0,20.0,dense_fog,waterlogging,2,train,held_out,held_out,0.7674418604651163,1.0,0.868421052631579,0.7813085681790695,132,172,226.35532333438687,fallback
rural_highway,20.0,20.0,dense_fog,waterlogging,3,train,held_out,held_out,0.7087912087912088,1.0,0.8295819935691318,0.7863301622696524,129,182,226.35532333438687,fallback
rural_highway,20.0,20.0,dense_fog,waterlogging,4,train,held_out,held_out,0.7457627118644068,1.0,0.8543689320388349,0.7925185994654363,132,177,226.35532333438687,fallback
rural_highway,20.0,20.0,dense_fog,waterlogging,5,train,held_out,held_out,0.7597765363128491,1.0,0.8634920634920634,0.8076731337868764,136,179,226.35532333438687,fallback
rural_highway,20.0,20.0,dense_fog,waterlogging,6,train,held_out,held_out,0.8,1.0,0.888888888888889,0.8005168893798215,140,175,226.35532333438687,fallback
rural_highway,20.0,20.0,dense_fog,waterlogging,7,train,held_out,held_out,0.8274111675126904,1.0,0.9055555555555556,0.8055145844952587,163,197,226.35532333438687,fallback
rural_highway,20.0,20.0,dense_fog,waterlogging,8,train,held_out,held_out,0.8282828282828283,1.0,0.9060773480662984,0.8337814895372077,164,198,226.35532333438687,fallback
rural_highway,20.0,20.0,dense_fog,waterlogging,9,train,held_out,held_out,0.8314606741573034,1.0,0.9079754601226994,0.8191066759176138,148,178,226.35532333438687,fallback
rural_highway,20.0,20.0,dense_fog,black_ice,0,train,held_out,held_out,0.7878787878787878,1.0,0.8813559322033898,0.8244267966075982,130,165,226.35532333438687,fallback
rural_highway,20.0,20.0,dense_fog,black_ice,1,train,held_out,held_out,0.7639751552795031,1.0,0.8661971830985915,0.8204632402215191,123,161,226.35532333438687,fallback
rural_highway,20.0,20.0,dense_fog,black_ice,2,train,held_out,held_out,0.7630057803468208,1.0,0.8655737704918033,0.7827463776897153,132,173,226.35532333438687,fallback
rural_highway,20.0,20.0,dense_fog,black_ice,3,train,held_out,held_out,0.7087912087912088,1.0,0.8295819935691318,0.7881314712706569,129,182,226.35532333438687,fallback
rural_highway,20.0,20.0,dense_fog,black_ice,4,train,held_out,held_out,0.7457627118644068,1.0,0.8543689320388349,0.7941296139846341,132,177,226.35532333438687,fallback
rural_highway,20.0,20.0,dense_fog,black_ice,5,train,held_out,held_out,0.7833333333333333,1.0,0.8785046728971964,0.8094901967525816,141,180,226.35532333438687,fallback
rural_highway,20.0,20.0,dense_fog,black_ice,6,train,held_out,held_out,0.8,1.0,0.888888888888889,0.8024876478529713,140,175,226.35532333438687,fallback
rural_highway,20.0,20.0,dense_fog,black_ice,7,train,held_out,held_out,0.8375634517766497,1.0,0.9116022099447514,0.8073230171816196,165,197,226.35532333438687,fallback
rural_highway,20.0,20.0,dense_fog,black_ice,8,train,held_out,held_out,0.8383838383838383,1.0,0.9120879120879121,0.8353937777398227,166,198,226.35532333438687,fallback
rural_highway,20.0,20.0,dense_fog,black_ice,9,train,held_out,held_out,0.8314606741573034,1.0,0.9079754601226994,0.8207765466364545,148,178,226.35532333438687,fallback
urban_nlos,20.0,20.0,clear,fog_bank,0,train,train,train,0.5735607675906184,1.0,0.7289972899728998,0.16632159132462498,269,469,226.35532333438687,fallback
urban_nlos,20.0,20.0,clear,fog_bank,1,train,train,train,0.5233050847457628,1.0,0.6870653685674548,0.12805745065938184,247,472,226.35532333438687,fallback
urban_nlos,20.0,20.0,clear,fog_bank,2,train,train,train,0.569620253164557,1.0,0.7258064516129034,0.1273648614668332,270,474,226.35532333438687,fallback
urban_nlos,20.0,20.0,clear,fog_bank,3,train,train,train,0.5798319327731093,1.0,0.7340425531914894,0.11621389023346546,276,476,226.35532333438687,fallback
urban_nlos,20.0,20.0,clear,fog_bank,4,train,train,train,0.5966386554621849,1.0,0.7473684210526316,0.11972067936714924,284,476,226.35532333438687,fallback
urban_nlos,20.0,20.0,clear,fog_bank,5,train,train,train,0.5614406779661016,1.0,0.7191316146540027,0.12285298782863235,265,472,226.35532333438687,fallback
urban_nlos,20.0,20.0,clear,fog_bank,6,train,train,train,0.5840336134453782,1.0,0.7374005305039788,0.13660045565897158,278,476,226.35532333438687,fallback
urban_nlos,20.0,20.0,clear,fog_bank,7,train,train,train,0.6118143459915611,1.0,0.7591623036649215,0.14292413224541226,290,474,226.35532333438687,fallback
urban_nlos,20.0,20.0,clear,fog_bank,8,train,train,train,0.5822784810126582,1.0,0.736,0.13979987482577927,276,474,226.35532333438687,fallback
urban_nlos,20.0,20.0,clear,fog_bank,9,train,train,train,0.559748427672956,1.0,0.7177419354838709,0.10202928339786291,267,477,226.35532333438687,fallback
urban_nlos,20.0,20.0,clear,landslide,0,train,train,train,0.5756929637526652,1.0,0.7307171853856562,0.15783382385943526,270,469,226.35532333438687,fallback
urban_nlos,20.0,20.0,clear,landslide,1,train,train,train,0.5233050847457628,1.0,0.6870653685674548,0.12117510685740668,247,472,226.35532333438687,fallback
urban_nlos,20.0,20.0,clear,landslide,2,train,train,train,0.569620253164557,1.0,0.7258064516129034,0.13577832771182288,270,474,226.35532333438687,fallback
urban_nlos,20.0,20.0,clear,landslide,3,train,train,train,0.5798319327731093,1.0,0.7340425531914894,0.11312456239681438,276,476,226.35532333438687,fallback
urban_nlos,20.0,20.0,clear,landslide,4,train,train,train,0.5966386554621849,1.0,0.7473684210526316,0.09764681803116666,284,476,226.35532333438687,fallback
urban_nlos,20.0,20.0,clear,landslide,5,train,train,train,0.5614406779661016,1.0,0.7191316146540027,0.12143124936682262,265,472,226.35532333438687,fallback
urban_nlos,20.0,20.0,clear,landslide,6,train,train,train,0.5840336134453782,1.0,0.7374005305039788,0.12707213682042534,278,476,226.35532333438687,fallback
urban_nlos,20.0,20.0,clear,landslide,7,train,train,train,0.6118143459915611,1.0,0.7591623036649215,0.13106086087093508,290,474,226.35532333438687,fallback
urban_nlos,20.0,20.0,clear,landslide,8,train,train,train,0.5822784810126582,1.0,0.736,0.12821039422583738,276,474,226.35532333438687,fallback
urban_nlos,20.0,20.0,clear,landslide,9,train,train,train,0.559748427672956,1.0,0.7177419354838709,0.08975552207735289,267,477,226.35532333438687,fallback
urban_nlos,20.0,20.0,clear,crash,0,train,train,train,0.5348314606741573,1.0,0.6969253294289898,0.3076190094465133,238,445,226.35532333438687,fallback
urban_nlos,20.0,20.0,clear,crash,1,train,train,train,0.48291571753986334,1.0,0.6513056835637481,0.269549633193438,212,439,226.35532333438687,fallback
urban_nlos,20.0,20.0,clear,crash,2,train,train,train,0.5486725663716814,1.0,0.7085714285714285,0.2764435651992351,248,452,226.35532333438687,fallback
urban_nlos,20.0,20.0,clear,crash,3,train,train,train,0.5524017467248908,1.0,0.7116736990154712,0.24266872474007087,253,458,226.35532333438687,fallback
urban_nlos,20.0,20.0,clear,crash,4,train,train,train,0.5730088495575221,1.0,0.7285513361462728,0.2748499561197346,259,452,226.35532333438687,fallback
urban_nlos,20.0,20.0,clear,crash,5,train,train,train,0.5363636363636364,1.0,0.6982248520710059,0.30003085830389714,236,440,226.35532333438687,fallback
urban_nlos,20.0,20.0,clear,crash,6,train,train,train,0.5364238410596026,1.0,0.6982758620689655,0.2451093122162305,243,453,226.35532333438687,fallback
urban_nlos,20.0,20.0,clear,crash,7,train,train,train,0.588495575221239,1.0,0.7409470752089136,0.28151507065821435,266,452,226.35532333438687,fallback
urban_nlos,20.0,20.0,clear,crash,8,train,train,train,0.5343680709534369,1.0,0.6965317919075145,0.2717255917525569,241,451,226.35532333438687,fallback
urban_nlos,20.0,20.0,clear,crash,9,train,train,train,0.5304347826086957,1.0,0.6931818181818182,0.236152721388131,244,460,226.35532333438687,fallback
urban_nlos,20.0,20.0,clear,waterlogging,0,train,held_out,train,0.5735607675906184,1.0,0.7289972899728998,0.1593565453946303,269,469,226.35532333438687,fallback
urban_nlos,20.0,20.0,clear,waterlogging,1,train,held_out,train,0.5233050847457628,1.0,0.6870653685674548,0.12193288276854389,247,472,226.35532333438687,fallback
urban_nlos,20.0,20.0,clear,waterlogging,2,train,held_out,train,0.569620253164557,1.0,0.7258064516129034,0.13184813818356078,270,474,226.35532333438687,fallback
urban_nlos,20.0,20.0,clear,waterlogging,3,train,held_out,train,0.5798319327731093,1.0,0.7340425531914894,0.11274903035731179,276,476,226.35532333438687,fallback
urban_nlos,20.0,20.0,clear,waterlogging,4,train,held_out,train,0.5966386554621849,1.0,0.7473684210526316,0.10252227281377276,284,476,226.35532333438687,fallback
urban_nlos,20.0,20.0,clear,waterlogging,5,train,held_out,train,0.5614406779661016,1.0,0.7191316146540027,0.1204519865087878,265,472,226.35532333438687,fallback
urban_nlos,20.0,20.0,clear,waterlogging,6,train,held_out,train,0.5840336134453782,1.0,0.7374005305039788,0.12801005987794975,278,476,226.35532333438687,fallback
urban_nlos,20.0,20.0,clear,waterlogging,7,train,held_out,train,0.6118143459915611,1.0,0.7591623036649215,0.13287245180347174,290,474,226.35532333438687,fallback
urban_nlos,20.0,20.0,clear,waterlogging,8,train,held_out,train,0.5822784810126582,1.0,0.736,0.1303000730967005,276,474,226.35532333438687,fallback
urban_nlos,20.0,20.0,clear,waterlogging,9,train,held_out,train,0.559748427672956,1.0,0.7177419354838709,0.0919392660990928,267,477,226.35532333438687,fallback
urban_nlos,20.0,20.0,clear,black_ice,0,train,held_out,train,0.5756929637526652,1.0,0.7307171853856562,0.15850501496242275,270,469,226.35532333438687,fallback
urban_nlos,20.0,20.0,clear,black_ice,1,train,held_out,train,0.5233050847457628,1.0,0.6870653685674548,0.1214875609555699,247,472,226.35532333438687,fallback
urban_nlos,20.0,20.0,clear,black_ice,2,train,held_out,train,0.569620253164557,1.0,0.7258064516129034,0.13364735461525196,270,474,226.35532333438687,fallback
urban_nlos,20.0,20.0,clear,black_ice,3,train,held_out,train,0.5798319327731093,1.0,0.7340425531914894,0.11287026104232398,276,476,226.35532333438687,fallback
urban_nlos,20.0,20.0,clear,black_ice,4,train,held_out,train,0.5966386554621849,1.0,0.7473684210526316,0.09998164642686674,284,476,226.35532333438687,fallback
urban_nlos,20.0,20.0,clear,black_ice,5,train,held_out,train,0.5614406779661016,1.0,0.7191316146540027,0.12086147154769047,265,472,226.35532333438687,fallback
urban_nlos,20.0,20.0,clear,black_ice,6,train,held_out,train,0.5840336134453782,1.0,0.7374005305039788,0.1274381142953453,278,476,226.35532333438687,fallback
urban_nlos,20.0,20.0,clear,black_ice,7,train,held_out,train,0.6118143459915611,1.0,0.7591623036649215,0.13178794250325984,290,474,226.35532333438687,fallback
urban_nlos,20.0,20.0,clear,black_ice,8,train,held_out,train,0.5822784810126582,1.0,0.736,0.12911381134340025,276,474,226.35532333438687,fallback
urban_nlos,20.0,20.0,clear,black_ice,9,train,held_out,train,0.559748427672956,1.0,0.7177419354838709,0.0907508413735469,267,477,226.35532333438687,fallback
urban_nlos,20.0,20.0,heavy_rain,fog_bank,0,train,train,train,0.5432900432900433,1.0,0.7040673211781205,0.23238797907875938,251,462,226.35532333438687,fallback
urban_nlos,20.0,20.0,heavy_rain,fog_bank,1,train,train,train,0.5692640692640693,1.0,0.7255172413793104,0.20537571521172607,263,462,226.35532333438687,fallback
urban_nlos,20.0,20.0,heavy_rain,fog_bank,2,train,train,train,0.5635593220338984,1.0,0.7208672086720868,0.16898198943067402,266,472,226.35532333438687,fallback
urban_nlos,20.0,20.0,heavy_rain,fog_bank,3,train,train,train,0.5257510729613734,1.0,0.6891701828410688,0.19930669128550255,245,466,226.35532333438687,fallback
urban_nlos,20.0,20.0,heavy_rain,fog_bank,4,train,train,train,0.556745182012848,1.0,0.7152682255845942,0.2044260774654225,260,467,226.35532333438687,fallback
urban_nlos,20.0,20.0,heavy_rain,fog_bank,5,train,train,train,0.5479744136460555,1.0,0.7079889807162534,0.19784924765477827,257,469,226.35532333438687,fallback
urban_nlos,20.0,20.0,heavy_rain,fog_bank,6,train,train,train,0.5189873417721519,1.0,0.6833333333333332,0.14115189447612161,246,474,226.35532333438687,fallback
urban_nlos,20.0,20.0,heavy_rain,fog_bank,7,train,train,train,0.561822125813449,1.0,0.7194444444444444,0.21961009693370107,259,461,226.35532333438687,fallback
urban_nlos,20.0,20.0,heavy_rain,fog_bank,8,train,train,train,0.6215644820295984,1.0,0.7666232073011735,0.2424575206346483,294,473,226.35532333438687,fallback
urban_nlos,20.0,20.0,heavy_rain,fog_bank,9,train,train,train,0.575107296137339,1.0,0.7302452316076293,0.23507532013710136,268,466,226.35532333438687,fallback
urban_nlos,20.0,20.0,heavy_rain,landslide,0,train,train,train,0.5432900432900433,1.0,0.7040673211781205,0.21382453852888758,251,462,226.35532333438687,fallback
urban_nlos,20.0,20.0,heavy_rain,landslide,1,train,train,train,0.5692640692640693,1.0,0.7255172413793104,0.21191425154669818,263,462,226.35532333438687,fallback
urban_nlos,20.0,20.0,heavy_rain,landslide,2,train,train,train,0.5635593220338984,1.0,0.7208672086720868,0.14868771742098283,266,472,226.35532333438687,fallback
urban_nlos,20.0,20.0,heavy_rain,landslide,3,train,train,train,0.5278969957081545,1.0,0.6910112359550562,0.1959102851667066,246,466,226.35532333438687,fallback
urban_nlos,20.0,20.0,heavy_rain,landslide,4,train,train,train,0.556745182012848,1.0,0.7152682255845942,0.18677104693037447,260,467,226.35532333438687,fallback
urban_nlos,20.0,20.0,heavy_rain,landslide,5,train,train,train,0.5479744136460555,1.0,0.7079889807162534,0.1788610535677035,257,469,226.35532333438687,fallback
urban_nlos,20.0,20.0,heavy_rain,landslide,6,train,train,train,0.5189873417721519,1.0,0.6833333333333332,0.1359806896988617,246,474,226.35532333438687,fallback
urban_nlos,20.0,20.0,heavy_rain,landslide,7,train,train,train,0.561822125813449,1.0,0.7194444444444444,0.2151279295150955,259,461,226.35532333438687,fallback
urban_nlos,20.0,20.0,heavy_rain,landslide,8,train,train,train,0.6215644820295984,1.0,0.7666232073011735,0.2286762700236703,294,473,226.35532333438687,fallback
urban_nlos,20.0,20.0,heavy_rain,landslide,9,train,train,train,0.5772532188841202,1.0,0.7319727891156462,0.21229194493907813,269,466,226.35532333438687,fallback
urban_nlos,20.0,20.0,heavy_rain,crash,0,train,train,train,0.5136363636363637,1.0,0.6786786786786787,0.2915294326721763,226,440,226.35532333438687,fallback
urban_nlos,20.0,20.0,heavy_rain,crash,1,train,train,train,0.539906103286385,1.0,0.701219512195122,0.34387976711482393,230,426,226.35532333438687,fallback
urban_nlos,20.0,20.0,heavy_rain,crash,2,train,train,train,0.5265486725663717,1.0,0.6898550724637682,0.24509399710613605,238,452,226.35532333438687,fallback
urban_nlos,20.0,20.0,heavy_rain,crash,3,train,train,train,0.49658314350797267,1.0,0.6636225266362253,0.2883591836640995,218,439,226.35532333438687,fallback
urban_nlos,20.0,20.0,heavy_rain,crash,4,train,train,train,0.5295454545454545,1.0,0.6924219910846954,0.31332031618784356,233,440,226.35532333438687,fallback
urban_nlos,20.0,20.0,heavy_rain,crash,5,train,train,train,0.48291571753986334,1.0,0.6513056835637481,0.2879604451743977,212,439,226.35532333438687,fallback
urban_nlos,20.0,20.0,heavy_rain,crash,6,train,train,train,0.48372093023255813,1.0,0.652037617554859,0.31379998839827283,208,430,226.35532333438687,fallback
urban_nlos,20.0,20.0,heavy_rain,crash,7,train,train,train,0.5475638051044084,1.0,0.7076461769115443,0.33519788072369666,236,431,226.35532333438687,fallback
urban_nlos,20.0,20.0,heavy_rain,crash,8,train,train,train,0.575,1.0,0.7301587301587301,0.35213134699960713,253,440,226.35532333438687,fallback
urban_nlos,20.0,20.0,heavy_rain,crash,9,train,train,train,0.5180995475113123,1.0,0.6825633383010433,0.3026352803641966,229,442,226.35532333438687,fallback
urban_nlos,20.0,20.0,heavy_rain,waterlogging,0,train,held_out,train,0.5432900432900433,1.0,0.7040673211781205,0.21799099877126582,251,462,226.35532333438687,fallback
urban_nlos,20.0,20.0,heavy_rain,waterlogging,1,train,held_out,train,0.5692640692640693,1.0,0.7255172413793104,0.20907708955831655,263,462,226.35532333438687,fallback
urban_nlos,20.0,20.0,heavy_rain,waterlogging,2,train,held_out,train,0.5635593220338984,1.0,0.7208672086720868,0.153520919981447,266,472,226.35532333438687,fallback
urban_nlos,20.0,20.0,heavy_rain,waterlogging,3,train,held_out,train,0.5278969957081545,1.0,0.6910112359550562,0.19591062913187668,246,466,226.35532333438687,fallback
urban_nlos,20.0,20.0,heavy_rain,waterlogging,4,train,held_out,train,0.556745182012848,1.0,0.7152682255845942,0.19053089825020636,260,467,226.35532333438687,fallback
urban_nlos,20.0,20.0,heavy_rain,waterlogging,5,train,held_out,train,0.5479744136460555,1.0,0.7079889807162534,0.18329586282804677,257,469,226.35532333438687,fallback
urban_nlos,20.0,20.0,heavy_rain,waterlogging,6,train,held_out,train,0.5189873417721519,1.0,0.6833333333333332,0.1362155347596226,246,474,226.35532333438687,fallback
urban_nlos,20.0,20.0,heavy_rain,waterlogging,7,train,held_out,train,0.561822125813449,1.0,0.7194444444444444,0.21522672643245422,259,461,226.35532333438687,fallback
urban_nlos,20.0,20.0,heavy_rain,waterlogging,8,train,held_out,train,0.6215644820295984,1.0,0.7666232073011735,0.2315947332852607,294,473,226.35532333438687,fallback
urban_nlos,20.0,20.0,heavy_rain,waterlogging,9,train,held_out,train,0.5772532188841202,1.0,0.7319727891156462,0.21749718829347292,269,466,226.35532333438687,fallback
urban_nlos,20.0,20.0,heavy_rain,black_ice,0,train,held_out,train,0.5432900432900433,1.0,0.7040673211781205,0.21583469579720818,251,462,226.35532333438687,fallback
urban_nlos,20.0,20.0,heavy_rain,black_ice,1,train,held_out,train,0.5692640692640693,1.0,0.7255172413793104,0.2104341021318959,263,462,226.35532333438687,fallback
urban_nlos,20.0,20.0,heavy_rain,black_ice,2,train,held_out,train,0.5635593220338984,1.0,0.7208672086720868,0.15109960074898526,266,472,226.35532333438687,fallback
urban_nlos,20.0,20.0,heavy_rain,black_ice,3,train,held_out,train,0.5278969957081545,1.0,0.6910112359550562,0.1958779100138835,246,466,226.35532333438687,fallback
urban_nlos,20.0,20.0,heavy_rain,black_ice,4,train,held_out,train,0.556745182012848,1.0,0.7152682255845942,0.18857831999313465,260,467,226.35532333438687,fallback
urban_nlos,20.0,20.0,heavy_rain,black_ice,5,train,held_out,train,0.5479744136460555,1.0,0.7079889807162534,0.18102277405501266,257,469,226.35532333438687,fallback
urban_nlos,20.0,20.0,heavy_rain,black_ice,6,train,held_out,train,0.5189873417721519,1.0,0.6833333333333332,0.13604577025870898,246,474,226.35532333438687,fallback
urban_nlos,20.0,20.0,heavy_rain,black_ice,7,train,held_out,train,0.561822125813449,1.0,0.7194444444444444,0.2151168649559428,259,461,226.35532333438687,fallback
urban_nlos,20.0,20.0,heavy_rain,black_ice,8,train,held_out,train,0.6215644820295984,1.0,0.7666232073011735,0.2301222941995285,294,473,226.35532333438687,fallback
urban_nlos,20.0,20.0,heavy_rain,black_ice,9,train,held_out,train,0.5772532188841202,1.0,0.7319727891156462,0.21482688258185445,269,466,226.35532333438687,fallback
urban_nlos,20.0,20.0,moderate_rain,fog_bank,0,train,train,held_out,0.5741525423728814,1.0,0.7294751009421265,0.1364859853800466,271,472,226.35532333438687,fallback
urban_nlos,20.0,20.0,moderate_rain,fog_bank,1,train,train,held_out,0.6,1.0,0.7499999999999999,0.1561309131098013,282,470,226.35532333438687,fallback
urban_nlos,20.0,20.0,moderate_rain,fog_bank,2,train,train,held_out,0.5726315789473684,1.0,0.7282463186077643,0.15903839127094174,272,475,226.35532333438687,fallback
urban_nlos,20.0,20.0,moderate_rain,fog_bank,3,train,train,held_out,0.5889830508474576,1.0,0.7413333333333333,0.21486521154495858,278,472,226.35532333438687,fallback
urban_nlos,20.0,20.0,moderate_rain,fog_bank,4,train,train,held_out,0.6038135593220338,1.0,0.7529722589167768,0.16231325122787435,285,472,226.35532333438687,fallback
urban_nlos,20.0,20.0,moderate_rain,fog_bank,5,train,train,held_out,0.5641025641025641,1.0,0.7213114754098361,0.20855580549394434,264,468,226.35532333438687,fallback
urban_nlos,20.0,20.0,moderate_rain,fog_bank,6,train,train,held_out,0.5684210526315789,1.0,0.7248322147651006,0.12948401179797725,270,475,226.35532333438687,fallback
urban_nlos,20.0,20.0,moderate_rain,fog_bank,7,train,train,held_out,0.5485232067510548,1.0,0.7084468664850135,0.13633612430631398,260,474,226.35532333438687,fallback
urban_nlos,20.0,20.0,moderate_rain,fog_bank,8,train,train,held_out,0.5306553911205074,1.0,0.6933701657458564,0.15563715722549334,251,473,226.35532333438687,fallback
urban_nlos,20.0,20.0,moderate_rain,fog_bank,9,train,train,held_out,0.5397849462365591,1.0,0.7011173184357542,0.1851235476793119,251,465,226.35532333438687,fallback
urban_nlos,20.0,20.0,moderate_rain,landslide,0,train,train,held_out,0.5741525423728814,1.0,0.7294751009421265,0.12390144075462943,271,472,226.35532333438687,fallback
urban_nlos,20.0,20.0,moderate_rain,landslide,1,train,train,held_out,0.6,1.0,0.7499999999999999,0.13634283278393391,282,470,226.35532333438687,fallback
urban_nlos,20.0,20.0,moderate_rain,landslide,2,train,train,held_out,0.5726315789473684,1.0,0.7282463186077643,0.15470937236875407,272,475,226.35532333438687,fallback
urban_nlos,20.0,20.0,moderate_rain,landslide,3,train,train,held_out,0.5889830508474576,1.0,0.7413333333333333,0.21539916014658977,278,472,226.35532333438687,fallback
urban_nlos,20.0,20.0,moderate_rain,landslide,4,train,train,held_out,0.6038135593220338,1.0,0.7529722589167768,0.1329974387328184,285,472,226.35532333438687,fallback
urban_nlos,20.0,20.0,moderate_rain,landslide,5,train,train,held_out,0.5641025641025641,1.0,0.7213114754098361,0.1936318343249338,264,468,226.35532333438687,fallback
urban_nlos,20.0,20.0,moderate_rain,landslide,6,train,train,held_out,0.5684210526315789,1.0,0.7248322147651006,0.12080720327453852,270,475,226.35532333438687,fallback
urban_nlos,20.0,20.0,moderate_rain,landslide,7,train,train,held_out,0.5485232067510548,1.0,0.7084468664850135,0.1195574241665578,260,474,226.35532333438687,fallback
urban_nlos,20.0,20.0,moderate_rain,landslide,8,train,train,held_out,0.5306553911205074,1.0,0.6933701657458564,0.13455294553888122,251,473,226.35532333438687,fallback
urban_nlos,20.0,20.0,moderate_rain,landslide,9,train,train,held_out,0.5419354838709678,1.0,0.7029288702928871,0.18312668165030313,252,465,226.35532333438687,fallback
urban_nlos,20.0,20.0,moderate_rain,crash,0,train,train,held_out,0.546875,1.0,0.7070707070707071,0.24759441484209413,245,448,226.35532333438687,fallback
urban_nlos,20.0,20.0,moderate_rain,crash,1,train,train,held_out,0.5503355704697986,1.0,0.70995670995671,0.27241464958845363,246,447,226.35532333438687,fallback
urban_nlos,20.0,20.0,moderate_rain,crash,2,train,train,held_out,0.5374449339207048,1.0,0.6991404011461317,0.26410118307106256,244,454,226.35532333438687,fallback
urban_nlos,20.0,20.0,moderate_rain,crash,3,train,train,held_out,0.5570469798657718,1.0,0.7155172413793103,0.3316691073410146,249,447,226.35532333438687,fallback
urban_nlos,20.0,20.0,moderate_rain,crash,4,train,train,held_out,0.5752212389380531,1.0,0.7303370786516854,0.2445085532498366,260,452,226.35532333438687,fallback
urban_nlos,20.0,20.0,moderate_rain,crash,5,train,train,held_out,0.5133928571428571,1.0,0.6784660766961651,0.2719415784873049,230,448,226.35532333438687,fallback
urban_nlos,20.0,20.0,moderate_rain,crash,6,train,train,held_out,0.5340659340659341,1.0,0.6962750716332379,0.24603594156422365,243,455,226.35532333438687,fallback
urban_nlos,20.0,20.0,moderate_rain,crash,7,train,train,held_out,0.504424778761062,1.0,0.6705882352941176,0.24649151019053436,228,452,226.35532333438687,fallback
urban_nlos,20.0,20.0,moderate_rain,crash,8,train,train,held_out,0.5112612612612613,1.0,0.676602086438152,0.28497994400158994,227,444,226.35532333438687,fallback
urban_nlos,20.0,20.0,moderate_rain,crash,9,train,train,held_out,0.517162471395881,1.0,0.6817496229260935,0.2826338051855655,226,437,226.35532333438687,fallback
urban_nlos,20.0,20.0,moderate_rain,waterlogging,0,train,held_out,held_out,0.5741525423728814,1.0,0.7294751009421265,0.12618781972918033,271,472,226.35532333438687,fallback
urban_nlos,20.0,20.0,moderate_rain,waterlogging,1,train,held_out,held_out,0.6,1.0,0.7499999999999999,0.1409694200507735,282,470,226.35532333438687,fallback
urban_nlos,20.0,20.0,moderate_rain,waterlogging,2,train,held_out,held_out,0.5726315789473684,1.0,0.7282463186077643,0.1541325049932819,272,475,226.35532333438687,fallback
urban_nlos,20.0,20.0,moderate_rain,waterlogging,3,train,held_out,held_out,0.5889830508474576,1.0,0.7413333333333333,0.21441962640743203,278,472,226.35532333438687,fallback
urban_nlos,20.0,20.0,moderate_rain,waterlogging,4,train,held_out,held_out,0.6038135593220338,1.0,0.7529722589167768,0.14030378331213658,285,472,226.35532333438687,fallback
urban_nlos,20.0,20.0,moderate_rain,waterlogging,5,train,held_out,held_out,0.5641025641025641,1.0,0.7213114754098361,0.19702342655649907,264,468,226.35532333438687,fallback
urban_nlos,20.0,20.0,moderate_rain,waterlogging,6,train,held_out,held_out,0.5684210526315789,1.0,0.7248322147651006,0.12186369336331163,270,475,226.35532333438687,fallback
urban_nlos,20.0,20.0,moderate_rain,waterlogging,7,train,held_out,held_out,0.5485232067510548,1.0,0.7084468664850135,0.12249437619151614,260,474,226.35532333438687,fallback
urban_nlos,20.0,20.0,moderate_rain,waterlogging,8,train,held_out,held_out,0.5306553911205074,1.0,0.6933701657458564,0.1394643508579631,251,473,226.35532333438687,fallback
urban_nlos,20.0,20.0,moderate_rain,waterlogging,9,train,held_out,held_out,0.5419354838709678,1.0,0.7029288702928871,0.18291353774068198,252,465,226.35532333438687,fallback
urban_nlos,20.0,20.0,moderate_rain,black_ice,0,train,held_out,held_out,0.5741525423728814,1.0,0.7294751009421265,0.12496719901153215,271,472,226.35532333438687,fallback
urban_nlos,20.0,20.0,moderate_rain,black_ice,1,train,held_out,held_out,0.6,1.0,0.7499999999999999,0.13857368179605847,282,470,226.35532333438687,fallback
urban_nlos,20.0,20.0,moderate_rain,black_ice,2,train,held_out,held_out,0.5726315789473684,1.0,0.7282463186077643,0.1542570960480103,272,475,226.35532333438687,fallback
urban_nlos,20.0,20.0,moderate_rain,black_ice,3,train,held_out,held_out,0.5889830508474576,1.0,0.7413333333333333,0.21488690576794484,278,472,226.35532333438687,fallback
urban_nlos,20.0,20.0,moderate_rain,black_ice,4,train,held_out,held_out,0.6038135593220338,1.0,0.7529722589167768,0.13657272172561824,285,472,226.35532333438687,fallback
urban_nlos,20.0,20.0,moderate_rain,black_ice,5,train,held_out,held_out,0.5641025641025641,1.0,0.7213114754098361,0.1952964030125459,264,468,226.35532333438687,fallback
urban_nlos,20.0,20.0,moderate_rain,black_ice,6,train,held_out,held_out,0.5684210526315789,1.0,0.7248322147651006,0.1212859908901581,270,475,226.35532333438687,fallback
urban_nlos,20.0,20.0,moderate_rain,black_ice,7,train,held_out,held_out,0.5485232067510548,1.0,0.7084468664850135,0.12085889893977546,260,474,226.35532333438687,fallback
urban_nlos,20.0,20.0,moderate_rain,black_ice,8,train,held_out,held_out,0.5306553911205074,1.0,0.6933701657458564,0.13696734924757914,251,473,226.35532333438687,fallback
urban_nlos,20.0,20.0,moderate_rain,black_ice,9,train,held_out,held_out,0.5419354838709678,1.0,0.7029288702928871,0.18297828913808467,252,465,226.35532333438687,fallback
urban_nlos,20.0,20.0,dense_fog,fog_bank,0,train,train,held_out,0.5150862068965517,1.0,0.6799431009957326,0.17863336559132278,239,464,226.35532333438687,fallback
urban_nlos,20.0,20.0,dense_fog,fog_bank,1,train,train,held_out,0.5943600867678959,1.0,0.745578231292517,0.2518217049707856,274,461,226.35532333438687,fallback
urban_nlos,20.0,20.0,dense_fog,fog_bank,2,train,train,held_out,0.5421166306695464,1.0,0.7030812324929971,0.23457235381146876,251,463,226.35532333438687,fallback
urban_nlos,20.0,20.0,dense_fog,fog_bank,3,train,train,held_out,0.5417558886509636,1.0,0.7027777777777777,0.18578445835724736,253,467,226.35532333438687,fallback
urban_nlos,20.0,20.0,dense_fog,fog_bank,4,train,train,held_out,0.5442764578833693,1.0,0.7048951048951049,0.2417025571833076,252,463,226.35532333438687,fallback
urban_nlos,20.0,20.0,dense_fog,fog_bank,5,train,train,held_out,0.5638297872340425,1.0,0.7210884353741497,0.22779245503613546,265,470,226.35532333438687,fallback
urban_nlos,20.0,20.0,dense_fog,fog_bank,6,train,train,held_out,0.5371549893842887,1.0,0.6988950276243093,0.14041672482134904,253,471,226.35532333438687,fallback
urban_nlos,20.0,20.0,dense_fog,fog_bank,7,train,train,held_out,0.5468085106382978,1.0,0.7070151306740027,0.23469165147935608,257,470,226.35532333438687,fallback
urban_nlos,20.0,20.0,dense_fog,fog_bank,8,train,train,held_out,0.5505376344086022,1.0,0.710124826629681,0.28736255208202766,256,465,226.35532333438687,fallback
urban_nlos,20.0,20.0,dense_fog,fog_bank,9,train,train,held_out,0.5427350427350427,1.0,0.703601108033241,0.18167472491404207,254,468,226.35532333438687,fallback
urban_nlos,20.0,20.0,dense_fog,landslide,0,train,train,held_out,0.5150862068965517,1.0,0.6799431009957326,0.16803928796944156,239,464,226.35532333438687,fallback
urban_nlos,20.0,20.0,dense_fog,landslide,1,train,train,held_out,0.5943600867678959,1.0,0.745578231292517,0.24802874366940725,274,461,226.35532333438687,fallback
urban_nlos,20.0,20.0,dense_fog,landslide,2,train,train,held_out,0.5464362850971922,1.0,0.7067039106145251,0.22920334495744193,253,463,226.35532333438687,fallback
urban_nlos,20.0,20.0,dense_fog,landslide,3,train,train,held_out,0.5417558886509636,1.0,0.7027777777777777,0.18671880740779437,253,467,226.35532333438687,fallback
urban_nlos,20.0,20.0,dense_fog,landslide,4,train,train,held_out,0.5442764578833693,1.0,0.7048951048951049,0.22045853778252966,252,463,226.35532333438687,fallback
urban_nlos,20.0,20.0,dense_fog,landslide,5,train,train,held_out,0.5638297872340425,1.0,0.7210884353741497,0.19944480916775656,265,470,226.35532333438687,fallback
urban_nlos,20.0,20.0,dense_fog,landslide,6,train,train,held_out,0.5371549893842887,1.0,0.6988950276243093,0.13366066125818696,253,471,226.35532333438687,fallback
urban_nlos,20.0,20.0,dense_fog,landslide,7,train,train,held_out,0.5468085106382978,1.0,0.7070151306740027,0.22679146344311044,257,470,226.35532333438687,fallback
urban_nlos,20.0,20.0,dense_fog,landslide,8,train,train,held_out,0.5526881720430108,1.0,0.7119113573407203,0.27396074527157166,257,465,226.35532333438687,fallback
urban_nlos,20.0,20.0,dense_fog,landslide,9,train,train,held_out,0.5427350427350427,1.0,0.703601108033241,0.16319710703263154,254,468,226.35532333438687,fallback
urban_nlos,20.0,20.0,dense_fog,crash,0,train,train,held_out,0.4918032786885246,1.0,0.6593406593406593,0.3032794591057192,210,427,226.35532333438687,fallback
urban_nlos,20.0,20.0,dense_fog,crash,1,train,train,held_out,0.5573394495412844,1.0,0.7157584683357879,0.3504140131120901,243,436,226.35532333438687,fallback
urban_nlos,20.0,20.0,dense_fog,crash,2,train,train,held_out,0.5206422018348624,1.0,0.6847662141779789,0.3448328510468441,227,436,226.35532333438687,fallback
urban_nlos,20.0,20.0,dense_fog,crash,3,train,train,held_out,0.5273972602739726,1.0,0.6905829596412556,0.3172625917564754,231,438,226.35532333438687,fallback
urban_nlos,20.0,20.0,dense_fog,crash,4,train,train,held_out,0.5161290322580645,1.0,0.6808510638297872,0.335057018692358,224,434,226.35532333438687,fallback
urban_nlos,20.0,20.0,dense_fog,crash,5,train,train,held_out,0.5529953917050692,1.0,0.712166172106825,0.3595971515073593,240,434,226.35532333438687,fallback
urban_nlos,20.0,20.0,dense_fog,crash,6,train,train,held_out,0.5023255813953489,1.0,0.6687306501547988,0.30941076925673083,216,430,226.35532333438687,fallback
urban_nlos,20.0,20.0,dense_fog,crash,7,train,train,held_out,0.5068493150684932,1.0,0.6727272727272727,0.3273548871746636,222,438,226.35532333438687,fallback
urban_nlos,20.0,20.0,dense_fog,crash,8,train,train,held_out,0.5257009345794392,1.0,0.6891271056661562,0.37656040963207066,225,428,226.35532333438687,fallback
urban_nlos,20.0,20.0,dense_fog,crash,9,train,train,held_out,0.5044642857142857,1.0,0.6706231454005935,0.263340951265406,226,448,226.35532333438687,fallback
urban_nlos,20.0,20.0,dense_fog,waterlogging,0,train,held_out,held_out,0.5150862068965517,1.0,0.6799431009957326,0.17023855748347533,239,464,226.35532333438687,fallback
urban_nlos,20.0,20.0,dense_fog,waterlogging,1,train,held_out,held_out,0.5943600867678959,1.0,0.745578231292517,0.248578758977628,274,461,226.35532333438687,fallback
urban_nlos,20.0,20.0,dense_fog,waterlogging,2,train,held_out,held_out,0.5442764578833693,1.0,0.7048951048951049,0.2298104077392985,252,463,226.35532333438687,fallback
urban_nlos,20.0,20.0,dense_fog,waterlogging,3,train,held_out,held_out,0.5417558886509636,1.0,0.7027777777777777,0.18528182467270596,253,467,226.35532333438687,fallback
urban_nlos,20.0,20.0,dense_fog,waterlogging,4,train,held_out,held_out,0.5442764578833693,1.0,0.7048951048951049,0.22552969632370748,252,463,226.35532333438687,fallback
urban_nlos,20.0,20.0,dense_fog,waterlogging,5,train,held_out,held_out,0.5638297872340425,1.0,0.7210884353741497,0.20628605908354183,265,470,226.35532333438687,fallback
urban_nlos,20.0,20.0,dense_fog,waterlogging,6,train,held_out,held_out,0.5371549893842887,1.0,0.6988950276243093,0.1336941234033178,253,471,226.35532333438687,fallback
urban_nlos,20.0,20.0,dense_fog,waterlogging,7,train,held_out,held_out,0.5468085106382978,1.0,0.7070151306740027,0.22828364823089511,257,470,226.35532333438687,fallback
urban_nlos,20.0,20.0,dense_fog,waterlogging,8,train,held_out,held_out,0.5526881720430108,1.0,0.7119113573407203,0.2772625744981057,257,465,226.35532333438687,fallback
urban_nlos,20.0,20.0,dense_fog,waterlogging,9,train,held_out,held_out,0.5427350427350427,1.0,0.703601108033241,0.16731364463143433,254,468,226.35532333438687,fallback
urban_nlos,20.0,20.0,dense_fog,black_ice,0,train,held_out,held_out,0.5150862068965517,1.0,0.6799431009957326,0.169131069784503,239,464,226.35532333438687,fallback
urban_nlos,20.0,20.0,dense_fog,black_ice,1,train,held_out,held_out,0.5943600867678959,1.0,0.745578231292517,0.24825518836378066,274,461,226.35532333438687,fallback
urban_nlos,20.0,20.0,dense_fog,black_ice,2,train,held_out,held_out,0.5442764578833693,1.0,0.7048951048951049,0.22946791404130729,252,463,226.35532333438687,fallback
urban_nlos,20.0,20.0,dense_fog,black_ice,3,train,held_out,held_out,0.5417558886509636,1.0,0.7027777777777777,0.18591009040499237,253,467,226.35532333438687,fallback
urban_nlos,20.0,20.0,dense_fog,black_ice,4,train,held_out,held_out,0.5442764578833693,1.0,0.7048951048951049,0.22289293920939438,252,463,226.35532333438687,fallback
urban_nlos,20.0,20.0,dense_fog,black_ice,5,train,held_out,held_out,0.5638297872340425,1.0,0.7210884353741497,0.20275981263663723,265,470,226.35532333438687,fallback
urban_nlos,20.0,20.0,dense_fog,black_ice,6,train,held_out,held_out,0.5371549893842887,1.0,0.6988950276243093,0.13358730297864688,253,471,226.35532333438687,fallback
urban_nlos,20.0,20.0,dense_fog,black_ice,7,train,held_out,held_out,0.5468085106382978,1.0,0.7070151306740027,0.22753935410219417,257,470,226.35532333438687,fallback
urban_nlos,20.0,20.0,dense_fog,black_ice,8,train,held_out,held_out,0.5526881720430108,1.0,0.7119113573407203,0.2755892039436566,257,465,226.35532333438687,fallback
urban_nlos,20.0,20.0,dense_fog,black_ice,9,train,held_out,held_out,0.5427350427350427,1.0,0.703601108033241,0.16516616057860276,254,468,226.35532333438687,fallback
urban_grid,20.0,20.0,clear,fog_bank,0,held_out,train,train,0.628125,1.0,0.7715930902111324,0.030064749753946452,201,320,226.35532333438687,fallback
urban_grid,20.0,20.0,clear,fog_bank,1,held_out,train,train,0.6551724137931034,1.0,0.7916666666666666,0.09910513365754117,209,319,226.35532333438687,fallback
urban_grid,20.0,20.0,clear,fog_bank,2,held_out,train,train,0.5854430379746836,1.0,0.7385229540918163,0.15261651172435242,185,316,226.35532333438687,fallback
urban_grid,20.0,20.0,clear,fog_bank,3,held_out,train,train,0.6394984326018809,1.0,0.780114722753346,0.12366659912875572,204,319,226.35532333438687,fallback
urban_grid,20.0,20.0,clear,fog_bank,4,held_out,train,train,0.5650793650793651,1.0,0.7221095334685599,0.1603230090198459,178,315,226.35532333438687,fallback
urban_grid,20.0,20.0,clear,fog_bank,5,held_out,train,train,0.6269592476489029,1.0,0.7707129094412332,0.07281405772376134,200,319,226.35532333438687,fallback
urban_grid,20.0,20.0,clear,fog_bank,6,held_out,train,train,0.584375,1.0,0.7376725838264299,0.03998600008494594,187,320,226.35532333438687,fallback
urban_grid,20.0,20.0,clear,fog_bank,7,held_out,train,train,0.65,1.0,0.787878787878788,0.07093532325834281,208,320,226.35532333438687,fallback
urban_grid,20.0,20.0,clear,fog_bank,8,held_out,train,train,0.5768025078369906,1.0,0.731610337972167,0.06611376736953804,184,319,226.35532333438687,fallback
urban_grid,20.0,20.0,clear,fog_bank,9,held_out,train,train,0.5893416927899686,1.0,0.7416173570019724,0.07810697024013676,188,319,226.35532333438687,fallback
urban_grid,20.0,20.0,clear,landslide,0,held_out,train,train,0.628125,1.0,0.7715930902111324,-0.0353234552061689,201,320,226.35532333438687,fallback
urban_grid,20.0,20.0,clear,landslide,1,held_out,train,train,0.6551724137931034,1.0,0.7916666666666666,0.08704899198688575,209,319,226.35532333438687,fallback
urban_grid,20.0,20.0,clear,landslide,2,held_out,train,train,0.5854430379746836,1.0,0.7385229540918163,0.12948483749011883,185,316,226.35532333438687,fallback
urban_grid,20.0,20.0,clear,landslide,3,held_out,train,train,0.6394984326018809,1.0,0.780114722753346,0.0757296281587842,204,319,226.35532333438687,fallback
urban_grid,20.0,20.0,clear,landslide,4,held_out,train,train,0.5650793650793651,1.0,0.7221095334685599,0.1406597311465477,178,315,226.35532333438687,fallback
urban_grid,20.0,20.0,clear,landslide,5,held_out,train,train,0.6269592476489029,1.0,0.7707129094412332,0.03460570136649157,200,319,226.35532333438687,fallback
urban_grid,20.0,20.0,clear,landslide,6,held_out,train,train,0.584375,1.0,0.7376725838264299,-0.0002508373172596538,187,320,226.35532333438687,fallback
urban_grid,20.0,20.0,clear,landslide,7,held_out,train,train,0.65,1.0,0.787878787878788,0.029439083933242197,208,320,226.35532333438687,fallback
urban_grid,20.0,20.0,clear,landslide,8,held_out,train,train,0.5768025078369906,1.0,0.731610337972167,0.04636670300511805,184,319,226.35532333438687,fallback
urban_grid,20.0,20.0,clear,landslide,9,held_out,train,train,0.5893416927899686,1.0,0.7416173570019724,0.0444158022280651,188,319,226.35532333438687,fallback
urban_grid,20.0,20.0,clear,crash,0,held_out,train,train,0.4983277591973244,1.0,0.6651785714285715,0.2619057883061917,149,299,226.35532333438687,fallback
urban_grid,20.0,20.0,clear,crash,1,held_out,train,train,0.5131578947368421,1.0,0.6782608695652175,0.21914503779560235,156,304,226.35532333438687,fallback
urban_grid,20.0,20.0,clear,crash,2,held_out,train,train,0.4847457627118644,1.0,0.6529680365296804,0.27061353967170676,143,295,226.35532333438687,fallback
urban_grid,20.0,20.0,clear,crash,3,held_out,train,train,0.5513698630136986,1.0,0.7108167770419427,0.34620902809592746,161,292,226.35532333438687,fallback
urban_grid,20.0,20.0,clear,crash,4,held_out,train,train,0.4305555555555556,1.0,0.6019417475728156,0.2876555981373305,124,288,226.35532333438687,fallback
urban_grid,20.0,20.0,clear,crash,5,held_out,train,train,0.47635135135135137,1.0,0.6453089244851259,0.248428757691391,141,296,226.35532333438687,fallback
urban_grid,20.0,20.0,clear,crash,6,held_out,train,train,0.4511784511784512,1.0,0.6218097447795824,0.25380404224177344,134,297,226.35532333438687,fallback
urban_grid,20.0,20.0,clear,crash,7,held_out,train,train,0.5121107266435986,1.0,0.6773455377574371,0.31175863673047155,148,289,226.35532333438687,fallback
urban_grid,20.0,20.0,clear,crash,8,held_out,train,train,0.4809688581314879,1.0,0.6495327102803738,0.28922990022930506,139,289,226.35532333438687,fallback
urban_grid,20.0,20.0,clear,crash,9,held_out,train,train,0.47297297297297297,1.0,0.6422018348623852,0.260433557110041,140,296,226.35532333438687,fallback
urban_grid,20.0,20.0,clear,waterlogging,0,held_out,held_out,train,0.628125,1.0,0.7715930902111324,-0.01939901614306076,201,320,226.35532333438687,fallback
urban_grid,20.0,20.0,clear,waterlogging,1,held_out,held_out,train,0.6551724137931034,1.0,0.7916666666666666,0.08855952947156855,209,319,226.35532333438687,fallback
urban_grid,20.0,20.0,clear,waterlogging,2,held_out,held_out,train,0.5854430379746836,1.0,0.7385229540918163,0.13468415296840494,185,316,226.35532333438687,fallback
urban_grid,20.0,20.0,clear,waterlogging,3,held_out,held_out,train,0.6394984326018809,1.0,0.780114722753346,0.08750964434014186,204,319,226.35532333438687,fallback
urban_grid,20.0,20.0,clear,waterlogging,4,held_out,held_out,train,0.5650793650793651,1.0,0.7221095334685599,0.14516506424830347,178,315,226.35532333438687,fallback
urban_grid,20.0,20.0,clear,waterlogging,5,held_out,held_out,train,0.6269592476489029,1.0,0.7707129094412332,0.04389467902038232,200,319,226.35532333438687,fallback
urban_grid,20.0,20.0,clear,waterlogging,6,held_out,held_out,train,0.584375,1.0,0.7376725838264299,0.00855945882677088,187,320,226.35532333438687,fallback
urban_grid,20.0,20.0,clear,waterlogging,7,held_out,held_out,train,0.65,1.0,0.787878787878788,0.039255984522171085,208,320,226.35532333438687,fallback
urban_grid,20.0,20.0,clear,waterlogging,8,held_out,held_out,train,0.5768025078369906,1.0,0.731610337972167,0.04984747917980786,184,319,226.35532333438687,fallback
urban_grid,20.0,20.0,clear,waterlogging,9,held_out,held_out,train,0.5893416927899686,1.0,0.7416173570019724,0.051697785648656465,188,319,226.35532333438687,fallback
urban_grid,20.0,20.0,clear,black_ice,0,held_out,held_out,train,0.628125,1.0,0.7715930902111324,-0.027610646093785083,201,320,226.35532333438687,fallback
urban_grid,20.0,20.0,clear,black_ice,1,held_out,held_out,train,0.6551724137931034,1.0,0.7916666666666666,0.08768150069806856,209,319,226.35532333438687,fallback
urban_grid,20.0,20.0,clear,black_ice,2,held_out,held_out,train,0.5854430379746836,1.0,0.7385229540918163,0.1320062917008055,185,316,226.35532333438687,fallback
urban_grid,20.0,20.0,clear,black_ice,3,held_out,held_out,train,0.6394984326018809,1.0,0.780114722753346,0.08169670767378835,204,319,226.35532333438687,fallback
urban_grid,20.0,20.0,clear,black_ice,4,held_out,held_out,train,0.5650793650793651,1.0,0.7221095334685599,0.1427707611139494,178,315,226.35532333438687,fallback
urban_grid,20.0,20.0,clear,black_ice,5,held_out,held_out,train,0.6269592476489029,1.0,0.7707129094412332,0.03914780005000891,200,319,226.35532333438687,fallback
urban_grid,20.0,20.0,clear,black_ice,6,held_out,held_out,train,0.584375,1.0,0.7376725838264299,0.004059647449820899,187,320,226.35532333438687,fallback
urban_grid,20.0,20.0,clear,black_ice,7,held_out,held_out,train,0.65,1.0,0.787878787878788,0.034165599173404546,208,320,226.35532333438687,fallback
urban_grid,20.0,20.0,clear,black_ice,8,held_out,held_out,train,0.5768025078369906,1.0,0.731610337972167,0.04791908876963474,184,319,226.35532333438687,fallback
urban_grid,20.0,20.0,clear,black_ice,9,held_out,held_out,train,0.5893416927899686,1.0,0.7416173570019724,0.0478983236037679,188,319,226.35532333438687,fallback
urban_grid,20.0,20.0,heavy_rain,fog_bank,0,held_out,train,train,0.6257861635220126,1.0,0.769825918762089,0.10360322911227385,199,318,226.35532333438687,fallback
urban_grid,20.0,20.0,heavy_rain,fog_bank,1,held_out,train,train,0.620253164556962,1.0,0.765625,0.1711672419339399,196,316,226.35532333438687,fallback
urban_grid,20.0,20.0,heavy_rain,fog_bank,2,held_out,train,train,0.6175548589341693,1.0,0.7635658914728682,0.11580679220529792,197,319,226.35532333438687,fallback
urban_grid,20.0,20.0,heavy_rain,fog_bank,3,held_out,train,train,0.6139240506329114,1.0,0.7607843137254902,0.12569933278213613,194,316,226.35532333438687,fallback
urban_grid,20.0,20.0,heavy_rain,fog_bank,4,held_out,train,train,0.6025236593059937,1.0,0.7519685039370079,0.16618762555044422,191,317,226.35532333438687,fallback
urban_grid,20.0,20.0,heavy_rain,fog_bank,5,held_out,train,train,0.6075949367088608,1.0,0.7559055118110236,0.13758236932039594,192,316,226.35532333438687,fallback
urban_grid,20.0,20.0,heavy_rain,fog_bank,6,held_out,train,train,0.5936507936507937,1.0,0.745019920318725,0.20321210910666979,187,315,226.35532333438687,fallback
urban_grid,20.0,20.0,heavy_rain,fog_bank,7,held_out,train,train,0.5799373040752351,1.0,0.7341269841269842,0.2086002653328984,185,319,226.35532333438687,fallback
urban_grid,20.0,20.0,heavy_rain,fog_bank,8,held_out,train,train,0.5443037974683544,1.0,0.7049180327868853,0.12369747524975426,172,316,226.35532333438687,fallback
urban_grid,20.0,20.0,heavy_rain,fog_bank,9,held_out,train,train,0.550314465408805,1.0,0.7099391480730223,0.10484046510944543,175,318,226.35532333438687,fallback
urban_grid,20.0,20.0,heavy_rain,landslide,0,held_out,train,train,0.6257861635220126,1.0,0.769825918762089,0.09178899375676806,199,318,226.35532333438687,fallback
urban_grid,20.0,20.0,heavy_rain,landslide,1,held_out,train,train,0.620253164556962,1.0,0.765625,0.162309220868233,196,316,226.35532333438687,fallback
urban_grid,20.0,20.0,heavy_rain,landslide,2,held_out,train,train,0.6206896551724138,1.0,0.7659574468085107,0.0878557530374309,198,319,226.35532333438687,fallback
urban_grid,20.0,20.0,heavy_rain,landslide,3,held_out,train,train,0.6139240506329114,1.0,0.7607843137254902,0.1260380076729813,194,316,226.35532333438687,fallback
urban_grid,20.0,20.0,heavy_rain,landslide,4,held_out,train,train,0.6025236593059937,1.0,0.7519685039370079,0.1481569307838329,191,317,226.35532333438687,fallback
urban_grid,20.0,20.0,heavy_rain,landslide,5,held_out,train,train,0.6075949367088608,1.0,0.7559055118110236,0.10960002695176255,192,316,226.35532333438687,fallback
urban_grid,20.0,20.0,heavy_rain,landslide,6,held_out,train,train,0.5968253968253968,1.0,0.7475149105367792,0.17752486768574327,188,315,226.35532333438687,fallback
urban_grid,20.0,20.0,heavy_rain,landslide,7,held_out,train,train,0.5799373040752351,1.0,0.7341269841269842,0.1742549085370961,185,319,226.35532333438687,fallback
urban_grid,20.0,20.0,heavy_rain,landslide,8,held_out,train,train,0.5443037974683544,1.0,0.7049180327868853,0.13020769493619988,172,316,226.35532333438687,fallback
urban_grid,20.0,20.0,heavy_rain,landslide,9,held_out,train,train,0.550314465408805,1.0,0.7099391480730223,0.08817419323131773,175,318,226.35532333438687,fallback
urban_grid,20.0,20.0,heavy_rain,crash,0,held_out,train,train,0.5102040816326531,1.0,0.6756756756756758,0.29476052969737526,150,294,226.35532333438687,fallback
urban_grid,20.0,20.0,heavy_rain,crash,1,held_out,train,train,0.5156794425087108,1.0,0.6804597701149425,0.343145522891421,148,287,226.35532333438687,fallback
urban_grid,20.0,20.0,heavy_rain,crash,2,held_out,train,train,0.49830508474576274,1.0,0.6651583710407241,0.30774361349000956,147,295,226.35532333438687,fallback
urban_grid,20.0,20.0,heavy_rain,crash,3,held_out,train,train,0.5244755244755245,1.0,0.6880733944954128,0.3308095232489804,150,286,226.35532333438687,fallback
urban_grid,20.0,20.0,heavy_rain,crash,4,held_out,train,train,0.5088967971530249,1.0,0.6745283018867925,0.35645750283870054,143,281,226.35532333438687,fallback
urban_grid,20.0,20.0,heavy_rain,crash,5,held_out,train,train,0.5226480836236934,1.0,0.6864988558352403,0.3277405040538447,150,287,226.35532333438687,fallback
urban_grid,20.0,20.0,heavy_rain,crash,6,held_out,train,train,0.501779359430605,1.0,0.6682464454976303,0.36093121123349686,141,281,226.35532333438687,fallback
urban_grid,20.0,20.0,heavy_rain,crash,7,held_out,train,train,0.48375451263537905,1.0,0.6520681265206812,0.38197330767021,134,277,226.35532333438687,fallback
urban_grid,20.0,20.0,heavy_rain,crash,8,held_out,train,train,0.49458483754512633,1.0,0.6618357487922706,0.35548881126459086,137,277,226.35532333438687,fallback
urban_grid,20.0,20.0,heavy_rain,crash,9,held_out,train,train,0.48788927335640137,1.0,0.6558139534883721,0.3309154115985789,141,289,226.35532333438687,fallback
urban_grid,20.0,20.0,heavy_rain,waterlogging,0,held_out,held_out,train,0.6257861635220126,1.0,0.769825918762089,0.0939202473712863,199,318,226.35532333438687,fallback
urban_grid,20.0,20.0,heavy_rain,waterlogging,1,held_out,held_out,train,0.620253164556962,1.0,0.765625,0.1634336785570666,196,316,226.35532333438687,fallback
urban_grid,20.0,20.0,heavy_rain,waterlogging,2,held_out,held_out,train,0.6206896551724138,1.0,0.7659574468085107,0.09479782400383242,198,319,226.35532333438687,fallback
urban_grid,20.0,20.0,heavy_rain,waterlogging,3,held_out,held_out,train,0.6139240506329114,1.0,0.7607843137254902,0.12429355342453659,194,316,226.35532333438687,fallback
urban_grid,20.0,20.0,heavy_rain,waterlogging,4,held_out,held_out,train,0.6025236593059937,1.0,0.7519685039370079,0.1517852504267582,191,317,226.35532333438687,fallback
urban_grid,20.0,20.0,heavy_rain,waterlogging,5,held_out,held_out,train,0.6075949367088608,1.0,0.7559055118110236,0.11562209563005772,192,316,226.35532333438687,fallback
urban_grid,20.0,20.0,heavy_rain,waterlogging,6,held_out,held_out,train,0.5968253968253968,1.0,0.7475149105367792,0.18356436028286852,188,315,226.35532333438687,fallback
urban_grid,20.0,20.0,heavy_rain,waterlogging,7,held_out,held_out,train,0.5799373040752351,1.0,0.7341269841269842,0.18256316547033533,185,319,226.35532333438687,fallback
urban_grid,20.0,20.0,heavy_rain,waterlogging,8,held_out,held_out,train,0.5443037974683544,1.0,0.7049180327868853,0.12727571644912156,172,316,226.35532333438687,fallback
urban_grid,20.0,20.0,heavy_rain,waterlogging,9,held_out,held_out,train,0.550314465408805,1.0,0.7099391480730223,0.09129454684395681,175,318,226.35532333438687,fallback
urban_grid,20.0,20.0,heavy_rain,black_ice,0,held_out,held_out,train,0.6257861635220126,1.0,0.769825918762089,0.09275236791406355,199,318,226.35532333438687,fallback
urban_grid,20.0,20.0,heavy_rain,black_ice,1,held_out,held_out,train,0.620253164556962,1.0,0.765625,0.16279340721062555,196,316,226.35532333438687,fallback
urban_grid,20.0,20.0,heavy_rain,black_ice,2,held_out,held_out,train,0.6206896551724138,1.0,0.7659574468085107,0.09126802837049765,198,319,226.35532333438687,fallback
urban_grid,20.0,20.0,heavy_rain,black_ice,3,held_out,held_out,train,0.6139240506329114,1.0,0.7607843137254902,0.12510140222649624,194,316,226.35532333438687,fallback
urban_grid,20.0,20.0,heavy_rain,black_ice,4,held_out,held_out,train,0.6025236593059937,1.0,0.7519685039370079,0.1498788859006483,191,317,226.35532333438687,fallback
urban_grid,20.0,20.0,heavy_rain,black_ice,5,held_out,held_out,train,0.6075949367088608,1.0,0.7559055118110236,0.11249596209872978,192,316,226.35532333438687,fallback
urban_grid,20.0,20.0,heavy_rain,black_ice,6,held_out,held_out,train,0.5968253968253968,1.0,0.7475149105367792,0.18048783530518253,188,315,226.35532333438687,fallback
urban_grid,20.0,20.0,heavy_rain,black_ice,7,held_out,held_out,train,0.5799373040752351,1.0,0.7341269841269842,0.17833290654577186,185,319,226.35532333438687,fallback
urban_grid,20.0,20.0,heavy_rain,black_ice,8,held_out,held_out,train,0.5443037974683544,1.0,0.7049180327868853,0.12859787940420944,172,316,226.35532333438687,fallback
urban_grid,20.0,20.0,heavy_rain,black_ice,9,held_out,held_out,train,0.550314465408805,1.0,0.7099391480730223,0.08956077989860184,175,318,226.35532333438687,fallback
urban_grid,20.0,20.0,moderate_rain,fog_bank,0,held_out,train,held_out,0.6230031948881789,1.0,0.7677165354330708,0.1874967596972716,195,313,226.35532333438687,fallback
urban_grid,20.0,20.0,moderate_rain,fog_bank,1,held_out,train,held_out,0.6551724137931034,1.0,0.7916666666666666,0.13561678895660056,209,319,226.35532333438687,fallback
urban_grid,20.0,20.0,moderate_rain,fog_bank,2,held_out,train,held_out,0.6238244514106583,1.0,0.7683397683397684,0.14873835099357913,199,319,226.35532333438687,fallback
urban_grid,20.0,20.0,moderate_rain,fog_bank,3,held_out,train,held_out,0.6234177215189873,1.0,0.7680311890838206,0.18951878091389743,197,316,226.35532333438687,fallback
urban_grid,20.0,20.0,moderate_rain,fog_bank,4,held_out,train,held_out,0.5817610062893082,1.0,0.73558648111332,0.1250221835962338,185,318,226.35532333438687,fallback
urban_grid,20.0,20.0,moderate_rain,fog_bank,5,held_out,train,held_out,0.59375,1.0,0.7450980392156863,0.07041274170613258,190,320,226.35532333438687,fallback
urban_grid,20.0,20.0,moderate_rain,fog_bank,6,held_out,train,held_out,0.6163522012578616,1.0,0.7626459143968872,0.14191866100180153,196,318,226.35532333438687,fallback
urban_grid,20.0,20.0,moderate_rain,fog_bank,7,held_out,train,held_out,0.59375,1.0,0.7450980392156863,0.09252558323773534,190,320,226.35532333438687,fallback
urban_grid,20.0,20.0,moderate_rain,fog_bank,8,held_out,train,held_out,0.6056782334384858,1.0,0.7544204322200393,0.11741164257614929,192,317,226.35532333438687,fallback
urban_grid,20.0,20.0,moderate_rain,fog_bank,9,held_out,train,held_out,0.59375,1.0,0.7450980392156863,0.1428017446902196,190,320,226.35532333438687,fallback
urban_grid,20.0,20.0,moderate_rain,landslide,0,held_out,train,held_out,0.6230031948881789,1.0,0.7677165354330708,0.15790346473512168,195,313,226.35532333438687,fallback
urban_grid,20.0,20.0,moderate_rain,landslide,1,held_out,train,held_out,0.6551724137931034,1.0,0.7916666666666666,0.10941489676012116,209,319,226.35532333438687,fallback
urban_grid,20.0,20.0,moderate_rain,landslide,2,held_out,train,held_out,0.6238244514106583,1.0,0.7683397683397684,0.11344762070984898,199,319,226.35532333438687,fallback
urban_grid,20.0,20.0,moderate_rain,landslide,3,held_out,train,held_out,0.6234177215189873,1.0,0.7680311890838206,0.14172008245871623,197,316,226.35532333438687,fallback
urban_grid,20.0,20.0,moderate_rain,landslide,4,held_out,train,held_out,0.5817610062893082,1.0,0.73558648111332,0.10495922770787365,185,318,226.35532333438687,fallback
urban_grid,20.0,20.0,moderate_rain,landslide,5,held_out,train,held_out,0.59375,1.0,0.7450980392156863,0.030435575229914004,190,320,226.35532333438687,fallback
urban_grid,20.0,20.0,moderate_rain,landslide,6,held_out,train,held_out,0.6163522012578616,1.0,0.7626459143968872,0.09088849518685761,196,318,226.35532333438687,fallback
urban_grid,20.0,20.0,moderate_rain,landslide,7,held_out,train,held_out,0.59375,1.0,0.7450980392156863,0.005285161891938967,190,320,226.35532333438687,fallback
urban_grid,20.0,20.0,moderate_rain,landslide,8,held_out,train,held_out,0.6056782334384858,1.0,0.7544204322200393,0.11333357433705325,192,317,226.35532333438687,fallback
urban_grid,20.0,20.0,moderate_rain,landslide,9,held_out,train,held_out,0.59375,1.0,0.7450980392156863,0.044497115954191986,190,320,226.35532333438687,fallback
urban_grid,20.0,20.0,moderate_rain,crash,0,held_out,train,held_out,0.5084745762711864,1.0,0.6741573033707865,0.297300329072707,150,295,226.35532333438687,fallback
urban_grid,20.0,20.0,moderate_rain,crash,1,held_out,train,held_out,0.5412541254125413,1.0,0.7023554603854391,0.2766005269881087,164,303,226.35532333438687,fallback
urban_grid,20.0,20.0,moderate_rain,crash,2,held_out,train,held_out,0.5085324232081911,1.0,0.6742081447963801,0.309902581596435,149,293,226.35532333438687,fallback
urban_grid,20.0,20.0,moderate_rain,crash,3,held_out,train,held_out,0.5326460481099656,1.0,0.695067264573991,0.3321736626701927,155,291,226.35532333438687,fallback
urban_grid,20.0,20.0,moderate_rain,crash,4,held_out,train,held_out,0.5017301038062284,1.0,0.6682027649769586,0.33233617031873397,145,289,226.35532333438687,fallback
urban_grid,20.0,20.0,moderate_rain,crash,5,held_out,train,held_out,0.5189003436426117,1.0,0.6832579185520363,0.29328525653020093,151,291,226.35532333438687,fallback
urban_grid,20.0,20.0,moderate_rain,crash,6,held_out,train,held_out,0.4402730375426621,1.0,0.6113744075829384,0.2638541314099902,129,293,226.35532333438687,fallback
urban_grid,20.0,20.0,moderate_rain,crash,7,held_out,train,held_out,0.4539249146757679,1.0,0.6244131455399061,0.28053906339832574,133,293,226.35532333438687,fallback
urban_grid,20.0,20.0,moderate_rain,crash,8,held_out,train,held_out,0.5,1.0,0.6666666666666666,0.31621055478549714,143,286,226.35532333438687,fallback
urban_grid,20.0,20.0,moderate_rain,crash,9,held_out,train,held_out,0.5154639175257731,1.0,0.6802721088435374,0.330635203930287,150,291,226.35532333438687,fallback
urban_grid,20.0,20.0,moderate_rain,waterlogging,0,held_out,held_out,held_out,0.6230031948881789,1.0,0.7677165354330708,0.16546513128160245,195,313,226.35532333438687,fallback
urban_grid,20.0,20.0,moderate_rain,waterlogging,1,held_out,held_out,held_out,0.6551724137931034,1.0,0.7916666666666666,0.11535871692565661,209,319,226.35532333438687,fallback
urban_grid,20.0,20.0,moderate_rain,waterlogging,2,held_out,held_out,held_out,0.6238244514106583,1.0,0.7683397683397684,0.1224443509223899,199,319,226.35532333438687,fallback
urban_grid,20.0,20.0,moderate_rain,waterlogging,3,held_out,held_out,held_out,0.6234177215189873,1.0,0.7680311890838206,0.1537787466101154,197,316,226.35532333438687,fallback
urban_grid,20.0,20.0,moderate_rain,waterlogging,4,held_out,held_out,held_out,0.5817610062893082,1.0,0.73558648111332,0.10999914966944965,185,318,226.35532333438687,fallback
urban_grid,20.0,20.0,moderate_rain,waterlogging,5,held_out,held_out,held_out,0.59375,1.0,0.7450980392156863,0.039833474904658724,190,320,226.35532333438687,fallback
urban_grid,20.0,20.0,moderate_rain,waterlogging,6,held_out,held_out,held_out,0.6163522012578616,1.0,0.7626459143968872,0.10404709128960567,196,318,226.35532333438687,fallback
urban_grid,20.0,20.0,moderate_rain,waterlogging,7,held_out,held_out,held_out,0.59375,1.0,0.7450980392156863,0.030645896972000194,190,320,226.35532333438687,fallback
urban_grid,20.0,20.0,moderate_rain,waterlogging,8,held_out,held_out,held_out,0.6056782334384858,1.0,0.7544204322200393,0.1132177593536371,192,317,226.35532333438687,fallback
urban_grid,20.0,20.0,moderate_rain,waterlogging,9,held_out,held_out,held_out,0.59375,1.0,0.7450980392156863,0.07222213468323788,190,320,226.35532333438687,fallback
urban_grid,20.0,20.0,moderate_rain,black_ice,0,held_out,held_out,held_out,0.6230031948881789,1.0,0.7677165354330708,0.16167494693769455,195,313,226.35532333438687,fallback
urban_grid,20.0,20.0,moderate_rain,black_ice,1,held_out,held_out,held_out,0.6551724137931034,1.0,0.7916666666666666,0.11234302555644282,209,319,226.35532333438687,fallback
urban_grid,20.0,20.0,moderate_rain,black_ice,2,held_out,held_out,held_out,0.6238244514106583,1.0,0.7683397683397684,0.11790675327586987,199,319,226.35532333438687,fallback
urban_grid,20.0,20.0,moderate_rain,black_ice,3,held_out,held_out,held_out,0.6234177215189873,1.0,0.7680311890838206,0.14767637936212538,197,316,226.35532333438687,fallback
urban_grid,20.0,20.0,moderate_rain,black_ice,4,held_out,held_out,held_out,0.5817610062893082,1.0,0.73558648111332,0.10749824602504933,185,318,226.35532333438687,fallback
urban_grid,20.0,20.0,moderate_rain,black_ice,5,held_out,held_out,held_out,0.59375,1.0,0.7450980392156863,0.03499793558670461,190,320,226.35532333438687,fallback
urban_grid,20.0,20.0,moderate_rain,black_ice,6,held_out,held_out,held_out,0.6163522012578616,1.0,0.7626459143968872,0.09740030034245875,196,318,226.35532333438687,fallback
urban_grid,20.0,20.0,moderate_rain,black_ice,7,held_out,held_out,held_out,0.59375,1.0,0.7450980392156863,0.01798197200797945,190,320,226.35532333438687,fallback
urban_grid,20.0,20.0,moderate_rain,black_ice,8,held_out,held_out,held_out,0.6056782334384858,1.0,0.7544204322200393,0.11313418139111538,192,317,226.35532333438687,fallback
urban_grid,20.0,20.0,moderate_rain,black_ice,9,held_out,held_out,held_out,0.59375,1.0,0.7450980392156863,0.05839869490455094,190,320,226.35532333438687,fallback
urban_grid,20.0,20.0,dense_fog,fog_bank,0,held_out,train,held_out,0.5955414012738853,1.0,0.7465069860279441,0.17688117147680038,187,314,226.35532333438687,fallback
urban_grid,20.0,20.0,dense_fog,fog_bank,1,held_out,train,held_out,0.6069182389937107,1.0,0.7553816046966731,0.1514732856237652,193,318,226.35532333438687,fallback
urban_grid,20.0,20.0,dense_fog,fog_bank,2,held_out,train,held_out,0.6194968553459119,1.0,0.7650485436893204,0.15345884935405132,197,318,226.35532333438687,fallback
urban_grid,20.0,20.0,dense_fog,fog_bank,3,held_out,train,held_out,0.5936507936507937,1.0,0.745019920318725,0.17910508600243294,187,315,226.35532333438687,fallback
urban_grid,20.0,20.0,dense_fog,fog_bank,4,held_out,train,held_out,0.6314102564102564,1.0,0.7740667976424361,0.2494425217725095,197,312,226.35532333438687,fallback
urban_grid,20.0,20.0,dense_fog,fog_bank,5,held_out,train,held_out,0.5955414012738853,1.0,0.7465069860279441,0.19250698586661194,187,314,226.35532333438687,fallback
urban_grid,20.0,20.0,dense_fog,fog_bank,6,held_out,train,held_out,0.6309148264984227,1.0,0.7736943907156673,0.20258136622693632,200,317,226.35532333438687,fallback
urban_grid,20.0,20.0,dense_fog,fog_bank,7,held_out,train,held_out,0.583596214511041,1.0,0.7370517928286854,0.23569087464476776,185,317,226.35532333438687,fallback
urban_grid,20.0,20.0,dense_fog,fog_bank,8,held_out,train,held_out,0.6246056782334385,1.0,0.7689320388349514,0.16466470447398454,198,317,226.35532333438687,fallback
urban_grid,20.0,20.0,dense_fog,fog_bank,9,held_out,train,held_out,0.6455696202531646,1.0,0.7846153846153847,0.17160627032091602,204,316,226.35532333438687,fallback
urban_grid,20.0,20.0,dense_fog,landslide,0,held_out,train,held_out,0.5955414012738853,1.0,0.7465069860279441,0.1567704766317115,187,314,226.35532333438687,fallback
urban_grid,20.0,20.0,dense_fog,landslide,1,held_out,train,held_out,0.6069182389937107,1.0,0.7553816046966731,0.12123943051586147,193,318,226.35532333438687,fallback
urban_grid,20.0,20.0,dense_fog,landslide,2,held_out,train,held_out,0.6194968553459119,1.0,0.7650485436893204,0.11709619706511824,197,318,226.35532333438687,fallback
urban_grid,20.0,20.0,dense_fog,landslide,3,held_out,train,held_out,0.5936507936507937,1.0,0.745019920318725,0.16034720144174192,187,315,226.35532333438687,fallback
urban_grid,20.0,20.0,dense_fog,landslide,4,held_out,train,held_out,0.6314102564102564,1.0,0.7740667976424361,0.22545620631404575,197,312,226.35532333438687,fallback
urban_grid,20.0,20.0,dense_fog,landslide,5,held_out,train,held_out,0.5955414012738853,1.0,0.7465069860279441,0.17943852222639356,187,314,226.35532333438687,fallback
urban_grid,20.0,20.0,dense_fog,landslide,6,held_out,train,held_out,0.6309148264984227,1.0,0.7736943907156673,0.1761781677533208,200,317,226.35532333438687,fallback
urban_grid,20.0,20.0,dense_fog,landslide,7,held_out,train,held_out,0.583596214511041,1.0,0.7370517928286854,0.18284364411844853,185,317,226.35532333438687,fallback
urban_grid,20.0,20.0,dense_fog,landslide,8,held_out,train,held_out,0.6246056782334385,1.0,0.7689320388349514,0.17368017748546885,198,317,226.35532333438687,fallback
urban_grid,20.0,20.0,dense_fog,landslide,9,held_out,train,held_out,0.6455696202531646,1.0,0.7846153846153847,0.1611122734053891,204,316,226.35532333438687,fallback
urban_grid,20.0,20.0,dense_fog,crash,0,held_out,train,held_out,0.5070921985815603,1.0,0.6729411764705883,0.34651866551469823,143,282,226.35532333438687,fallback
urban_grid,20.0,20.0,dense_fog,crash,1,held_out,train,held_out,0.4845360824742268,1.0,0.6527777777777778,0.32383739865543215,141,291,226.35532333438687,fallback
urban_grid,20.0,20.0,dense_fog,crash,2,held_out,train,held_out,0.5156794425087108,1.0,0.6804597701149425,0.3654782293030413,148,287,226.35532333438687,fallback
urban_grid,20.0,20.0,dense_fog,crash,3,held_out,train,held_out,0.5231316725978647,1.0,0.6869158878504673,0.3485733794879543,147,281,226.35532333438687,fallback
urban_grid,20.0,20.0,dense_fog,crash,4,held_out,train,held_out,0.5480427046263345,1.0,0.7080459770114943,0.3875928776575786,154,281,226.35532333438687,fallback
urban_grid,20.0,20.0,dense_fog,crash,5,held_out,train,held_out,0.5335689045936396,1.0,0.695852534562212,0.37449135062154215,151,283,226.35532333438687,fallback
urban_grid,20.0,20.0,dense_fog,crash,6,held_out,train,held_out,0.5291970802919708,1.0,0.6921241050119331,0.3977386698025105,145,274,226.35532333438687,fallback
urban_grid,20.0,20.0,dense_fog,crash,7,held_out,train,held_out,0.4963768115942029,1.0,0.6634382566585957,0.40022617161030966,137,276,226.35532333438687,fallback
urban_grid,20.0,20.0,dense_fog,crash,8,held_out,train,held_out,0.5265017667844523,1.0,0.6898148148148148,0.36019587479053666,149,283,226.35532333438687,fallback
urban_grid,20.0,20.0,dense_fog,crash,9,held_out,train,held_out,0.5204081632653061,1.0,0.6845637583892618,0.3067913534679795,153,294,226.35532333438687,fallback
urban_grid,20.0,20.0,dense_fog,waterlogging,0,held_out,held_out,held_out,0.5955414012738853,1.0,0.7465069860279441,0.1611689774583314,187,314,226.35532333438687,fallback
urban_grid,20.0,20.0,dense_fog,waterlogging,1,held_out,held_out,held_out,0.6069182389937107,1.0,0.7553816046966731,0.12909673268799027,193,318,226.35532333438687,fallback
urban_grid,20.0,20.0,dense_fog,waterlogging,2,held_out,held_out,held_out,0.6194968553459119,1.0,0.7650485436893204,0.12544939893055548,197,318,226.35532333438687,fallback
urban_grid,20.0,20.0,dense_fog,waterlogging,3,held_out,held_out,held_out,0.5936507936507937,1.0,0.745019920318725,0.16458060550485995,187,315,226.35532333438687,fallback
urban_grid,20.0,20.0,dense_fog,waterlogging,4,held_out,held_out,held_out,0.6314102564102564,1.0,0.7740667976424361,0.23139245202497008,197,312,226.35532333438687,fallback
urban_grid,20.0,20.0,dense_fog,waterlogging,5,held_out,held_out,held_out,0.5955414012738853,1.0,0.7465069860279441,0.18151497234814792,187,314,226.35532333438687,fallback
urban_grid,20.0,20.0,dense_fog,waterlogging,6,held_out,held_out,held_out,0.6309148264984227,1.0,0.7736943907156673,0.1823769099769186,200,317,226.35532333438687,fallback
urban_grid,20.0,20.0,dense_fog,waterlogging,7,held_out,held_out,held_out,0.583596214511041,1.0,0.7370517928286854,0.19677489871451123,185,317,226.35532333438687,fallback
urban_grid,20.0,20.0,dense_fog,waterlogging,8,held_out,held_out,held_out,0.6246056782334385,1.0,0.7689320388349514,0.1703194006735733,198,317,226.35532333438687,fallback
urban_grid,20.0,20.0,dense_fog,waterlogging,9,held_out,held_out,held_out,0.6455696202531646,1.0,0.7846153846153847,0.1630369941514437,204,316,226.35532333438687,fallback
urban_grid,20.0,20.0,dense_fog,black_ice,0,held_out,held_out,held_out,0.5955414012738853,1.0,0.7465069860279441,0.15886932587547953,187,314,226.35532333438687,fallback
urban_grid,20.0,20.0,dense_fog,black_ice,1,held_out,held_out,held_out,0.6069182389937107,1.0,0.7553816046966731,0.12521000859253134,193,318,226.35532333438687,fallback
urban_grid,20.0,20.0,dense_fog,black_ice,2,held_out,held_out,held_out,0.6194968553459119,1.0,0.7650485436893204,0.121198508576004,197,318,226.35532333438687,fallback
urban_grid,20.0,20.0,dense_fog,black_ice,3,held_out,held_out,held_out,0.5936507936507937,1.0,0.745019920318725,0.16240141177871853,187,315,226.35532333438687,fallback
urban_grid,20.0,20.0,dense_fog,black_ice,4,held_out,held_out,held_out,0.6314102564102564,1.0,0.7740667976424361,0.22837265271191354,197,312,226.35532333438687,fallback
urban_grid,20.0,20.0,dense_fog,black_ice,5,held_out,held_out,held_out,0.5955414012738853,1.0,0.7465069860279441,0.18039671378464575,187,314,226.35532333438687,fallback
urban_grid,20.0,20.0,dense_fog,black_ice,6,held_out,held_out,held_out,0.6309148264984227,1.0,0.7736943907156673,0.17919154077629365,200,317,226.35532333438687,fallback
urban_grid,20.0,20.0,dense_fog,black_ice,7,held_out,held_out,held_out,0.583596214511041,1.0,0.7370517928286854,0.18972887435227717,185,317,226.35532333438687,fallback
urban_grid,20.0,20.0,dense_fog,black_ice,8,held_out,held_out,held_out,0.6246056782334385,1.0,0.7689320388349514,0.1718955187692816,198,317,226.35532333438687,fallback
urban_grid,20.0,20.0,dense_fog,black_ice,9,held_out,held_out,held_out,0.6455696202531646,1.0,0.7846153846153847,0.16206853212155845,204,316,226.35532333438687,fallback
rural_highway,40.0,40.0,clear,fog_bank,0,train,train,train,0.7988505747126436,1.0,0.8881789137380192,0.8100042161584885,278,348,226.35532333438687,fallback
rural_highway,40.0,40.0,clear,fog_bank,1,train,train,train,0.8151041666666666,1.0,0.8981348637015782,0.7997611180320332,313,384,226.35532333438687,fallback
rural_highway,40.0,40.0,clear,fog_bank,2,train,train,train,0.8293963254593176,1.0,0.9067431850789096,0.7949431513388676,316,381,226.35532333438687,fallback
rural_highway,40.0,40.0,clear,fog_bank,3,train,train,train,0.7579787234042553,1.0,0.8623298033282906,0.7931493610432598,285,376,226.35532333438687,fallback
rural_highway,40.0,40.0,clear,fog_bank,4,train,train,train,0.8005780346820809,1.0,0.8892455858747993,0.8192297897486662,277,346,226.35532333438687,fallback
rural_highway,40.0,40.0,clear,fog_bank,5,train,train,train,0.8202531645569621,1.0,0.9012517385257303,0.7890839658391229,324,395,226.35532333438687,fallback
rural_highway,40.0,40.0,clear,fog_bank,6,train,train,train,0.8224543080939948,1.0,0.9025787965616046,0.7763623076940335,315,383,226.35532333438687,fallback
rural_highway,40.0,40.0,clear,fog_bank,7,train,train,train,0.8276762402088773,1.0,0.9057142857142857,0.7782612465128089,317,383,226.35532333438687,fallback
rural_highway,40.0,40.0,clear,fog_bank,8,train,train,train,0.8252148997134671,1.0,0.9042386185243327,0.8121227680720972,288,349,226.35532333438687,fallback
rural_highway,40.0,40.0,clear,fog_bank,9,train,train,train,0.8310991957104558,1.0,0.9077598828696924,0.7816665811889334,310,373,226.35532333438687,fallback
rural_highway,40.0,40.0,clear,landslide,0,train,train,train,0.8033707865168539,1.0,0.8909657320872273,0.8244705642338214,286,356,226.35532333438687,fallback
rural_highway,40.0,40.0,clear,landslide,1,train,train,train,0.8255208333333334,1.0,0.9044222539229672,0.8136017687256129,317,384,226.35532333438687,fallback
rural_highway,40.0,40.0,clear,landslide,2,train,train,train,0.8285714285714286,1.0,0.90625,0.8075500091847989,319,385,226.35532333438687,fallback
rural_highway,40.0,40.0,clear,landslide,3,train,train,train,0.7668393782383419,1.0,0.8680351906158357,0.8077962981845522,296,386,226.35532333438687,fallback
rural_highway,40.0,40.0,clear,landslide,4,train,train,train,0.8084507042253521,1.0,0.8940809968847352,0.8327344702233012,287,355,226.35532333438687,fallback
rural_highway,40.0,40.0,clear,landslide,5,train,train,train,0.8370927318295739,1.0,0.9113233287858117,0.8037372148940648,334,399,226.35532333438687,fallback
rural_highway,40.0,40.0,clear,landslide,6,train,train,train,0.826530612244898,1.0,0.9050279329608939,0.7930709102911764,324,392,226.35532333438687,fallback
rural_highway,40.0,40.0,clear,landslide,7,train,train,train,0.8247422680412371,1.0,0.903954802259887,0.7926046996556542,320,388,226.35532333438687,fallback
rural_highway,40.0,40.0,clear,landslide,8,train,train,train,0.8296089385474861,1.0,0.9068702290076336,0.8272462513247555,297,358,226.35532333438687,fallback
rural_highway,40.0,40.0,clear,landslide,9,train,train,train,0.8310991957104558,1.0,0.9077598828696924,0.7949954357684629,310,373,226.35532333438687,fallback
rural_highway,40.0,40.0,clear,crash,0,train,train,train,0.8218390804597702,0.5355805243445693,0.6485260770975056,0.5662027285703094,267,174,226.35532333438687,fallback
rural_highway,40.0,40.0,clear,crash,1,train,train,train,0.8186813186813187,0.5050847457627119,0.6247379454926625,0.5920759580316455,295,182,226.35532333438687,fallback
rural_highway,40.0,40.0,clear,crash,2,train,train,train,0.8543689320388349,0.6048109965635738,0.7082494969818913,0.617140648443664,291,206,226.35532333438687,fallback
rural_highway,40.0,40.0,clear,crash,3,train,train,train,0.8222222222222222,0.550185873605948,0.6592427616926503,0.6178732270958783,269,180,226.35532333438687,fallback
rural_highway,40.0,40.0,clear,crash,4,train,train,train,0.8166666666666667,0.5787401574803149,0.6774193548387096,0.5813706806328902,254,180,226.35532333438687,fallback
rural_highway,40.0,40.0,clear,crash,5,train,train,train,0.8076923076923077,0.47266881028938906,0.5963488843813388,0.5618127753847192,311,182,226.35532333438687,fallback
rural_highway,40.0,40.0,clear,crash,6,train,train,train,0.8105263157894737,0.506578947368421,0.6234817813765182,0.5608148976802659,304,190,226.35532333438687,fallback
rural_highway,40.0,40.0,clear,crash,7,train,train,train,0.8323699421965318,0.4864864864864865,0.6140724946695097,0.6008258809278426,296,173,226.35532333438687,fallback
rural_highway,40.0,40.0,clear,crash,8,train,train,train,0.8351648351648352,0.5588235294117647,0.669603524229075,0.5947436297933201,272,182,226.35532333438687,fallback
rural_highway,40.0,40.0,clear,crash,9,train,train,train,0.8159509202453987,0.4618055555555556,0.5898004434589801,0.5583174797704131,288,163,226.35532333438687,fallback
rural_highway,40.0,40.0,clear,waterlogging,0,train,held_out,train,0.7971830985915493,1.0,0.8871473354231976,0.8207184673582738,283,355,226.35532333438687,fallback
rural_highway,40.0,40.0,clear,waterlogging,1,train,held_out,train,0.8255208333333334,1.0,0.9044222539229672,0.8099890094746155,317,384,226.35532333438687,fallback
rural_highway,40.0,40.0,clear,waterlogging,2,train,held_out,train,0.8285714285714286,1.0,0.90625,0.8042339524012109,319,385,226.35532333438687,fallback
rural_highway,40.0,40.0,clear,waterlogging,3,train,held_out,train,0.7558441558441559,1.0,0.8609467455621301,0.8039733509224206,291,385,226.35532333438687,fallback
rural_highway,40.0,40.0,clear,waterlogging,4,train,held_out,train,0.8050847457627118,1.0,0.8920187793427229,0.8292151373963254,285,354,226.35532333438687,fallback
rural_highway,40.0,40.0,clear,waterlogging,5,train,held_out,train,0.8316582914572864,1.0,0.9080932784636488,0.7999045486480594,331,398,226.35532333438687,fallback
rural_highway,40.0,40.0,clear,waterlogging,6,train,held_out,train,0.8260869565217391,1.0,0.9047619047619047,0.7887284364959567,323,391,226.35532333438687,fallback
rural_highway,40.0,40.0,clear,waterlogging,7,train,held_out,train,0.8268733850129198,1.0,0.9052333804809053,0.7888256149413517,320,387,226.35532333438687,fallback
rural_highway,40.0,40.0,clear,waterlogging,8,train,held_out,train,0.8314606741573034,1.0,0.9079754601226994,0.8233209598451203,296,356,226.35532333438687,fallback
rural_highway,40.0,40.0,clear,waterlogging,9,train,held_out,train,0.8310991957104558,1.0,0.9077598828696924,0.7915239802737061,310,373,226.35532333438687,fallback
rural_highway,40.0,40.0,clear,black_ice,0,train,held_out,train,0.800561797752809,1.0,0.8892355694227769,0.8226105512008283,285,356,226.35532333438687,fallback
rural_highway,40.0,40.0,clear,black_ice,1,train,held_out,train,0.8255208333333334,1.0,0.9044222539229672,0.8118084631220865,317,384,226.35532333438687,fallback
rural_highway,40.0,40.0,clear,black_ice,2,train,held_out,train,0.8285714285714286,1.0,0.90625,0.8059016975980207,319,385,226.35532333438687,fallback
rural_highway,40.0,40.0,clear,black_ice,3,train,held_out,train,0.7636363636363637,1.0,0.865979381443299,0.8058998000520475,294,385,226.35532333438687,fallback
rural_highway,40.0,40.0,clear,black_ice,4,train,held_out,train,0.8084507042253521,1.0,0.8940809968847352,0.8309894215593573,287,355,226.35532333438687,fallback
rural_highway,40.0,40.0,clear,black_ice,5,train,held_out,train,0.8391959798994975,1.0,0.912568306010929,0.8018350883502592,334,398,226.35532333438687,fallback
rural_highway,40.0,40.0,clear,black_ice,6,train,held_out,train,0.826530612244898,1.0,0.9050279329608939,0.7909174271449543,324,392,226.35532333438687,fallback
rural_highway,40.0,40.0,clear,black_ice,7,train,held_out,train,0.8268733850129198,1.0,0.9052333804809053,0.7907272610214822,320,387,226.35532333438687,fallback
rural_highway,40.0,40.0,clear,black_ice,8,train,held_out,train,0.8291316526610645,1.0,0.9065849923430321,0.8253014298664396,296,357,226.35532333438687,fallback
rural_highway,40.0,40.0,clear,black_ice,9,train,held_out,train,0.8310991957104558,1.0,0.9077598828696924,0.7932703998561323,310,373,226.35532333438687,fallback
rural_highway,40.0,40.0,heavy_rain,fog_bank,0,train,train,train,0.8,1.0,0.888888888888889,0.7931639312898242,256,320,226.35532333438687,fallback
rural_highway,40.0,40.0,heavy_rain,fog_bank,1,train,train,train,0.7958579881656804,1.0,0.886326194398682,0.7798994384972366,269,338,226.35532333438687,fallback
rural_highway,40.0,40.0,heavy_rain,fog_bank,2,train,train,train,0.750788643533123,1.0,0.8576576576576577,0.7766725417738577,238,317,226.35532333438687,fallback
rural_highway,40.0,40.0,heavy_rain,fog_bank,3,train,train,train,0.7840531561461794,1.0,0.8789571694599628,0.7750521559720099,236,301,226.35532333438687,fallback
rural_highway,40.0,40.0,heavy_rain,fog_bank,4,train,train,train,0.7834394904458599,1.0,0.8785714285714286,0.7833937606531175,246,314,226.35532333438687,fallback
rural_highway,40.0,40.0,heavy_rain,fog_bank,5,train,train,train,0.7555555555555555,1.0,0.8607594936708861,0.7744153794713772,238,315,226.35532333438687,fallback
rural_highway,40.0,40.0,heavy_rain,fog_bank,6,train,train,train,0.7876923076923077,1.0,0.8812392426850258,0.7554836902634691,256,325,226.35532333438687,fallback
rural_highway,40.0,40.0,heavy_rain,fog_bank,7,train,train,train,0.7784615384615384,1.0,0.8754325259515571,0.7601861468018373,253,325,226.35532333438687,fallback
rural_highway,40.0,40.0,heavy_rain,fog_bank,8,train,train,train,0.8170731707317073,1.0,0.8993288590604027,0.7854417484078576,268,328,226.35532333438687,fallback
rural_highway,40.0,40.0,heavy_rain,fog_bank,9,train,train,train,0.7704918032786885,1.0,0.8703703703703703,0.7668842621513269,235,305,226.35532333438687,fallback
rural_highway,40.0,40.0,heavy_rain,landslide,0,train,train,train,0.8012232415902141,1.0,0.8896434634974533,0.8086028969767064,262,327,226.35532333438687,fallback
rural_highway,40.0,40.0,heavy_rain,landslide,1,train,train,train,0.7953890489913544,1.0,0.8860353130016051,0.7953735931625128,276,347,226.35532333438687,fallback
rural_highway,40.0,40.0,heavy_rain,landslide,2,train,train,train,0.7469512195121951,1.0,0.8551483420593368,0.7900381908494465,245,328,226.35532333438687,fallback
rural_highway,40.0,40.0,heavy_rain,landslide,3,train,train,train,0.7908496732026143,1.0,0.8832116788321168,0.7906916199181351,242,306,226.35532333438687,fallback
rural_highway,40.0,40.0,heavy_rain,landslide,4,train,train,train,0.7931034482758621,1.0,0.8846153846153846,0.7985012312229327,253,319,226.35532333438687,fallback
rural_highway,40.0,40.0,heavy_rain,landslide,5,train,train,train,0.7577639751552795,1.0,0.8621908127208481,0.7889302673363849,244,322,226.35532333438687,fallback
rural_highway,40.0,40.0,heavy_rain,landslide,6,train,train,train,0.7891566265060241,1.0,0.8821548821548821,0.7731469459514168,262,332,226.35532333438687,fallback
rural_highway,40.0,40.0,heavy_rain,landslide,7,train,train,train,0.7751479289940828,1.0,0.8733333333333333,0.7734759883954038,262,338,226.35532333438687,fallback
rural_highway,40.0,40.0,heavy_rain,landslide,8,train,train,train,0.8132530120481928,1.0,0.8970099667774087,0.8004419030296664,270,332,226.35532333438687,fallback
rural_highway,40.0,40.0,heavy_rain,landslide,9,train,train,train,0.765079365079365,1.0,0.8669064748201438,0.7826531066528869,241,315,226.35532333438687,fallback
rural_highway,40.0,40.0,heavy_rain,crash,0,train,train,train,0.8125,0.5349794238683128,0.6451612903225806,0.5698390166199008,243,160,226.35532333438687,fallback
rural_highway,40.0,40.0,heavy_rain,crash,1,train,train,train,0.8128654970760234,0.5325670498084292,0.6435185185185185,0.5810436452188393,261,171,226.35532333438687,fallback
rural_highway,40.0,40.0,heavy_rain,crash,2,train,train,train,0.757396449704142,0.5638766519823789,0.6464646464646465,0.5910252966699773,227,169,226.35532333438687,fallback
rural_highway,40.0,40.0,heavy_rain,crash,3,train,train,train,0.806060606060606,0.5807860262008734,0.6751269035532995,0.5844849663346685,229,165,226.35532333438687,fallback
rural_highway,40.0,40.0,heavy_rain,crash,4,train,train,train,0.7894736842105263,0.5063291139240507,0.6169665809768637,0.5661548640174717,237,152,226.35532333438687,fallback
rural_highway,40.0,40.0,heavy_rain,crash,5,train,train,train,0.7702702702702703,0.49137931034482757,0.6000000000000001,0.5603292379530681,232,148,226.35532333438687,fallback
rural_highway,40.0,40.0,heavy_rain,crash,6,train,train,train,0.7928994082840237,0.5469387755102041,0.6473429951690822,0.5596067424722887,245,169,226.35532333438687,fallback
rural_highway,40.0,40.0,heavy_rain,crash,7,train,train,train,0.802547770700637,0.5121951219512195,0.6253101736972705,0.5706049021513705,246,157,226.35532333438687,fallback
rural_highway,40.0,40.0,heavy_rain,crash,8,train,train,train,0.8197674418604651,0.5486381322957199,0.6573426573426574,0.5523249405676383,257,172,226.35532333438687,fallback
rural_highway,40.0,40.0,heavy_rain,crash,9,train,train,train,0.7702702702702703,0.504424778761062,0.6096256684491979,0.5116909428479084,226,148,226.35532333438687,fallback
rural_highway,40.0,40.0,heavy_rain,waterlogging,0,train,held_out,train,0.7975460122699386,1.0,0.8873720136518771,0.8045979612417706,260,326,226.35532333438687,fallback
rural_highway,40.0,40.0,heavy_rain,waterlogging,1,train,held_out,train,0.7942028985507247,1.0,0.8852988691437803,0.791357398507477,274,345,226.35532333438687,fallback
rural_highway,40.0,40.0,heavy_rain,waterlogging,2,train,held_out,train,0.7507692307692307,1.0,0.8576449912126537,0.7865435069628238,244,325,226.35532333438687,fallback
rural_highway,40.0,40.0,heavy_rain,waterlogging,3,train,held_out,train,0.7875816993464052,1.0,0.8811700182815357,0.786607871141225,241,306,226.35532333438687,fallback
rural_highway,40.0,40.0,heavy_rain,waterlogging,4,train,held_out,train,0.7917981072555205,1.0,0.8838028169014084,0.7945640309044559,251,317,226.35532333438687,fallback
rural_highway,40.0,40.0,heavy_rain,waterlogging,5,train,held_out,train,0.7617554858934169,1.0,0.8647686832740212,0.7851328440205025,243,319,226.35532333438687,fallback
rural_highway,40.0,40.0,heavy_rain,waterlogging,6,train,held_out,train,0.7878787878787878,1.0,0.8813559322033898,0.7685648147870467,260,330,226.35532333438687,fallback
rural_highway,40.0,40.0,heavy_rain,waterlogging,7,train,held_out,train,0.7784431137724551,1.0,0.8754208754208754,0.7699907905641079,260,334,226.35532333438687,fallback
rural_highway,40.0,40.0,heavy_rain,waterlogging,8,train,held_out,train,0.8157099697885196,1.0,0.8985024958402662,0.7965310625921548,270,331,226.35532333438687,fallback
rural_highway,40.0,40.0,heavy_rain,waterlogging,9,train,held_out,train,0.7660256410256411,1.0,0.8675136116152451,0.7785565329958363,239,312,226.35532333438687,fallback
rural_highway,40.0,40.0,heavy_rain,black_ice,0,train,held_out,train,0.7981651376146789,1.0,0.8877551020408164,0.80661735476677,261,327,226.35532333438687,fallback
rural_highway,40.0,40.0,heavy_rain,black_ice,1,train,held_out,train,0.7947976878612717,1.0,0.8856682769726248,0.7933811002369087,275,346,226.35532333438687,fallback
rural_highway,40.0,40.0,heavy_rain,black_ice,2,train,held_out,train,0.7515337423312883,1.0,0.8581436077057794,0.7883018725892674,245,326,226.35532333438687,fallback
rural_highway,40.0,40.0,heavy_rain,black_ice,3,train,held_out,train,0.7908496732026143,1.0,0.8832116788321168,0.7886658784083337,242,306,226.35532333438687,fallback
rural_highway,40.0,40.0,heavy_rain,black_ice,4,train,held_out,train,0.7924528301886793,1.0,0.8842105263157896,0.7965477560557435,252,318,226.35532333438687,fallback
rural_highway,40.0,40.0,heavy_rain,black_ice,5,train,held_out,train,0.7648902821316614,1.0,0.866785079928952,0.7870447644592777,244,319,226.35532333438687,fallback
rural_highway,40.0,40.0,heavy_rain,black_ice,6,train,held_out,train,0.7878787878787878,1.0,0.8813559322033898,0.7708742909065117,260,330,226.35532333438687,fallback
rural_highway,40.0,40.0,heavy_rain,black_ice,7,train,held_out,train,0.7738095238095238,1.0,0.8724832214765101,0.771742939148389,260,336,226.35532333438687,fallback
rural_highway,40.0,40.0,heavy_rain,black_ice,8,train,held_out,train,0.8132530120481928,1.0,0.8970099667774087,0.7985015270783129,270,332,226.35532333438687,fallback
rural_highway,40.0,40.0,heavy_rain,black_ice,9,train,held_out,train,0.767515923566879,1.0,0.8684684684684686,0.7806204803538905,241,314,226.35532333438687,fallback
rural_highway,40.0,40.0,moderate_rain,fog_bank,0,train,train,held_out,0.7855072463768116,1.0,0.8798701298701298,0.802088447756001,271,345,226.35532333438687,fallback
rural_highway,40.0,40.0,moderate_rain,fog_bank,1,train,train,held_out,0.8176795580110497,1.0,0.8996960486322187,0.7883745637154164,296,362,226.35532333438687,fallback
rural_highway,40.0,40.0,moderate_rain,fog_bank,2,train,train,held_out,0.7834224598930482,1.0,0.8785607196401799,0.78707236826376,293,374,226.35532333438687,fallback
rural_highway,40.0,40.0,moderate_rain,fog_bank,3,train,train,held_out,0.799373040752351,1.0,0.8885017421602788,0.7843062216589944,255,319,226.35532333438687,fallback
rural_highway,40.0,40.0,moderate_rain,fog_bank,4,train,train,held_out,0.8123076923076923,1.0,0.8964346349745331,0.8037274656672514,264,325,226.35532333438687,fallback
rural_highway,40.0,40.0,moderate_rain,fog_bank,5,train,train,held_out,0.7833333333333333,1.0,0.8785046728971964,0.7846930570154405,282,360,226.35532333438687,fallback
rural_highway,40.0,40.0,moderate_rain,fog_bank,6,train,train,held_out,0.7878787878787878,1.0,0.8813559322033898,0.7709779533556299,286,363,226.35532333438687,fallback
rural_highway,40.0,40.0,moderate_rain,fog_bank,7,train,train,held_out,0.7965616045845272,1.0,0.886762360446571,0.7708170008761686,278,349,226.35532333438687,fallback
rural_highway,40.0,40.0,moderate_rain,fog_bank,8,train,train,held_out,0.8249258160237388,1.0,0.9040650406504065,0.8036949730958041,278,337,226.35532333438687,fallback
rural_highway,40.0,40.0,moderate_rain,fog_bank,9,train,train,held_out,0.7628571428571429,1.0,0.8654781199351702,0.7752229164466184,267,350,226.35532333438687,fallback
rural_highway,40.0,40.0,moderate_rain,landslide,0,train,train,held_out,0.7908309455587392,1.0,0.8832,0.8172436960832672,276,349,226.35532333438687,fallback
rural_highway,40.0,40.0,moderate_rain,landslide,1,train,train,held_out,0.8174386920980926,1.0,0.8995502248875561,0.8031076502865583,300,367,226.35532333438687,fallback
rural_highway,40.0,40.0,moderate_rain,landslide,2,train,train,held_out,0.7855297157622739,1.0,0.8798842257597685,0.7992778985988896,304,387,226.35532333438687,fallback
rural_highway,40.0,40.0,moderate_rain,landslide,3,train,train,held_out,0.7987616099071208,1.0,0.8881239242685026,0.7996980431587962,258,323,226.35532333438687,fallback
rural_highway,40.0,40.0,moderate_rain,landslide,4,train,train,held_out,0.8145896656534954,1.0,0.897822445561139,0.8177160700652839,268,329,226.35532333438687,fallback
rural_highway,40.0,40.0,moderate_rain,landslide,5,train,train,held_out,0.8048780487804879,1.0,0.8918918918918919,0.7993945878572729,297,369,226.35532333438687,fallback
rural_highway,40.0,40.0,moderate_rain,landslide,6,train,train,held_out,0.7989130434782609,1.0,0.8882175226586103,0.7881725323201119,294,368,226.35532333438687,fallback
rural_highway,40.0,40.0,moderate_rain,landslide,7,train,train,held_out,0.7942857142857143,1.0,0.8853503184713376,0.7848654282085996,278,350,226.35532333438687,fallback
rural_highway,40.0,40.0,moderate_rain,landslide,8,train,train,held_out,0.8294117647058824,1.0,0.9067524115755626,0.8184600732132253,282,340,226.35532333438687,fallback
rural_highway,40.0,40.0,moderate_rain,landslide,9,train,train,held_out,0.8,1.0,0.888888888888889,0.7894133126807256,280,350,226.35532333438687,fallback
rural_highway,40.0,40.0,moderate_rain,crash,0,train,train,held_out,0.8136645962732919,0.5057915057915058,0.6238095238095238,0.5680027230004794,259,161,226.35532333438687,fallback
rural_highway,40.0,40.0,moderate_rain,crash,1,train,train,held_out,0.8186813186813187,0.5265017667844523,0.6408602150537634,0.5865006332342797,283,182,226.35532333438687,fallback
rural_highway,40.0,40.0,moderate_rain,crash,2,train,train,held_out,0.8497409326424871,0.5878136200716846,0.6949152542372881,0.6044779116079175,279,193,226.35532333438687,fallback
rural_highway,40.0,40.0,moderate_rain,crash,3,train,train,held_out,0.8106508875739645,0.5684647302904564,0.6682926829268292,0.6020479330660584,241,169,226.35532333438687,fallback
rural_highway,40.0,40.0,moderate_rain,crash,4,train,train,held_out,0.806060606060606,0.540650406504065,0.6472019464720195,0.5810579193140611,246,165,226.35532333438687,fallback
rural_highway,40.0,40.0,moderate_rain,crash,5,train,train,held_out,0.7619047619047619,0.4620938628158845,0.5752808988764045,0.5663254056837715,277,168,226.35532333438687,fallback
rural_highway,40.0,40.0,moderate_rain,crash,6,train,train,held_out,0.8100558659217877,0.5311355311355311,0.6415929203539823,0.5713386817102709,273,179,226.35532333438687,fallback
rural_highway,40.0,40.0,moderate_rain,crash,7,train,train,held_out,0.8203592814371258,0.528957528957529,0.6431924882629108,0.5909211651025769,259,167,226.35532333438687,fallback
rural_highway,40.0,40.0,moderate_rain,crash,8,train,train,held_out,0.8352272727272727,0.5632183908045977,0.6727688787185354,0.5735942962854718,261,176,226.35532333438687,fallback
rural_highway,40.0,40.0,moderate_rain,crash,9,train,train,held_out,0.7818181818181819,0.5019455252918288,0.6113744075829385,0.5485103750629763,257,165,226.35532333438687,fallback
rural_highway,40.0,40.0,moderate_rain,waterlogging,0,train,held_out,held_out,0.7902298850574713,1.0,0.8828250401284109,0.8133138985552036,275,348,226.35532333438687,fallback
rural_highway,40.0,40.0,moderate_rain,waterlogging,1,train,held_out,held_out,0.819672131147541,1.0,0.9009009009009009,0.7992757470211621,300,366,226.35532333438687,fallback
rural_highway,40.0,40.0,moderate_rain,waterlogging,2,train,held_out,held_out,0.7859007832898173,1.0,0.8801169590643275,0.7960727340938372,301,383,226.35532333438687,fallback
rural_highway,40.0,40.0,moderate_rain,waterlogging,3,train,held_out,held_out,0.7956656346749226,1.0,0.8862068965517241,0.7956823914964917,257,323,226.35532333438687,fallback
rural_highway,40.0,40.0,moderate_rain,waterlogging,4,train,held_out,held_out,0.8140243902439024,1.0,0.8974789915966386,0.8140633804476458,267,328,226.35532333438687,fallback
rural_highway,40.0,40.0,moderate_rain,waterlogging,5,train,held_out,held_out,0.8065395095367848,1.0,0.8929110105580694,0.7955489880240438,296,367,226.35532333438687,fallback
rural_highway,40.0,40.0,moderate_rain,waterlogging,6,train,held_out,held_out,0.7956403269754768,1.0,0.8861911987860395,0.7837130499228502,292,367,226.35532333438687,fallback
rural_highway,40.0,40.0,moderate_rain,waterlogging,7,train,held_out,held_out,0.7942857142857143,1.0,0.8853503184713376,0.7811727089800556,278,350,226.35532333438687,fallback
rural_highway,40.0,40.0,moderate_rain,waterlogging,8,train,held_out,held_out,0.8289085545722714,1.0,0.9064516129032258,0.8146159434548148,281,339,226.35532333438687,fallback
rural_highway,40.0,40.0,moderate_rain,waterlogging,9,train,held_out,held_out,0.7942857142857143,1.0,0.8853503184713376,0.7857239748229587,278,350,226.35532333438687,fallback
rural_highway,40.0,40.0,moderate_rain,black_ice,0,train,held_out,held_out,0.7908309455587392,1.0,0.8832,0.8152957898007417,276,349,226.35532333438687,fallback
rural_highway,40.0,40.0,moderate_rain,black_ice,1,train,held_out,held_out,0.819672131147541,1.0,0.9009009009009009,0.8012060063804701,300,366,226.35532333438687,fallback
rural_highway,40.0,40.0,moderate_rain,black_ice,2,train,held_out,held_out,0.7916666666666666,1.0,0.8837209302325582,0.7976841707621489,304,384,226.35532333438687,fallback
rural_highway,40.0,40.0,moderate_rain,black_ice,3,train,held_out,held_out,0.7987616099071208,1.0,0.8881239242685026,0.7977063068137951,258,323,226.35532333438687,fallback
rural_highway,40.0,40.0,moderate_rain,black_ice,4,train,held_out,held_out,0.8140243902439024,1.0,0.8974789915966386,0.8159038851686564,267,328,226.35532333438687,fallback
rural_highway,40.0,40.0,moderate_rain,black_ice,5,train,held_out,held_out,0.8043478260869565,1.0,0.891566265060241,0.7974859584546763,296,368,226.35532333438687,fallback
rural_highway,40.0,40.0,moderate_rain,black_ice,6,train,held_out,held_out,0.7961956521739131,1.0,0.886535552193646,0.7859614898487445,293,368,226.35532333438687,fallback
rural_highway,40.0,40.0,moderate_rain,black_ice,7,train,held_out,held_out,0.7942857142857143,1.0,0.8853503184713376,0.7830304705216139,278,350,226.35532333438687,fallback
rural_highway,40.0,40.0,moderate_rain,black_ice,8,train,held_out,held_out,0.8264705882352941,1.0,0.9049919484702094,0.8165540673573835,281,340,226.35532333438687,fallback
rural_highway,40.0,40.0,moderate_rain,black_ice,9,train,held_out,held_out,0.8,1.0,0.888888888888889,0.7875811276223229,280,350,226.35532333438687,fallback
rural_highway,40.0,40.0,dense_fog,fog_bank,0,train,train,held_out,0.7756410256410257,1.0,0.8736462093862817,0.7820383685969104,242,312,226.35532333438687,fallback
rural_highway,40.0,40.0,dense_fog,fog_bank,1,train,train,held_out,0.7949526813880127,1.0,0.8857644991212654,0.770235543183918,252,317,226.35532333438687,fallback
rural_highway,40.0,40.0,dense_fog,fog_bank,2,train,train,held_out,0.7719298245614035,1.0,0.8712871287128713,0.7635081085931493,220,285,226.35532333438687,fallback
rural_highway,40.0,40.0,dense_fog,fog_bank,3,train,train,held_out,0.7789473684210526,1.0,0.8757396449704142,0.7667371906495482,222,285,226.35532333438687,fallback
rural_highway,40.0,40.0,dense_fog,fog_bank,4,train,train,held_out,0.7845659163987139,1.0,0.8792792792792793,0.7756350701575151,244,311,226.35532333438687,fallback
rural_highway,40.0,40.0,dense_fog,fog_bank,5,train,train,held_out,0.7620689655172413,1.0,0.8649706457925636,0.7637309155678702,221,290,226.35532333438687,fallback
rural_highway,40.0,40.0,dense_fog,fog_bank,6,train,train,held_out,0.7605177993527508,1.0,0.863970588235294,0.7443387018768345,235,309,226.35532333438687,fallback
rural_highway,40.0,40.0,dense_fog,fog_bank,7,train,train,held_out,0.7594501718213058,1.0,0.86328125,0.7563295027506042,221,291,226.35532333438687,fallback
rural_highway,40.0,40.0,dense_fog,fog_bank,8,train,train,held_out,0.8038585209003215,1.0,0.8912655971479501,0.7769510184185274,250,311,226.35532333438687,fallback
rural_highway,40.0,40.0,dense_fog,fog_bank,9,train,train,held_out,0.7695035460992907,1.0,0.8697394789579158,0.7646604510519305,217,282,226.35532333438687,fallback
rural_highway,40.0,40.0,dense_fog,landslide,0,train,train,held_out,0.774294670846395,1.0,0.872791519434629,0.7981062284533972,247,319,226.35532333438687,fallback
rural_highway,40.0,40.0,dense_fog,landslide,1,train,train,held_out,0.7962962962962963,1.0,0.8865979381443299,0.786586777914349,258,324,226.35532333438687,fallback
rural_highway,40.0,40.0,dense_fog,landslide,2,train,train,held_out,0.78125,1.0,0.8771929824561403,0.7780632964542544,225,288,226.35532333438687,fallback
rural_highway,40.0,40.0,dense_fog,landslide,3,train,train,held_out,0.7766323024054983,1.0,0.8742746615087041,0.7826075778979538,226,291,226.35532333438687,fallback
rural_highway,40.0,40.0,dense_fog,landslide,4,train,train,held_out,0.7942122186495176,1.0,0.8853046594982079,0.7911025109777586,247,311,226.35532333438687,fallback
rural_highway,40.0,40.0,dense_fog,landslide,5,train,train,held_out,0.7694915254237288,1.0,0.8697318007662834,0.7784183943172579,227,295,226.35532333438687,fallback
rural_highway,40.0,40.0,dense_fog,landslide,6,train,train,held_out,0.7714285714285715,1.0,0.870967741935484,0.7622549421944618,243,315,226.35532333438687,fallback
rural_highway,40.0,40.0,dense_fog,landslide,7,train,train,held_out,0.7582781456953642,1.0,0.8625235404896422,0.7697790677274896,229,302,226.35532333438687,fallback
rural_highway,40.0,40.0,dense_fog,landslide,8,train,train,held_out,0.8050314465408805,1.0,0.89198606271777,0.7919499793836302,256,318,226.35532333438687,fallback
rural_highway,40.0,40.0,dense_fog,landslide,9,train,train,held_out,0.7743055555555556,1.0,0.8727984344422701,0.7807913230624703,223,288,226.35532333438687,fallback
rural_highway,40.0,40.0,dense_fog,crash,0,train,train,held_out,0.7960526315789473,0.521551724137931,0.6302083333333334,0.5525120879912659,232,152,226.35532333438687,fallback
rural_highway,40.0,40.0,dense_fog,crash,1,train,train,held_out,0.7975460122699386,0.5241935483870968,0.6326034063260341,0.5679201939872932,248,163,226.35532333438687,fallback
rural_highway,40.0,40.0,dense_fog,crash,2,train,train,held_out,0.7919463087248322,0.5566037735849056,0.6537396121883656,0.5770583419513932,212,149,226.35532333438687,fallback
rural_highway,40.0,40.0,dense_fog,crash,3,train,train,held_out,0.7898089171974523,0.5740740740740741,0.6648793565683645,0.5729462117206082,216,157,226.35532333438687,fallback
rural_highway,40.0,40.0,dense_fog,crash,4,train,train,held_out,0.785234899328859,0.49159663865546216,0.6046511627906976,0.5576302028826736,238,149,226.35532333438687,fallback
rural_highway,40.0,40.0,dense_fog,crash,5,train,train,held_out,0.7571428571428571,0.48847926267281105,0.5938375350140057,0.5543678845471516,217,140,226.35532333438687,fallback
rural_highway,40.0,40.0,dense_fog,crash,6,train,train,held_out,0.7861635220125787,0.5434782608695652,0.6426735218508998,0.5491107076719056,230,159,226.35532333438687,fallback
rural_highway,40.0,40.0,dense_fog,crash,7,train,train,held_out,0.7876712328767124,0.5324074074074074,0.6353591160220995,0.5644819876390524,216,146,226.35532333438687,fallback
rural_highway,40.0,40.0,dense_fog,crash,8,train,train,held_out,0.8,0.5267489711934157,0.6352357320099256,0.5463214690123952,243,160,226.35532333438687,fallback
rural_highway,40.0,40.0,dense_fog,crash,9,train,train,held_out,0.7591240875912408,0.49523809523809526,0.5994236311239193,0.49650499229488565,210,137,226.35532333438687,fallback
rural_highway,40.0,40.0,dense_fog,waterlogging,0,train,held_out,held_out,0.7791798107255521,1.0,0.875886524822695,0.7939382919492172,247,317,226.35532333438687,fallback
rural_highway,40.0,40.0,dense_fog,waterlogging,1,train,held_out,held_out,0.7950310559006211,1.0,0.8858131487889273,0.7823464947388126,256,322,226.35532333438687,fallback
rural_highway,40.0,40.0,dense_fog,waterlogging,2,train,held_out,held_out,0.78125,1.0,0.8771929824561403,0.7742584254866863,225,288,226.35532333438687,fallback
rural_highway,40.0,40.0,dense_fog,waterlogging,3,train,held_out,held_out,0.7785467128027682,1.0,0.8754863813229572,0.7784637743454969,225,289,226.35532333438687,fallback
rural_highway,40.0,40.0,dense_fog,waterlogging,4,train,held_out,held_out,0.7942122186495176,1.0,0.8853046594982079,0.7870774900126714,247,311,226.35532333438687,fallback
rural_highway,40.0,40.0,dense_fog,waterlogging,5,train,held_out,held_out,0.7679180887372014,1.0,0.8687258687258687,0.7745817537635968,225,293,226.35532333438687,fallback
rural_highway,40.0,40.0,dense_fog,waterlogging,6,train,held_out,held_out,0.7667731629392971,1.0,0.8679927667269439,0.7576104215641735,240,313,226.35532333438687,fallback
rural_highway,40.0,40.0,dense_fog,waterlogging,7,train,held_out,held_out,0.7558528428093646,1.0,0.860952380952381,0.7662624297536466,226,299,226.35532333438687,fallback
rural_highway,40.0,40.0,dense_fog,waterlogging,8,train,held_out,held_out,0.8069620253164557,1.0,0.8931698774080561,0.7880402858939898,255,316,226.35532333438687,fallback
rural_highway,40.0,40.0,dense_fog,waterlogging,9,train,held_out,held_out,0.7700348432055749,1.0,0.8700787401574802,0.7766006566809893,221,287,226.35532333438687,fallback
rural_highway,40.0,40.0,dense_fog,black_ice,0,train,held_out,held_out,0.7767295597484277,1.0,0.8743362831858408,0.7960395901658216,247,318,226.35532333438687,fallback
rural_highway,40.0,40.0,dense_fog,black_ice,1,train,held_out,held_out,0.7950310559006211,1.0,0.8858131487889273,0.7844835938631285,256,322,226.35532333438687,fallback
rural_highway,40.0,40.0,dense_fog,black_ice,2,train,held_out,held_out,0.78125,1.0,0.8771929824561403,0.7761737882244012,225,288,226.35532333438687,fallback
rural_highway,40.0,40.0,dense_fog,black_ice,3,train,held_out,held_out,0.7758620689655172,1.0,0.8737864077669902,0.7805516807463798,225,290,226.35532333438687,fallback
rural_highway,40.0,40.0,dense_fog,black_ice,4,train,held_out,held_out,0.7942122186495176,1.0,0.8853046594982079,0.7891053365754893,247,311,226.35532333438687,fallback
rural_highway,40.0,40.0,dense_fog,black_ice,5,train,held_out,held_out,0.7721088435374149,1.0,0.8714011516314779,0.7765129636436815,227,294,226.35532333438687,fallback
rural_highway,40.0,40.0,dense_fog,black_ice,6,train,held_out,held_out,0.7707006369426752,1.0,0.8705035971223022,0.759950960578684,242,314,226.35532333438687,fallback
rural_highway,40.0,40.0,dense_fog,black_ice,7,train,held_out,held_out,0.7566666666666667,1.0,0.8614800759013282,0.7680307428627959,227,300,226.35532333438687,fallback
rural_highway,40.0,40.0,dense_fog,black_ice,8,train,held_out,held_out,0.8050314465408805,1.0,0.89198606271777,0.79000960815642,256,318,226.35532333438687,fallback
rural_highway,40.0,40.0,dense_fog,black_ice,9,train,held_out,held_out,0.7743055555555556,1.0,0.8727984344422701,0.7787125723451369,223,288,226.35532333438687,fallback
urban_nlos,40.0,40.0,clear,fog_bank,0,train,train,train,0.5595744680851064,1.0,0.7175989085948159,0.16838968264202175,526,940,226.35532333438687,fallback
urban_nlos,40.0,40.0,clear,fog_bank,1,train,train,train,0.5259179265658748,1.0,0.689313517338995,0.18772719199874127,487,926,226.35532333438687,fallback
urban_nlos,40.0,40.0,clear,fog_bank,2,train,train,train,0.5457481162540366,1.0,0.7061281337047354,0.19138645558685932,507,929,226.35532333438687,fallback
urban_nlos,40.0,40.0,clear,fog_bank,3,train,train,train,0.548728813559322,1.0,0.7086183310533516,0.19034734580770887,518,944,226.35532333438687,fallback
urban_nlos,40.0,40.0,clear,fog_bank,4,train,train,train,0.5543710021321961,1.0,0.7133058984910836,0.17481952518947522,520,938,226.35532333438687,fallback
urban_nlos,40.0,40.0,clear,fog_bank,5,train,train,train,0.5694444444444444,1.0,0.7256637168141593,0.18629408550520496,533,936,226.35532333438687,fallback
urban_nlos,40.0,40.0,clear,fog_bank,6,train,train,train,0.5671641791044776,1.0,0.7238095238095238,0.18376767644157413,532,938,226.35532333438687,fallback
urban_nlos,40.0,40.0,clear,fog_bank,7,train,train,train,0.5372972972972972,1.0,0.69901547116737,0.2197219322420152,497,925,226.35532333438687,fallback
urban_nlos,40.0,40.0,clear,fog_bank,8,train,train,train,0.5384615384615384,1.0,0.7000000000000001,0.23205902487689,497,923,226.35532333438687,fallback
urban_nlos,40.0,40.0,clear,fog_bank,9,train,train,train,0.5807486631016042,1.0,0.7347767253044655,0.1643333112301037,543,935,226.35532333438687,fallback
urban_nlos,40.0,40.0,clear,landslide,0,train,train,train,0.5627659574468085,1.0,0.720217835262083,0.1565355108519093,529,940,226.35532333438687,fallback
urban_nlos,40.0,40.0,clear,landslide,1,train,train,train,0.5269978401727862,1.0,0.6902404526166902,0.18022967302938042,488,926,226.35532333438687,fallback
urban_nlos,40.0,40.0,clear,landslide,2,train,train,train,0.5457481162540366,1.0,0.7061281337047354,0.19162674517796163,507,929,226.35532333438687,fallback
urban_nlos,40.0,40.0,clear,landslide,3,train,train,train,0.5508474576271186,1.0,0.7103825136612022,0.17054856733242824,520,944,226.35532333438687,fallback
urban_nlos,40.0,40.0,clear,landslide,4,train,train,train,0.5554371002132196,1.0,0.7141877998629198,0.16564436254889467,521,938,226.35532333438687,fallback
urban_nlos,40.0,40.0,clear,landslide,5,train,train,train,0.5705128205128205,1.0,0.7265306122448979,0.17864064898744744,534,936,226.35532333438687,fallback
urban_nlos,40.0,40.0,clear,landslide,6,train,train,train,0.570362473347548,1.0,0.7264086897488119,0.17422138677056193,535,938,226.35532333438687,fallback
urban_nlos,40.0,40.0,clear,landslide,7,train,train,train,0.5383783783783784,1.0,0.6999297259311315,0.20107601331407193,498,925,226.35532333438687,fallback
urban_nlos,40.0,40.0,clear,landslide,8,train,train,train,0.5384615384615384,1.0,0.7000000000000001,0.22335707514765724,497,923,226.35532333438687,fallback
urban_nlos,40.0,40.0,clear,landslide,9,train,train,train,0.5818181818181818,1.0,0.735632183908046,0.1523098827053321,544,935,226.35532333438687,fallback
urban_nlos,40.0,40.0,clear,crash,0,train,train,train,0.515358361774744,1.0,0.6801801801801802,0.29156887372986845,453,879,226.35532333438687,fallback
urban_nlos,40.0,40.0,clear,crash,1,train,train,train,0.48534583821805394,1.0,0.6535122336227308,0.29658998728985264,414,853,226.35532333438687,fallback
urban_nlos,40.0,40.0,clear,crash,2,train,train,train,0.49825783972125437,1.0,0.6651162790697674,0.29621495387244656,429,861,226.35532333438687,fallback
urban_nlos,40.0,40.0,clear,crash,3,train,train,train,0.5141884222474461,1.0,0.6791604197901049,0.29641821334224133,453,881,226.35532333438687,fallback
urban_nlos,40.0,40.0,clear,crash,4,train,train,train,0.5022935779816514,1.0,0.668702290076336,0.30640955451968477,438,872,226.35532333438687,fallback
urban_nlos,40.0,40.0,clear,crash,5,train,train,train,0.5023310023310024,1.0,0.6687354538401862,0.3104065095766707,431,858,226.35532333438687,fallback
urban_nlos,40.0,40.0,clear,crash,6,train,train,train,0.5138568129330254,1.0,0.6788710907704043,0.30620864330652847,445,866,226.35532333438687,fallback
urban_nlos,40.0,40.0,clear,crash,7,train,train,train,0.5011467889908257,1.0,0.6676852559205501,0.30017651961663827,437,872,226.35532333438687,fallback
urban_nlos,40.0,40.0,clear,crash,8,train,train,train,0.495906432748538,1.0,0.6630179827990618,0.3193964929456493,424,855,226.35532333438687,fallback
urban_nlos,40.0,40.0,clear,crash,9,train,train,train,0.517162471395881,1.0,0.6817496229260935,0.27013002097108807,452,874,226.35532333438687,fallback
urban_nlos,40.0,40.0,clear,waterlogging,0,train,held_out,train,0.5617021276595745,1.0,0.7193460490463216,0.15901077523710225,528,940,226.35532333438687,fallback
urban_nlos,40.0,40.0,clear,waterlogging,1,train,held_out,train,0.5269978401727862,1.0,0.6902404526166902,0.181371037797634,488,926,226.35532333438687,fallback
urban_nlos,40.0,40.0,clear,waterlogging,2,train,held_out,train,0.5457481162540366,1.0,0.7061281337047354,0.19068302460726946,507,929,226.35532333438687,fallback
urban_nlos,40.0,40.0,clear,waterlogging,3,train,held_out,train,0.5497881355932204,1.0,0.709501025290499,0.17522334642104684,519,944,226.35532333438687,fallback
urban_nlos,40.0,40.0,clear,waterlogging,4,train,held_out,train,0.5554371002132196,1.0,0.7141877998629198,0.16720683962359076,521,938,226.35532333438687,fallback
urban_nlos,40.0,40.0,clear,waterlogging,5,train,held_out,train,0.5705128205128205,1.0,0.7265306122448979,0.1800418497381754,534,936,226.35532333438687,fallback
urban_nlos,40.0,40.0,clear,waterlogging,6,train,held_out,train,0.570362473347548,1.0,0.7264086897488119,0.1761819264462944,535,938,226.35532333438687,fallback
urban_nlos,40.0,40.0,clear,waterlogging,7,train,held_out,train,0.5383783783783784,1.0,0.6999297259311315,0.20545511605165956,498,925,226.35532333438687,fallback
urban_nlos,40.0,40.0,clear,waterlogging,8,train,held_out,train,0.5384615384615384,1.0,0.7000000000000001,0.2250606390130331,497,923,226.35532333438687,fallback
urban_nlos,40.0,40.0,clear,waterlogging,9,train,held_out,train,0.5807486631016042,1.0,0.7347767253044655,0.15465446350963777,543,935,226.35532333438687,fallback
urban_nlos,40.0,40.0,clear,black_ice,0,train,held_out,train,0.5627659574468085,1.0,0.720217835262083,0.15780340338914714,529,940,226.35532333438687,fallback
urban_nlos,40.0,40.0,clear,black_ice,1,train,held_out,train,0.5269978401727862,1.0,0.6902404526166902,0.18073657512568583,488,926,226.35532333438687,fallback
urban_nlos,40.0,40.0,clear,black_ice,2,train,held_out,train,0.5457481162540366,1.0,0.7061281337047354,0.19110226413214731,507,929,226.35532333438687,fallback
urban_nlos,40.0,40.0,clear,black_ice,3,train,held_out,train,0.5497881355932204,1.0,0.709501025290499,0.17283859353655964,519,944,226.35532333438687,fallback
urban_nlos,40.0,40.0,clear,black_ice,4,train,held_out,train,0.5554371002132196,1.0,0.7141877998629198,0.16638344196421262,521,938,226.35532333438687,fallback
urban_nlos,40.0,40.0,clear,black_ice,5,train,held_out,train,0.5705128205128205,1.0,0.7265306122448979,0.1792797356350421,534,936,226.35532333438687,fallback
urban_nlos,40.0,40.0,clear,black_ice,6,train,held_out,train,0.570362473347548,1.0,0.7264086897488119,0.1751657179020595,535,938,226.35532333438687,fallback
urban_nlos,40.0,40.0,clear,black_ice,7,train,held_out,train,0.5383783783783784,1.0,0.6999297259311315,0.20322771927063457,498,925,226.35532333438687,fallback
urban_nlos,40.0,40.0,clear,black_ice,8,train,held_out,train,0.5384615384615384,1.0,0.7000000000000001,0.2241765632415991,497,923,226.35532333438687,fallback
urban_nlos,40.0,40.0,clear,black_ice,9,train,held_out,train,0.5807486631016042,1.0,0.7347767253044655,0.15335093533938962,543,935,226.35532333438687,fallback
urban_nlos,40.0,40.0,heavy_rain,fog_bank,0,train,train,train,0.5043956043956044,1.0,0.6705624543462381,0.22040498110718493,459,910,226.35532333438687,fallback
urban_nlos,40.0,40.0,heavy_rain,fog_bank,1,train,train,train,0.5277161862527716,1.0,0.6908563134978228,0.2588605937806088,476,902,226.35532333438687,fallback
urban_nlos,40.0,40.0,heavy_rain,fog_bank,2,train,train,train,0.513129102844639,1.0,0.67823571945047,0.23305780381438837,469,914,226.35532333438687,fallback
urban_nlos,40.0,40.0,heavy_rain,fog_bank,3,train,train,train,0.5246981339187706,1.0,0.6882649388048957,0.2846888897475819,478,911,226.35532333438687,fallback
urban_nlos,40.0,40.0,heavy_rain,fog_bank,4,train,train,train,0.5284916201117319,1.0,0.6915204678362573,0.29889115121210635,473,895,226.35532333438687,fallback
urban_nlos,40.0,40.0,heavy_rain,fog_bank,5,train,train,train,0.551948051948052,1.0,0.7112970711297071,0.22268328887386724,510,924,226.35532333438687,fallback
urban_nlos,40.0,40.0,heavy_rain,fog_bank,6,train,train,train,0.5138121546961326,1.0,0.6788321167883212,0.25291438252555615,465,905,226.35532333438687,fallback
urban_nlos,40.0,40.0,heavy_rain,fog_bank,7,train,train,train,0.5071507150715071,1.0,0.672992700729927,0.2881381088471374,461,909,226.35532333438687,fallback
urban_nlos,40.0,40.0,heavy_rain,fog_bank,8,train,train,train,0.5170893054024256,1.0,0.681686046511628,0.2531781162835704,469,907,226.35532333438687,fallback
urban_nlos,40.0,40.0,heavy_rain,fog_bank,9,train,train,train,0.5618838992332968,1.0,0.7194950911640954,0.26675563173712696,513,913,226.35532333438687,fallback
urban_nlos,40.0,40.0,heavy_rain,landslide,0,train,train,train,0.5065934065934066,1.0,0.6725018234865062,0.21526569254477496,461,910,226.35532333438687,fallback
urban_nlos,40.0,40.0,heavy_rain,landslide,1,train,train,train,0.5288248337028825,1.0,0.6918056562726613,0.2537095518463825,477,902,226.35532333438687,fallback
urban_nlos,40.0,40.0,heavy_rain,landslide,2,train,train,train,0.5153172866520788,1.0,0.68014440433213,0.22835539892297585,471,914,226.35532333438687,fallback
urban_nlos,40.0,40.0,heavy_rain,landslide,3,train,train,train,0.5268935236004391,1.0,0.6901509705248022,0.27146716746338617,480,911,226.35532333438687,fallback
urban_nlos,40.0,40.0,heavy_rain,landslide,4,train,train,train,0.5307262569832403,1.0,0.6934306569343066,0.2968830810894746,475,895,226.35532333438687,fallback
urban_nlos,40.0,40.0,heavy_rain,landslide,5,train,train,train,0.553030303030303,1.0,0.7121951219512195,0.2102382728634954,511,924,226.35532333438687,fallback
urban_nlos,40.0,40.0,heavy_rain,landslide,6,train,train,train,0.5149171270718232,1.0,0.6797957695113056,0.246557262606312,466,905,226.35532333438687,fallback
urban_nlos,40.0,40.0,heavy_rain,landslide,7,train,train,train,0.5093509350935094,1.0,0.6749271137026239,0.2855690437929106,463,909,226.35532333438687,fallback
urban_nlos,40.0,40.0,heavy_rain,landslide,8,train,train,train,0.5170893054024256,1.0,0.681686046511628,0.24223480110439002,469,907,226.35532333438687,fallback
urban_nlos,40.0,40.0,heavy_rain,landslide,9,train,train,train,0.5618838992332968,1.0,0.7194950911640954,0.25360732878048137,513,913,226.35532333438687,fallback
urban_nlos,40.0,40.0,heavy_rain,crash,0,train,train,train,0.4753309265944645,1.0,0.6443719412724307,0.3167847965627553,395,831,226.35532333438687,fallback
urban_nlos,40.0,40.0,heavy_rain,crash,1,train,train,train,0.4725274725274725,1.0,0.6417910447761194,0.34626263988985817,387,819,226.35532333438687,fallback
urban_nlos,40.0,40.0,heavy_rain,crash,2,train,train,train,0.4618138424821002,1.0,0.6318367346938775,0.3149837182302574,387,838,226.35532333438687,fallback
urban_nlos,40.0,40.0,heavy_rain,crash,3,train,train,train,0.4833729216152019,1.0,0.6517213771016813,0.3634351441186625,407,842,226.35532333438687,fallback
urban_nlos,40.0,40.0,heavy_rain,crash,4,train,train,train,0.48484848484848486,1.0,0.653061224489796,0.3657511530034926,400,825,226.35532333438687,fallback
urban_nlos,40.0,40.0,heavy_rain,crash,5,train,train,train,0.4803804994054697,1.0,0.648995983935743,0.32560895520829913,404,841,226.35532333438687,fallback
urban_nlos,40.0,40.0,heavy_rain,crash,6,train,train,train,0.47975460122699387,1.0,0.648424543946932,0.3568208872068439,391,815,226.35532333438687,fallback
urban_nlos,40.0,40.0,heavy_rain,crash,7,train,train,train,0.45323741007194246,1.0,0.6237623762376238,0.3729662710457633,378,834,226.35532333438687,fallback
urban_nlos,40.0,40.0,heavy_rain,crash,8,train,train,train,0.47607655502392343,1.0,0.6450567260940032,0.33426681524073304,398,836,226.35532333438687,fallback
urban_nlos,40.0,40.0,heavy_rain,crash,9,train,train,train,0.5071090047393365,1.0,0.6729559748427673,0.3387975184091126,428,844,226.35532333438687,fallback
urban_nlos,40.0,40.0,heavy_rain,waterlogging,0,train,held_out,train,0.5054945054945055,1.0,0.6715328467153284,0.21601022012696944,460,910,226.35532333438687,fallback
urban_nlos,40.0,40.0,heavy_rain,waterlogging,1,train,held_out,train,0.5277161862527716,1.0,0.6908563134978228,0.2545950272398745,476,902,226.35532333438687,fallback
urban_nlos,40.0,40.0,heavy_rain,waterlogging,2,train,held_out,train,0.5153172866520788,1.0,0.68014440433213,0.22887311824250212,471,914,226.35532333438687,fallback
urban_nlos,40.0,40.0,heavy_rain,waterlogging,3,train,held_out,train,0.5268935236004391,1.0,0.6901509705248022,0.27425064944924876,480,911,226.35532333438687,fallback
urban_nlos,40.0,40.0,heavy_rain,waterlogging,4,train,held_out,train,0.5307262569832403,1.0,0.6934306569343066,0.2969697247133442,475,895,226.35532333438687,fallback
urban_nlos,40.0,40.0,heavy_rain,waterlogging,5,train,held_out,train,0.553030303030303,1.0,0.7121951219512195,0.21261741242383297,511,924,226.35532333438687,fallback
urban_nlos,40.0,40.0,heavy_rain,waterlogging,6,train,held_out,train,0.5149171270718232,1.0,0.6797957695113056,0.24755477118868724,466,905,226.35532333438687,fallback
urban_nlos,40.0,40.0,heavy_rain,waterlogging,7,train,held_out,train,0.5093509350935094,1.0,0.6749271137026239,0.28591089495038957,463,909,226.35532333438687,fallback
urban_nlos,40.0,40.0,heavy_rain,waterlogging,8,train,held_out,train,0.5170893054024256,1.0,0.681686046511628,0.24460307251104765,469,907,226.35532333438687,fallback
urban_nlos,40.0,40.0,heavy_rain,waterlogging,9,train,held_out,train,0.5618838992332968,1.0,0.7194950911640954,0.2563622530728842,513,913,226.35532333438687,fallback
urban_nlos,40.0,40.0,heavy_rain,black_ice,0,train,held_out,train,0.5065934065934066,1.0,0.6725018234865062,0.2155820957285978,461,910,226.35532333438687,fallback
urban_nlos,40.0,40.0,heavy_rain,black_ice,1,train,held_out,train,0.5277161862527716,1.0,0.6908563134978228,0.2540931014029386,476,902,226.35532333438687,fallback
urban_nlos,40.0,40.0,heavy_rain,black_ice,2,train,held_out,train,0.5153172866520788,1.0,0.68014440433213,0.22855114613426797,471,914,226.35532333438687,fallback
urban_nlos,40.0,40.0,heavy_rain,black_ice,3,train,held_out,train,0.5268935236004391,1.0,0.6901509705248022,0.2727908049478364,480,911,226.35532333438687,fallback
urban_nlos,40.0,40.0,heavy_rain,black_ice,4,train,held_out,train,0.5307262569832403,1.0,0.6934306569343066,0.2969119425441732,475,895,226.35532333438687,fallback
urban_nlos,40.0,40.0,heavy_rain,black_ice,5,train,held_out,train,0.553030303030303,1.0,0.7121951219512195,0.21137951489438805,511,924,226.35532333438687,fallback
urban_nlos,40.0,40.0,heavy_rain,black_ice,6,train,held_out,train,0.5149171270718232,1.0,0.6797957695113056,0.24701665906900136,466,905,226.35532333438687,fallback
urban_nlos,40.0,40.0,heavy_rain,black_ice,7,train,held_out,train,0.5093509350935094,1.0,0.6749271137026239,0.2857032749029165,463,909,226.35532333438687,fallback
urban_nlos,40.0,40.0,heavy_rain,black_ice,8,train,held_out,train,0.5170893054024256,1.0,0.681686046511628,0.24338810705260366,469,907,226.35532333438687,fallback
urban_nlos,40.0,40.0,heavy_rain,black_ice,9,train,held_out,train,0.5618838992332968,1.0,0.7194950911640954,0.25492787772535525,513,913,226.35532333438687,fallback
urban_nlos,40.0,40.0,moderate_rain,fog_bank,0,train,train,held_out,0.5536294691224268,1.0,0.712691771269177,0.1939386399317457,511,923,226.35532333438687,fallback
urban_nlos,40.0,40.0,moderate_rain,fog_bank,1,train,train,held_out,0.5177777777777778,1.0,0.6822840409956076,0.2555329628099854,466,900,226.35532333438687,fallback
urban_nlos,40.0,40.0,moderate_rain,fog_bank,2,train,train,held_out,0.553763440860215,1.0,0.7128027681660899,0.22702740449859227,515,930,226.35532333438687,fallback
urban_nlos,40.0,40.0,moderate_rain,fog_bank,3,train,train,held_out,0.5532831001076426,1.0,0.7124047124047124,0.1895454891819671,514,929,226.35532333438687,fallback
urban_nlos,40.0,40.0,moderate_rain,fog_bank,4,train,train,held_out,0.5480043149946062,1.0,0.7080139372822299,0.240219462537928,508,927,226.35532333438687,fallback
urban_nlos,40.0,40.0,moderate_rain,fog_bank,5,train,train,held_out,0.5314533622559653,1.0,0.6940509915014165,0.23273868730732283,490,922,226.35532333438687,fallback
urban_nlos,40.0,40.0,moderate_rain,fog_bank,6,train,train,held_out,0.5527472527472528,1.0,0.7119603680113235,0.23286537289195133,503,910,226.35532333438687,fallback
urban_nlos,40.0,40.0,moderate_rain,fog_bank,7,train,train,held_out,0.5447680690399137,1.0,0.7053072625698324,0.230820774377145,505,927,226.35532333438687,fallback
urban_nlos,40.0,40.0,moderate_rain,fog_bank,8,train,train,held_out,0.5226019845644984,1.0,0.6864590876176684,0.2504273989686427,474,907,226.35532333438687,fallback
urban_nlos,40.0,40.0,moderate_rain,fog_bank,9,train,train,held_out,0.5313852813852814,1.0,0.6939929328621908,0.20055190950551824,491,924,226.35532333438687,fallback
urban_nlos,40.0,40.0,moderate_rain,landslide,0,train,train,held_out,0.5547128927410617,1.0,0.7135888501742159,0.1939122062219557,512,923,226.35532333438687,fallback
urban_nlos,40.0,40.0,moderate_rain,landslide,1,train,train,held_out,0.5211111111111111,1.0,0.6851716581446311,0.2532811927177117,469,900,226.35532333438687,fallback
urban_nlos,40.0,40.0,moderate_rain,landslide,2,train,train,held_out,0.5580645161290323,1.0,0.7163561076604555,0.21551104459905518,519,930,226.35532333438687,fallback
urban_nlos,40.0,40.0,moderate_rain,landslide,3,train,train,held_out,0.5532831001076426,1.0,0.7124047124047124,0.1807726217149376,514,929,226.35532333438687,fallback
urban_nlos,40.0,40.0,moderate_rain,landslide,4,train,train,held_out,0.5490830636461704,1.0,0.7089136490250696,0.2230048406650813,509,927,226.35532333438687,fallback
urban_nlos,40.0,40.0,moderate_rain,landslide,5,train,train,held_out,0.5325379609544468,1.0,0.6949752300070772,0.2287645588779239,491,922,226.35532333438687,fallback
urban_nlos,40.0,40.0,moderate_rain,landslide,6,train,train,held_out,0.554945054945055,1.0,0.7137809187279153,0.2318081137624297,505,910,226.35532333438687,fallback
urban_nlos,40.0,40.0,moderate_rain,landslide,7,train,train,held_out,0.5458468176914779,1.0,0.7062107466852756,0.21720064676682785,506,927,226.35532333438687,fallback
urban_nlos,40.0,40.0,moderate_rain,landslide,8,train,train,held_out,0.5248070562293274,1.0,0.6883586406362979,0.2411339589791365,476,907,226.35532333438687,fallback
urban_nlos,40.0,40.0,moderate_rain,landslide,9,train,train,held_out,0.5335497835497836,1.0,0.6958362738179252,0.19054274936435622,493,924,226.35532333438687,fallback
urban_nlos,40.0,40.0,moderate_rain,crash,0,train,train,held_out,0.5017421602787456,1.0,0.6682134570765662,0.3098770043174019,432,861,226.35532333438687,fallback
urban_nlos,40.0,40.0,moderate_rain,crash,1,train,train,held_out,0.48984468339307047,1.0,0.6575781876503608,0.33590654286639426,410,837,226.35532333438687,fallback
urban_nlos,40.0,40.0,moderate_rain,crash,2,train,train,held_out,0.4800469483568075,1.0,0.6486915146708961,0.3275950067173261,409,852,226.35532333438687,fallback
urban_nlos,40.0,40.0,moderate_rain,crash,3,train,train,held_out,0.5011737089201878,1.0,0.6677091477716967,0.3040249453643652,427,852,226.35532333438687,fallback
urban_nlos,40.0,40.0,moderate_rain,crash,4,train,train,held_out,0.4876905041031653,1.0,0.6556343577620174,0.3236626119169145,416,853,226.35532333438687,fallback
urban_nlos,40.0,40.0,moderate_rain,crash,5,train,train,held_out,0.46768507638072854,1.0,0.6373098478783026,0.3161337638543441,398,851,226.35532333438687,fallback
urban_nlos,40.0,40.0,moderate_rain,crash,6,train,train,held_out,0.4847001223990208,1.0,0.6529266281945589,0.34117566278591543,396,817,226.35532333438687,fallback
urban_nlos,40.0,40.0,moderate_rain,crash,7,train,train,held_out,0.5029239766081871,1.0,0.669260700389105,0.32055849420003446,430,855,226.35532333438687,fallback
urban_nlos,40.0,40.0,moderate_rain,crash,8,train,train,held_out,0.48418491484184917,1.0,0.6524590163934426,0.3515781114750107,398,822,226.35532333438687,fallback
urban_nlos,40.0,40.0,moderate_rain,crash,9,train,train,held_out,0.47417840375586856,1.0,0.6433121019108281,0.31838145987101757,404,852,226.35532333438687,fallback
urban_nlos,40.0,40.0,moderate_rain,waterlogging,0,train,held_out,held_out,0.5547128927410617,1.0,0.7135888501742159,0.19304279262652865,512,923,226.35532333438687,fallback
urban_nlos,40.0,40.0,moderate_rain,waterlogging,1,train,held_out,held_out,0.52,1.0,0.6842105263157895,0.25330909326627293,468,900,226.35532333438687,fallback
urban_nlos,40.0,40.0,moderate_rain,waterlogging,2,train,held_out,held_out,0.556989247311828,1.0,0.7154696132596685,0.2178762036690061,518,930,226.35532333438687,fallback
urban_nlos,40.0,40.0,moderate_rain,waterlogging,3,train,held_out,held_out,0.5532831001076426,1.0,0.7124047124047124,0.182170983006339,514,929,226.35532333438687,fallback
urban_nlos,40.0,40.0,moderate_rain,waterlogging,4,train,held_out,held_out,0.5480043149946062,1.0,0.7080139372822299,0.22688637535358008,508,927,226.35532333438687,fallback
urban_nlos,40.0,40.0,moderate_rain,waterlogging,5,train,held_out,held_out,0.5314533622559653,1.0,0.6940509915014165,0.22921306147796566,490,922,226.35532333438687,fallback
urban_nlos,40.0,40.0,moderate_rain,waterlogging,6,train,held_out,held_out,0.554945054945055,1.0,0.7137809187279153,0.2317177126394731,505,910,226.35532333438687,fallback
urban_nlos,40.0,40.0,moderate_rain,waterlogging,7,train,held_out,held_out,0.5458468176914779,1.0,0.7062107466852756,0.22031128676980705,506,927,226.35532333438687,fallback
urban_nlos,40.0,40.0,moderate_rain,waterlogging,8,train,held_out,held_out,0.5248070562293274,1.0,0.6883586406362979,0.24291258660233145,476,907,226.35532333438687,fallback
urban_nlos,40.0,40.0,moderate_rain,waterlogging,9,train,held_out,held_out,0.5335497835497836,1.0,0.6958362738179252,0.19255104834919104,493,924,226.35532333438687,fallback
urban_nlos,40.0,40.0,moderate_rain,black_ice,0,train,held_out,held_out,0.5547128927410617,1.0,0.7135888501742159,0.19340503831482528,512,923,226.35532333438687,fallback
urban_nlos,40.0,40.0,moderate_rain,black_ice,1,train,held_out,held_out,0.5211111111111111,1.0,0.6851716581446311,0.25321615080717885,469,900,226.35532333438687,fallback
urban_nlos,40.0,40.0,moderate_rain,black_ice,2,train,held_out,held_out,0.5580645161290323,1.0,0.7163561076604555,0.2166754834309874,519,930,226.35532333438687,fallback
urban_nlos,40.0,40.0,moderate_rain,black_ice,3,train,held_out,held_out,0.5532831001076426,1.0,0.7124047124047124,0.181401141302777,514,929,226.35532333438687,fallback
urban_nlos,40.0,40.0,moderate_rain,black_ice,4,train,held_out,held_out,0.5490830636461704,1.0,0.7089136490250696,0.22487478185992657,509,927,226.35532333438687,fallback
urban_nlos,40.0,40.0,moderate_rain,black_ice,5,train,held_out,held_out,0.5314533622559653,1.0,0.6940509915014165,0.22895685753356906,490,922,226.35532333438687,fallback
urban_nlos,40.0,40.0,moderate_rain,black_ice,6,train,held_out,held_out,0.554945054945055,1.0,0.7137809187279153,0.23169653491582048,505,910,226.35532333438687,fallback
urban_nlos,40.0,40.0,moderate_rain,black_ice,7,train,held_out,held_out,0.5458468176914779,1.0,0.7062107466852756,0.2186843493328621,506,927,226.35532333438687,fallback
urban_nlos,40.0,40.0,moderate_rain,black_ice,8,train,held_out,held_out,0.5248070562293274,1.0,0.6883586406362979,0.24195414571584475,476,907,226.35532333438687,fallback
urban_nlos,40.0,40.0,moderate_rain,black_ice,9,train,held_out,held_out,0.5335497835497836,1.0,0.6958362738179252,0.1915254498227533,493,924,226.35532333438687,fallback
urban_nlos,40.0,40.0,dense_fog,fog_bank,0,train,train,held_out,0.5050167224080268,1.0,0.6711111111111111,0.27460253069962365,453,897,226.35532333438687,fallback
urban_nlos,40.0,40.0,dense_fog,fog_bank,1,train,train,held_out,0.5403587443946188,1.0,0.7016011644832606,0.2873671266448955,482,892,226.35532333438687,fallback
urban_nlos,40.0,40.0,dense_fog,fog_bank,2,train,train,held_out,0.5503875968992248,1.0,0.71,0.30203928473916825,497,903,226.35532333438687,fallback
urban_nlos,40.0,40.0,dense_fog,fog_bank,3,train,train,held_out,0.4830230010952902,1.0,0.6514032496307237,0.2883815644330628,441,913,226.35532333438687,fallback
urban_nlos,40.0,40.0,dense_fog,fog_bank,4,train,train,held_out,0.5197294250281849,1.0,0.6839762611275964,0.33670350648064606,461,887,226.35532333438687,fallback
urban_nlos,40.0,40.0,dense_fog,fog_bank,5,train,train,held_out,0.537117903930131,1.0,0.6988636363636364,0.28053655464920585,492,916,226.35532333438687,fallback
urban_nlos,40.0,40.0,dense_fog,fog_bank,6,train,train,held_out,0.5330396475770925,1.0,0.6954022988505748,0.2520754500147784,484,908,226.35532333438687,fallback
urban_nlos,40.0,40.0,dense_fog,fog_bank,7,train,train,held_out,0.4912472647702407,1.0,0.6588407923697726,0.2646201543569335,449,914,226.35532333438687,fallback
urban_nlos,40.0,40.0,dense_fog,fog_bank,8,train,train,held_out,0.5044543429844098,1.0,0.6706143597335308,0.2874004813838839,453,898,226.35532333438687,fallback
urban_nlos,40.0,40.0,dense_fog,fog_bank,9,train,train,held_out,0.5343680709534369,1.0,0.6965317919075145,0.30509835934129464,482,902,226.35532333438687,fallback
urban_nlos,40.0,40.0,dense_fog,landslide,0,train,train,held_out,0.5050167224080268,1.0,0.6711111111111111,0.27202254758437155,453,897,226.35532333438687,fallback
urban_nlos,40.0,40.0,dense_fog,landslide,1,train,train,held_out,0.5426008968609866,1.0,0.7034883720930233,0.2699432198641604,484,892,226.35532333438687,fallback
urban_nlos,40.0,40.0,dense_fog,landslide,2,train,train,held_out,0.5526024363233666,1.0,0.7118402282453637,0.29577490958414165,499,903,226.35532333438687,fallback
urban_nlos,40.0,40.0,dense_fog,landslide,3,train,train,held_out,0.484118291347207,1.0,0.6523985239852398,0.2826120654581664,442,913,226.35532333438687,fallback
urban_nlos,40.0,40.0,dense_fog,landslide,4,train,train,held_out,0.5219842164599775,1.0,0.6859259259259259,0.327593370207605,463,887,226.35532333438687,fallback
urban_nlos,40.0,40.0,dense_fog,landslide,5,train,train,held_out,0.5382096069868996,1.0,0.6997870830376154,0.26897255993158187,493,916,226.35532333438687,fallback
urban_nlos,40.0,40.0,dense_fog,landslide,6,train,train,held_out,0.5352422907488987,1.0,0.697274031563845,0.2456923380115993,486,908,226.35532333438687,fallback
urban_nlos,40.0,40.0,dense_fog,landslide,7,train,train,held_out,0.4934354485776805,1.0,0.6608058608058608,0.2592169179129649,451,914,226.35532333438687,fallback
urban_nlos,40.0,40.0,dense_fog,landslide,8,train,train,held_out,0.5044543429844098,1.0,0.6706143597335308,0.2864430946854218,453,898,226.35532333438687,fallback
urban_nlos,40.0,40.0,dense_fog,landslide,9,train,train,held_out,0.5399113082039911,1.0,0.7012239020878329,0.2980167716849176,487,902,226.35532333438687,fallback
urban_nlos,40.0,40.0,dense_fog,crash,0,train,train,held_out,0.4665856622114216,1.0,0.6362883181441591,0.3511544648664412,384,823,226.35532333438687,fallback
urban_nlos,40.0,40.0,dense_fog,crash,1,train,train,held_out,0.4877750611246944,1.0,0.6557107641741989,0.3552312574115291,399,818,226.35532333438687,fallback
urban_nlos,40.0,40.0,dense_fog,crash,2,train,train,held_out,0.5031525851197982,1.0,0.6694630872483222,0.42149639646003406,399,793,226.35532333438687,fallback
urban_nlos,40.0,40.0,dense_fog,crash,3,train,train,held_out,0.451338199513382,1.0,0.6219614417435038,0.3776135220255635,371,822,226.35532333438687,fallback
urban_nlos,40.0,40.0,dense_fog,crash,4,train,train,held_out,0.470873786407767,1.0,0.6402640264026402,0.38265273152000245,388,824,226.35532333438687,fallback
urban_nlos,40.0,40.0,dense_fog,crash,5,train,train,held_out,0.4655581947743468,1.0,0.6353322528363047,0.3418039984286601,392,842,226.35532333438687,fallback
urban_nlos,40.0,40.0,dense_fog,crash,6,train,train,held_out,0.46886446886446886,1.0,0.6384039900249376,0.3578816902476787,384,819,226.35532333438687,fallback
urban_nlos,40.0,40.0,dense_fog,crash,7,train,train,held_out,0.44802867383512546,1.0,0.6188118811881189,0.34626459077415084,375,837,226.35532333438687,fallback
urban_nlos,40.0,40.0,dense_fog,crash,8,train,train,held_out,0.46568627450980393,1.0,0.6354515050167223,0.3698937082212813,380,816,226.35532333438687,fallback
urban_nlos,40.0,40.0,dense_fog,crash,9,train,train,held_out,0.49443757725587145,1.0,0.661703887510339,0.3839373945471671,400,809,226.35532333438687,fallback
urban_nlos,40.0,40.0,dense_fog,waterlogging,0,train,held_out,held_out,0.5050167224080268,1.0,0.6711111111111111,0.2720646973312862,453,897,226.35532333438687,fallback
urban_nlos,40.0,40.0,dense_fog,waterlogging,1,train,held_out,held_out,0.5414798206278026,1.0,0.7025454545454545,0.2740247959042151,483,892,226.35532333438687,fallback
urban_nlos,40.0,40.0,dense_fog,waterlogging,2,train,held_out,held_out,0.5526024363233666,1.0,0.7118402282453637,0.29672332861049316,499,903,226.35532333438687,fallback
urban_nlos,40.0,40.0,dense_fog,waterlogging,3,train,held_out,held_out,0.484118291347207,1.0,0.6523985239852398,0.2837323230331934,442,913,226.35532333438687,fallback
urban_nlos,40.0,40.0,dense_fog,waterlogging,4,train,held_out,held_out,0.5219842164599775,1.0,0.6859259259259259,0.32976377535622803,463,887,226.35532333438687,fallback
urban_nlos,40.0,40.0,dense_fog,waterlogging,5,train,held_out,held_out,0.5382096069868996,1.0,0.6997870830376154,0.27145090333267335,493,916,226.35532333438687,fallback
urban_nlos,40.0,40.0,dense_fog,waterlogging,6,train,held_out,held_out,0.5352422907488987,1.0,0.697274031563845,0.2469126214800502,486,908,226.35532333438687,fallback
urban_nlos,40.0,40.0,dense_fog,waterlogging,7,train,held_out,held_out,0.4923413566739606,1.0,0.6598240469208211,0.2602871711357519,450,914,226.35532333438687,fallback
urban_nlos,40.0,40.0,dense_fog,waterlogging,8,train,held_out,held_out,0.5044543429844098,1.0,0.6706143597335308,0.286176091460336,453,898,226.35532333438687,fallback
urban_nlos,40.0,40.0,dense_fog,waterlogging,9,train,held_out,held_out,0.5376940133037694,1.0,0.699351117519827,0.2992634104798089,485,902,226.35532333438687,fallback
urban_nlos,40.0,40.0,dense_fog,black_ice,0,train,held_out,held_out,0.5050167224080268,1.0,0.6711111111111111,0.271992026193596,453,897,226.35532333438687,fallback
urban_nlos,40.0,40.0,dense_fog,black_ice,1,train,held_out,held_out,0.5414798206278026,1.0,0.7025454545454545,0.27194202182454685,483,892,226.35532333438687,fallback
urban_nlos,40.0,40.0,dense_fog,black_ice,2,train,held_out,held_out,0.5526024363233666,1.0,0.7118402282453637,0.2961838093268899,499,903,226.35532333438687,fallback
urban_nlos,40.0,40.0,dense_fog,black_ice,3,train,held_out,held_out,0.484118291347207,1.0,0.6523985239852398,0.2831598765855517,442,913,226.35532333438687,fallback
urban_nlos,40.0,40.0,dense_fog,black_ice,4,train,held_out,held_out,0.5219842164599775,1.0,0.6859259259259259,0.32867824834347104,463,887,226.35532333438687,fallback
urban_nlos,40.0,40.0,dense_fog,black_ice,5,train,held_out,held_out,0.5382096069868996,1.0,0.6997870830376154,0.27016730487257584,493,916,226.35532333438687,fallback
urban_nlos,40.0,40.0,dense_fog,black_ice,6,train,held_out,held_out,0.5352422907488987,1.0,0.697274031563845,0.2462527249535661,486,908,226.35532333438687,fallback
urban_nlos,40.0,40.0,dense_fog,black_ice,7,train,held_out,held_out,0.4934354485776805,1.0,0.6608058608058608,0.2597233460514776,451,914,226.35532333438687,fallback
urban_nlos,40.0,40.0,dense_fog,black_ice,8,train,held_out,held_out,0.5044543429844098,1.0,0.6706143597335308,0.286323602801754,453,898,226.35532333438687,fallback
urban_nlos,40.0,40.0,dense_fog,black_ice,9,train,held_out,held_out,0.5388026607538803,1.0,0.7002881844380403,0.2985825283220263,486,902,226.35532333438687,fallback
urban_grid,40.0,40.0,clear,fog_bank,0,held_out,train,train,0.5847860538827259,1.0,0.738,0.11324428247379759,369,631,226.35532333438687,fallback
urban_grid,40.0,40.0,clear,fog_bank,1,held_out,train,train,0.5575079872204473,1.0,0.7158974358974358,0.14883718345959215,349,626,226.35532333438687,fallback
urban_grid,40.0,40.0,clear,fog_bank,2,held_out,train,train,0.5870253164556962,1.0,0.7397806580259223,0.12548593282970225,371,632,226.35532333438687,fallback
urban_grid,40.0,40.0,clear,fog_bank,3,held_out,train,train,0.568,1.0,0.7244897959183673,0.1531202746233617,355,625,226.35532333438687,fallback
urban_grid,40.0,40.0,clear,fog_bank,4,held_out,train,train,0.5873015873015873,1.0,0.74,0.14484401019240967,370,630,226.35532333438687,fallback
urban_grid,40.0,40.0,clear,fog_bank,5,held_out,train,train,0.6113744075829384,1.0,0.7588235294117647,0.11117921361435491,387,633,226.35532333438687,fallback
urban_grid,40.0,40.0,clear,fog_bank,6,held_out,train,train,0.6140350877192983,1.0,0.7608695652173912,0.1664363945436509,385,627,226.35532333438687,fallback
urban_grid,40.0,40.0,clear,fog_bank,7,held_out,train,train,0.594551282051282,1.0,0.7457286432160805,0.18734487306008232,371,624,226.35532333438687,fallback
urban_grid,40.0,40.0,clear,fog_bank,8,held_out,train,train,0.6173228346456693,1.0,0.7633885102239533,0.11885038700977583,392,635,226.35532333438687,fallback
urban_grid,40.0,40.0,clear,fog_bank,9,held_out,train,train,0.5886075949367089,1.0,0.7410358565737052,0.12746950160655318,372,632,226.35532333438687,fallback
urban_grid,40.0,40.0,clear,landslide,0,held_out,train,train,0.5847860538827259,1.0,0.738,0.10858564263435284,369,631,226.35532333438687,fallback
urban_grid,40.0,40.0,clear,landslide,1,held_out,train,train,0.5575079872204473,1.0,0.7158974358974358,0.14614842986291401,349,626,226.35532333438687,fallback
urban_grid,40.0,40.0,clear,landslide,2,held_out,train,train,0.5886075949367089,1.0,0.7410358565737052,0.10769112821514826,372,632,226.35532333438687,fallback
urban_grid,40.0,40.0,clear,landslide,3,held_out,train,train,0.568,1.0,0.7244897959183673,0.13877567159931467,355,625,226.35532333438687,fallback
urban_grid,40.0,40.0,clear,landslide,4,held_out,train,train,0.5873015873015873,1.0,0.74,0.12287182556569623,370,630,226.35532333438687,fallback
urban_grid,40.0,40.0,clear,landslide,5,held_out,train,train,0.6113744075829384,1.0,0.7588235294117647,0.10138757992878675,387,633,226.35532333438687,fallback
urban_grid,40.0,40.0,clear,landslide,6,held_out,train,train,0.6156299840510366,1.0,0.7620927936821322,0.15227227936569657,386,627,226.35532333438687,fallback
urban_grid,40.0,40.0,clear,landslide,7,held_out,train,train,0.594551282051282,1.0,0.7457286432160805,0.17436410986664452,371,624,226.35532333438687,fallback
urban_grid,40.0,40.0,clear,landslide,8,held_out,train,train,0.6173228346456693,1.0,0.7633885102239533,0.10544698410276404,392,635,226.35532333438687,fallback
urban_grid,40.0,40.0,clear,landslide,9,held_out,train,train,0.5886075949367089,1.0,0.7410358565737052,0.10931097512361258,372,632,226.35532333438687,fallback
urban_grid,40.0,40.0,clear,crash,0,held_out,train,train,0.5151515151515151,1.0,0.6799999999999999,0.3363902440653333,289,561,226.35532333438687,fallback
urban_grid,40.0,40.0,clear,crash,1,held_out,train,train,0.5103189493433395,1.0,0.6757763975155279,0.381996809564752,272,533,226.35532333438687,fallback
urban_grid,40.0,40.0,clear,crash,2,held_out,train,train,0.5452930728241563,1.0,0.7057471264367816,0.3545406884453726,307,563,226.35532333438687,fallback
urban_grid,40.0,40.0,clear,crash,3,held_out,train,train,0.4991055456171735,1.0,0.665871121718377,0.3277172154347977,279,559,226.35532333438687,fallback
urban_grid,40.0,40.0,clear,crash,4,held_out,train,train,0.5313059033989267,1.0,0.6939252336448598,0.34816177494977935,297,559,226.35532333438687,fallback
urban_grid,40.0,40.0,clear,crash,5,held_out,train,train,0.5269565217391304,1.0,0.6902050113895217,0.31120362712175353,303,575,226.35532333438687,fallback
urban_grid,40.0,40.0,clear,crash,6,held_out,train,train,0.5403949730700179,1.0,0.7016317016317016,0.3531264444680189,301,557,226.35532333438687,fallback
urban_grid,40.0,40.0,clear,crash,7,held_out,train,train,0.5272727272727272,1.0,0.6904761904761904,0.36372337552810674,290,550,226.35532333438687,fallback
urban_grid,40.0,40.0,clear,crash,8,held_out,train,train,0.5472370766488414,1.0,0.7073732718894009,0.36006295566313223,307,561,226.35532333438687,fallback
urban_grid,40.0,40.0,clear,crash,9,held_out,train,train,0.5327433628318584,1.0,0.6951501154734412,0.3390517314217931,301,565,226.35532333438687,fallback
urban_grid,40.0,40.0,clear,waterlogging,0,held_out,held_out,train,0.5847860538827259,1.0,0.738,0.10863023393841638,369,631,226.35532333438687,fallback
urban_grid,40.0,40.0,clear,waterlogging,1,held_out,held_out,train,0.5575079872204473,1.0,0.7158974358974358,0.14622904354072372,349,626,226.35532333438687,fallback
urban_grid,40.0,40.0,clear,waterlogging,2,held_out,held_out,train,0.5886075949367089,1.0,0.7410358565737052,0.11175985217822208,372,632,226.35532333438687,fallback
urban_grid,40.0,40.0,clear,waterlogging,3,held_out,held_out,train,0.568,1.0,0.7244897959183673,0.14148643134017574,355,625,226.35532333438687,fallback
urban_grid,40.0,40.0,clear,waterlogging,4,held_out,held_out,train,0.5873015873015873,1.0,0.74,0.12808194760439165,370,630,226.35532333438687,fallback
urban_grid,40.0,40.0,clear,waterlogging,5,held_out,held_out,train,0.6113744075829384,1.0,0.7588235294117647,0.10311426245297002,387,633,226.35532333438687,fallback
urban_grid,40.0,40.0,clear,waterlogging,6,held_out,held_out,train,0.6156299840510366,1.0,0.7620927936821322,0.15529491490318423,386,627,226.35532333438687,fallback
urban_grid,40.0,40.0,clear,waterlogging,7,held_out,held_out,train,0.594551282051282,1.0,0.7457286432160805,0.17717810088459113,371,624,226.35532333438687,fallback
urban_grid,40.0,40.0,clear,waterlogging,8,held_out,held_out,train,0.6173228346456693,1.0,0.7633885102239533,0.10778048738181153,392,635,226.35532333438687,fallback
urban_grid,40.0,40.0,clear,waterlogging,9,held_out,held_out,train,0.5886075949367089,1.0,0.7410358565737052,0.11256074266414338,372,632,226.35532333438687,fallback
urban_grid,40.0,40.0,clear,black_ice,0,held_out,held_out,train,0.5847860538827259,1.0,0.738,0.10856009509352657,369,631,226.35532333438687,fallback
urban_grid,40.0,40.0,clear,black_ice,1,held_out,held_out,train,0.5575079872204473,1.0,0.7158974358974358,0.14609524036356858,349,626,226.35532333438687,fallback
urban_grid,40.0,40.0,clear,black_ice,2,held_out,held_out,train,0.5886075949367089,1.0,0.7410358565737052,0.10974502731120295,372,632,226.35532333438687,fallback
urban_grid,40.0,40.0,clear,black_ice,3,held_out,held_out,train,0.568,1.0,0.7244897959183673,0.14003706123771903,355,625,226.35532333438687,fallback
urban_grid,40.0,40.0,clear,black_ice,4,held_out,held_out,train,0.5873015873015873,1.0,0.74,0.12539059949736225,370,630,226.35532333438687,fallback
urban_grid,40.0,40.0,clear,black_ice,5,held_out,held_out,train,0.6113744075829384,1.0,0.7588235294117647,0.10212651788745074,387,633,226.35532333438687,fallback
urban_grid,40.0,40.0,clear,black_ice,6,held_out,held_out,train,0.6156299840510366,1.0,0.7620927936821322,0.1537729688037556,386,627,226.35532333438687,fallback
urban_grid,40.0,40.0,clear,black_ice,7,held_out,held_out,train,0.594551282051282,1.0,0.7457286432160805,0.17571541435958765,371,624,226.35532333438687,fallback
urban_grid,40.0,40.0,clear,black_ice,8,held_out,held_out,train,0.6173228346456693,1.0,0.7633885102239533,0.10651348121782139,392,635,226.35532333438687,fallback
urban_grid,40.0,40.0,clear,black_ice,9,held_out,held_out,train,0.5886075949367089,1.0,0.7410358565737052,0.11077206034328027,372,632,226.35532333438687,fallback
urban_grid,40.0,40.0,heavy_rain,fog_bank,0,held_out,train,train,0.5758564437194127,1.0,0.7308488612836439,0.21731382921281564,353,613,226.35532333438687,fallback
urban_grid,40.0,40.0,heavy_rain,fog_bank,1,held_out,train,train,0.5938009787928222,1.0,0.745138178096213,0.24537171989830975,364,613,226.35532333438687,fallback
urban_grid,40.0,40.0,heavy_rain,fog_bank,2,held_out,train,train,0.5876623376623377,1.0,0.7402862985685073,0.243399124972034,362,616,226.35532333438687,fallback
urban_grid,40.0,40.0,heavy_rain,fog_bank,3,held_out,train,train,0.5905383360522023,1.0,0.7425641025641025,0.2633132848453366,362,613,226.35532333438687,fallback
urban_grid,40.0,40.0,heavy_rain,fog_bank,4,held_out,train,train,0.586709886547812,1.0,0.7395301327885597,0.24986994758784847,362,617,226.35532333438687,fallback
urban_grid,40.0,40.0,heavy_rain,fog_bank,5,held_out,train,train,0.5489566613162119,1.0,0.7088082901554403,0.18526687141925188,342,623,226.35532333438687,fallback
urban_grid,40.0,40.0,heavy_rain,fog_bank,6,held_out,train,train,0.5853658536585366,1.0,0.7384615384615384,0.22464885993171663,360,615,226.35532333438687,fallback
urban_grid,40.0,40.0,heavy_rain,fog_bank,7,held_out,train,train,0.5447154471544715,1.0,0.7052631578947368,0.23089170252504082,335,615,226.35532333438687,fallback
urban_grid,40.0,40.0,heavy_rain,fog_bank,8,held_out,train,train,0.5578778135048231,1.0,0.7162022703818369,0.1972813148001226,347,622,226.35532333438687,fallback
urban_grid,40.0,40.0,heavy_rain,fog_bank,9,held_out,train,train,0.5903225806451613,1.0,0.742393509127789,0.21529641490894144,366,620,226.35532333438687,fallback
urban_grid,40.0,40.0,heavy_rain,landslide,0,held_out,train,train,0.5758564437194127,1.0,0.7308488612836439,0.20847074103697769,353,613,226.35532333438687,fallback
urban_grid,40.0,40.0,heavy_rain,landslide,1,held_out,train,train,0.5954323001631321,1.0,0.7464212678936605,0.23515466589638956,365,613,226.35532333438687,fallback
urban_grid,40.0,40.0,heavy_rain,landslide,2,held_out,train,train,0.5925324675324676,1.0,0.744138634046891,0.22736446338365096,365,616,226.35532333438687,fallback
urban_grid,40.0,40.0,heavy_rain,landslide,3,held_out,train,train,0.5938009787928222,1.0,0.745138178096213,0.2501806397326036,364,613,226.35532333438687,fallback
urban_grid,40.0,40.0,heavy_rain,landslide,4,held_out,train,train,0.5899513776337115,1.0,0.7420998980632009,0.23261965345511923,364,617,226.35532333438687,fallback
urban_grid,40.0,40.0,heavy_rain,landslide,5,held_out,train,train,0.5489566613162119,1.0,0.7088082901554403,0.16370700391488768,342,623,226.35532333438687,fallback
urban_grid,40.0,40.0,heavy_rain,landslide,6,held_out,train,train,0.5853658536585366,1.0,0.7384615384615384,0.2117984057401727,360,615,226.35532333438687,fallback
urban_grid,40.0,40.0,heavy_rain,landslide,7,held_out,train,train,0.5447154471544715,1.0,0.7052631578947368,0.22343316363828905,335,615,226.35532333438687,fallback
urban_grid,40.0,40.0,heavy_rain,landslide,8,held_out,train,train,0.5594855305466238,1.0,0.7175257731958763,0.1915887040440582,348,622,226.35532333438687,fallback
urban_grid,40.0,40.0,heavy_rain,landslide,9,held_out,train,train,0.5903225806451613,1.0,0.742393509127789,0.19838261175804986,366,620,226.35532333438687,fallback
urban_grid,40.0,40.0,heavy_rain,crash,0,held_out,train,train,0.5337078651685393,1.0,0.695970695970696,0.39058209705494557,285,534,226.35532333438687,fallback
urban_grid,40.0,40.0,heavy_rain,crash,1,held_out,train,train,0.539047619047619,1.0,0.7004950495049505,0.40652468399079117,283,525,226.35532333438687,fallback
urban_grid,40.0,40.0,heavy_rain,crash,2,held_out,train,train,0.566420664206642,1.0,0.7232037691401649,0.39846287859575447,307,542,226.35532333438687,fallback
urban_grid,40.0,40.0,heavy_rain,crash,3,held_out,train,train,0.5553470919324578,1.0,0.7141133896260554,0.4282149955325753,296,533,226.35532333438687,fallback
urban_grid,40.0,40.0,heavy_rain,crash,4,held_out,train,train,0.5576208178438662,1.0,0.7159904534606205,0.4094665720713635,300,538,226.35532333438687,fallback
urban_grid,40.0,40.0,heavy_rain,crash,5,held_out,train,train,0.4963235294117647,1.0,0.6633906633906634,0.35477934923520393,270,544,226.35532333438687,fallback
urban_grid,40.0,40.0,heavy_rain,crash,6,held_out,train,train,0.5469924812030075,1.0,0.7071688942891858,0.4009647818615192,291,532,226.35532333438687,fallback
urban_grid,40.0,40.0,heavy_rain,crash,7,held_out,train,train,0.5066162570888468,1.0,0.6725219573400251,0.40446644218404876,268,529,226.35532333438687,fallback
urban_grid,40.0,40.0,heavy_rain,crash,8,held_out,train,train,0.5447619047619048,1.0,0.7053020961775586,0.4296979894944269,286,525,226.35532333438687,fallback
urban_grid,40.0,40.0,heavy_rain,crash,9,held_out,train,train,0.5599250936329588,1.0,0.7178871548619448,0.4040988508995597,299,534,226.35532333438687,fallback
urban_grid,40.0,40.0,heavy_rain,waterlogging,0,held_out,held_out,train,0.5758564437194127,1.0,0.7308488612836439,0.21004075760326457,353,613,226.35532333438687,fallback
urban_grid,40.0,40.0,heavy_rain,waterlogging,1,held_out,held_out,train,0.5954323001631321,1.0,0.7464212678936605,0.23710880925015254,365,613,226.35532333438687,fallback
urban_grid,40.0,40.0,heavy_rain,waterlogging,2,held_out,held_out,train,0.5909090909090909,1.0,0.7428571428571429,0.23094769686604089,364,616,226.35532333438687,fallback
urban_grid,40.0,40.0,heavy_rain,waterlogging,3,held_out,held_out,train,0.5921696574225123,1.0,0.7438524590163935,0.2533093795356431,363,613,226.35532333438687,fallback
urban_grid,40.0,40.0,heavy_rain,waterlogging,4,held_out,held_out,train,0.5883306320907618,1.0,0.7408163265306122,0.2367196502182242,363,617,226.35532333438687,fallback
urban_grid,40.0,40.0,heavy_rain,waterlogging,5,held_out,held_out,train,0.5489566613162119,1.0,0.7088082901554403,0.16871971069540487,342,623,226.35532333438687,fallback
urban_grid,40.0,40.0,heavy_rain,waterlogging,6,held_out,held_out,train,0.5853658536585366,1.0,0.7384615384615384,0.21479513162150043,360,615,226.35532333438687,fallback
urban_grid,40.0,40.0,heavy_rain,waterlogging,7,held_out,held_out,train,0.5447154471544715,1.0,0.7052631578947368,0.22446850687216197,335,615,226.35532333438687,fallback
urban_grid,40.0,40.0,heavy_rain,waterlogging,8,held_out,held_out,train,0.5578778135048231,1.0,0.7162022703818369,0.19215085512120278,347,622,226.35532333438687,fallback
urban_grid,40.0,40.0,heavy_rain,waterlogging,9,held_out,held_out,train,0.5903225806451613,1.0,0.742393509127789,0.2022529854556378,366,620,226.35532333438687,fallback
urban_grid,40.0,40.0,heavy_rain,black_ice,0,held_out,held_out,train,0.5758564437194127,1.0,0.7308488612836439,0.20919302312183272,353,613,226.35532333438687,fallback
urban_grid,40.0,40.0,heavy_rain,black_ice,1,held_out,held_out,train,0.5954323001631321,1.0,0.7464212678936605,0.2360593869119967,365,613,226.35532333438687,fallback
urban_grid,40.0,40.0,heavy_rain,black_ice,2,held_out,held_out,train,0.5909090909090909,1.0,0.7428571428571429,0.22911930819952964,364,616,226.35532333438687,fallback
urban_grid,40.0,40.0,heavy_rain,black_ice,3,held_out,held_out,train,0.5938009787928222,1.0,0.745138178096213,0.25170274284903793,364,613,226.35532333438687,fallback
urban_grid,40.0,40.0,heavy_rain,black_ice,4,held_out,held_out,train,0.5899513776337115,1.0,0.7420998980632009,0.23464635645875553,364,617,226.35532333438687,fallback
urban_grid,40.0,40.0,heavy_rain,black_ice,5,held_out,held_out,train,0.5489566613162119,1.0,0.7088082901554403,0.16615336491759644,342,623,226.35532333438687,fallback
urban_grid,40.0,40.0,heavy_rain,black_ice,6,held_out,held_out,train,0.5853658536585366,1.0,0.7384615384615384,0.21324616111793923,360,615,226.35532333438687,fallback
urban_grid,40.0,40.0,heavy_rain,black_ice,7,held_out,held_out,train,0.5447154471544715,1.0,0.7052631578947368,0.2239157841938785,335,615,226.35532333438687,fallback
urban_grid,40.0,40.0,heavy_rain,black_ice,8,held_out,held_out,train,0.5578778135048231,1.0,0.7162022703818369,0.19177589875023573,347,622,226.35532333438687,fallback
urban_grid,40.0,40.0,heavy_rain,black_ice,9,held_out,held_out,train,0.5903225806451613,1.0,0.742393509127789,0.20024071102157506,366,620,226.35532333438687,fallback
urban_grid,40.0,40.0,moderate_rain,fog_bank,0,held_out,train,held_out,0.6054313099041534,1.0,0.7542288557213931,0.1623065165258523,379,626,226.35532333438687,fallback
urban_grid,40.0,40.0,moderate_rain,fog_bank,1,held_out,train,held_out,0.5838607594936709,1.0,0.7372627372627373,0.15448198126533857,369,632,226.35532333438687,fallback
urban_grid,40.0,40.0,moderate_rain,fog_bank,2,held_out,train,held_out,0.5422647527910686,1.0,0.703205791106515,0.15218081779034398,340,627,226.35532333438687,fallback
urban_grid,40.0,40.0,moderate_rain,fog_bank,3,held_out,train,held_out,0.5826513911620295,1.0,0.7362978283350569,0.23349281997339244,356,611,226.35532333438687,fallback
urban_grid,40.0,40.0,moderate_rain,fog_bank,4,held_out,train,held_out,0.60828025477707,1.0,0.7564356435643564,0.17384037035903513,382,628,226.35532333438687,fallback
urban_grid,40.0,40.0,moderate_rain,fog_bank,5,held_out,train,held_out,0.567741935483871,1.0,0.7242798353909464,0.18404635901291067,352,620,226.35532333438687,fallback
urban_grid,40.0,40.0,moderate_rain,fog_bank,6,held_out,train,held_out,0.599025974025974,1.0,0.749238578680203,0.21465971930375052,369,616,226.35532333438687,fallback
urban_grid,40.0,40.0,moderate_rain,fog_bank,7,held_out,train,held_out,0.5834683954619124,1.0,0.7369498464687819,0.25189568381990357,360,617,226.35532333438687,fallback
urban_grid,40.0,40.0,moderate_rain,fog_bank,8,held_out,train,held_out,0.5990338164251208,1.0,0.7492447129909365,0.21529976181171623,372,621,226.35532333438687,fallback
urban_grid,40.0,40.0,moderate_rain,fog_bank,9,held_out,train,held_out,0.6079365079365079,1.0,0.7561697926949653,0.15226829972591058,383,630,226.35532333438687,fallback
urban_grid,40.0,40.0,moderate_rain,landslide,0,held_out,train,held_out,0.6054313099041534,1.0,0.7542288557213931,0.15646625664007455,379,626,226.35532333438687,fallback
urban_grid,40.0,40.0,moderate_rain,landslide,1,held_out,train,held_out,0.5838607594936709,1.0,0.7372627372627373,0.12507875359216383,369,632,226.35532333438687,fallback
urban_grid,40.0,40.0,moderate_rain,landslide,2,held_out,train,held_out,0.5422647527910686,1.0,0.703205791106515,0.13109527353684922,340,627,226.35532333438687,fallback
urban_grid,40.0,40.0,moderate_rain,landslide,3,held_out,train,held_out,0.5826513911620295,1.0,0.7362978283350569,0.23120012483368949,356,611,226.35532333438687,fallback
urban_grid,40.0,40.0,moderate_rain,landslide,4,held_out,train,held_out,0.60828025477707,1.0,0.7564356435643564,0.15222309204067716,382,628,226.35532333438687,fallback
urban_grid,40.0,40.0,moderate_rain,landslide,5,held_out,train,held_out,0.5693548387096774,1.0,0.7255909558067831,0.16607192374619653,353,620,226.35532333438687,fallback
urban_grid,40.0,40.0,moderate_rain,landslide,6,held_out,train,held_out,0.599025974025974,1.0,0.749238578680203,0.2130661769007068,369,616,226.35532333438687,fallback
urban_grid,40.0,40.0,moderate_rain,landslide,7,held_out,train,held_out,0.5850891410048622,1.0,0.738241308793456,0.2299093108286181,361,617,226.35532333438687,fallback
urban_grid,40.0,40.0,moderate_rain,landslide,8,held_out,train,held_out,0.5990338164251208,1.0,0.7492447129909365,0.20457965011379475,372,621,226.35532333438687,fallback
urban_grid,40.0,40.0,moderate_rain,landslide,9,held_out,train,held_out,0.6095238095238096,1.0,0.7573964497041421,0.14911160879826654,384,630,226.35532333438687,fallback
urban_grid,40.0,40.0,moderate_rain,crash,0,held_out,train,held_out,0.5452930728241563,1.0,0.7057471264367816,0.34361814195907914,307,563,226.35532333438687,fallback
urban_grid,40.0,40.0,moderate_rain,crash,1,held_out,train,held_out,0.5361552028218695,1.0,0.6980482204362801,0.32752152896323233,304,567,226.35532333438687,fallback
urban_grid,40.0,40.0,moderate_rain,crash,2,held_out,train,held_out,0.49725776965265084,1.0,0.6642246642246643,0.35269267153804557,272,547,226.35532333438687,fallback
urban_grid,40.0,40.0,moderate_rain,crash,3,held_out,train,held_out,0.5254237288135594,1.0,0.688888888888889,0.3953077038630214,279,531,226.35532333438687,fallback
urban_grid,40.0,40.0,moderate_rain,crash,4,held_out,train,held_out,0.5553539019963702,1.0,0.7141190198366395,0.3890280370782495,306,551,226.35532333438687,fallback
urban_grid,40.0,40.0,moderate_rain,crash,5,held_out,train,held_out,0.540590405904059,1.0,0.7017964071856287,0.3769010838068452,293,542,226.35532333438687,fallback
urban_grid,40.0,40.0,moderate_rain,crash,6,held_out,train,held_out,0.5374771480804388,1.0,0.6991676575505351,0.3793616145824807,294,547,226.35532333438687,fallback
urban_grid,40.0,40.0,moderate_rain,crash,7,held_out,train,held_out,0.5408921933085502,1.0,0.7020506634499397,0.39907279361195114,291,538,226.35532333438687,fallback
urban_grid,40.0,40.0,moderate_rain,crash,8,held_out,train,held_out,0.551094890510949,1.0,0.7105882352941177,0.3931957464727167,302,548,226.35532333438687,fallback
urban_grid,40.0,40.0,moderate_rain,crash,9,held_out,train,held_out,0.5579322638146168,1.0,0.7162471395881007,0.3651232121640602,313,561,226.35532333438687,fallback
urban_grid,40.0,40.0,moderate_rain,waterlogging,0,held_out,held_out,held_out,0.6054313099041534,1.0,0.7542288557213931,0.15696478452852886,379,626,226.35532333438687,fallback
urban_grid,40.0,40.0,moderate_rain,waterlogging,1,held_out,held_out,held_out,0.5838607594936709,1.0,0.7372627372627373,0.13182525925897956,369,632,226.35532333438687,fallback
urban_grid,40.0,40.0,moderate_rain,waterlogging,2,held_out,held_out,held_out,0.5422647527910686,1.0,0.703205791106515,0.13580994689588566,340,627,226.35532333438687,fallback
urban_grid,40.0,40.0,moderate_rain,waterlogging,3,held_out,held_out,held_out,0.5826513911620295,1.0,0.7362978283350569,0.23140542485938592,356,611,226.35532333438687,fallback
urban_grid,40.0,40.0,moderate_rain,waterlogging,4,held_out,held_out,held_out,0.60828025477707,1.0,0.7564356435643564,0.15763078123846597,382,628,226.35532333438687,fallback
urban_grid,40.0,40.0,moderate_rain,waterlogging,5,held_out,held_out,held_out,0.567741935483871,1.0,0.7242798353909464,0.1705922948638156,352,620,226.35532333438687,fallback
urban_grid,40.0,40.0,moderate_rain,waterlogging,6,held_out,held_out,held_out,0.599025974025974,1.0,0.749238578680203,0.21279311797648412,369,616,226.35532333438687,fallback
urban_grid,40.0,40.0,moderate_rain,waterlogging,7,held_out,held_out,held_out,0.5850891410048622,1.0,0.738241308793456,0.23552886416813829,361,617,226.35532333438687,fallback
urban_grid,40.0,40.0,moderate_rain,waterlogging,8,held_out,held_out,held_out,0.5990338164251208,1.0,0.7492447129909365,0.2067544839780173,372,621,226.35532333438687,fallback
urban_grid,40.0,40.0,moderate_rain,waterlogging,9,held_out,held_out,held_out,0.6079365079365079,1.0,0.7561697926949653,0.14861812100797311,383,630,226.35532333438687,fallback
urban_grid,40.0,40.0,moderate_rain,black_ice,0,held_out,held_out,held_out,0.6054313099041534,1.0,0.7542288557213931,0.15661320827970382,379,626,226.35532333438687,fallback
urban_grid,40.0,40.0,moderate_rain,black_ice,1,held_out,held_out,held_out,0.5838607594936709,1.0,0.7372627372627373,0.1283557962321928,369,632,226.35532333438687,fallback
urban_grid,40.0,40.0,moderate_rain,black_ice,2,held_out,held_out,held_out,0.5422647527910686,1.0,0.703205791106515,0.13339913831681985,340,627,226.35532333438687,fallback
urban_grid,40.0,40.0,moderate_rain,black_ice,3,held_out,held_out,held_out,0.5826513911620295,1.0,0.7362978283350569,0.23129121558175003,356,611,226.35532333438687,fallback
urban_grid,40.0,40.0,moderate_rain,black_ice,4,held_out,held_out,held_out,0.60828025477707,1.0,0.7564356435643564,0.15493078941527857,382,628,226.35532333438687,fallback
urban_grid,40.0,40.0,moderate_rain,black_ice,5,held_out,held_out,held_out,0.567741935483871,1.0,0.7242798353909464,0.16829432853765594,352,620,226.35532333438687,fallback
urban_grid,40.0,40.0,moderate_rain,black_ice,6,held_out,held_out,held_out,0.599025974025974,1.0,0.749238578680203,0.21283603807388576,369,616,226.35532333438687,fallback
urban_grid,40.0,40.0,moderate_rain,black_ice,7,held_out,held_out,held_out,0.5850891410048622,1.0,0.738241308793456,0.2327018932869981,361,617,226.35532333438687,fallback
urban_grid,40.0,40.0,moderate_rain,black_ice,8,held_out,held_out,held_out,0.5990338164251208,1.0,0.7492447129909365,0.20561388925516658,372,621,226.35532333438687,fallback
urban_grid,40.0,40.0,moderate_rain,black_ice,9,held_out,held_out,held_out,0.6079365079365079,1.0,0.7561697926949653,0.148798701298625,383,630,226.35532333438687,fallback
urban_grid,40.0,40.0,dense_fog,fog_bank,0,held_out,train,held_out,0.5796387520525451,1.0,0.7338877338877338,0.2379748103727648,353,609,226.35532333438687,fallback
urban_grid,40.0,40.0,dense_fog,fog_bank,1,held_out,train,held_out,0.521311475409836,1.0,0.6853448275862069,0.246434417469124,318,610,226.35532333438687,fallback
urban_grid,40.0,40.0,dense_fog,fog_bank,2,held_out,train,held_out,0.5485996705107083,1.0,0.7085106382978723,0.24444553103901856,333,607,226.35532333438687,fallback
urban_grid,40.0,40.0,dense_fog,fog_bank,3,held_out,train,held_out,0.543046357615894,1.0,0.7038626609442059,0.26195565840786456,328,604,226.35532333438687,fallback
urban_grid,40.0,40.0,dense_fog,fog_bank,4,held_out,train,held_out,0.578688524590164,1.0,0.7331256490134995,0.26163537445113966,353,610,226.35532333438687,fallback
urban_grid,40.0,40.0,dense_fog,fog_bank,5,held_out,train,held_out,0.5831987075928917,1.0,0.736734693877551,0.2282457939138321,361,619,226.35532333438687,fallback
urban_grid,40.0,40.0,dense_fog,fog_bank,6,held_out,train,held_out,0.5182724252491694,1.0,0.6827133479212254,0.23228313431677622,312,602,226.35532333438687,fallback
urban_grid,40.0,40.0,dense_fog,fog_bank,7,held_out,train,held_out,0.5522875816993464,1.0,0.7115789473684211,0.25689029789927703,338,612,226.35532333438687,fallback
urban_grid,40.0,40.0,dense_fog,fog_bank,8,held_out,train,held_out,0.5707317073170731,1.0,0.7267080745341614,0.2796532173669754,351,615,226.35532333438687,fallback
urban_grid,40.0,40.0,dense_fog,fog_bank,9,held_out,train,held_out,0.5388349514563107,1.0,0.7003154574132492,0.20853441315243787,333,618,226.35532333438687,fallback
urban_grid,40.0,40.0,dense_fog,landslide,0,held_out,train,held_out,0.5796387520525451,1.0,0.7338877338877338,0.22942859253128497,353,609,226.35532333438687,fallback
urban_grid,40.0,40.0,dense_fog,landslide,1,held_out,train,held_out,0.5245901639344263,1.0,0.6881720430107526,0.2383950187552146,320,610,226.35532333438687,fallback
urban_grid,40.0,40.0,dense_fog,landslide,2,held_out,train,held_out,0.5502471169686985,1.0,0.7098831030818279,0.2304187919991687,334,607,226.35532333438687,fallback
urban_grid,40.0,40.0,dense_fog,landslide,3,held_out,train,held_out,0.543046357615894,1.0,0.7038626609442059,0.24005349893454533,328,604,226.35532333438687,fallback
urban_grid,40.0,40.0,dense_fog,landslide,4,held_out,train,held_out,0.578688524590164,1.0,0.7331256490134995,0.25336785838669473,353,610,226.35532333438687,fallback
urban_grid,40.0,40.0,dense_fog,landslide,5,held_out,train,held_out,0.5848142164781907,1.0,0.7380224260958206,0.2113060200567367,362,619,226.35532333438687,fallback
urban_grid,40.0,40.0,dense_fog,landslide,6,held_out,train,held_out,0.5199335548172758,1.0,0.684153005464481,0.23171132703685837,313,602,226.35532333438687,fallback
urban_grid,40.0,40.0,dense_fog,landslide,7,held_out,train,held_out,0.553921568627451,1.0,0.7129337539432177,0.24563872060684339,339,612,226.35532333438687,fallback
urban_grid,40.0,40.0,dense_fog,landslide,8,held_out,train,held_out,0.5739837398373984,1.0,0.7293388429752066,0.27308355261280093,353,615,226.35532333438687,fallback
urban_grid,40.0,40.0,dense_fog,landslide,9,held_out,train,held_out,0.540453074433657,1.0,0.7016806722689076,0.20185030080223543,334,618,226.35532333438687,fallback
urban_grid,40.0,40.0,dense_fog,crash,0,held_out,train,held_out,0.5619047619047619,1.0,0.7195121951219512,0.42279576272661973,295,525,226.35532333438687,fallback
urban_grid,40.0,40.0,dense_fog,crash,1,held_out,train,held_out,0.5076335877862596,1.0,0.6734177215189874,0.3905992954773882,266,524,226.35532333438687,fallback
urban_grid,40.0,40.0,dense_fog,crash,2,held_out,train,held_out,0.5365384615384615,1.0,0.6983729662077597,0.408742212565081,279,520,226.35532333438687,fallback
urban_grid,40.0,40.0,dense_fog,crash,3,held_out,train,held_out,0.5329457364341085,1.0,0.6953223767383059,0.4310439831702918,275,516,226.35532333438687,fallback
urban_grid,40.0,40.0,dense_fog,crash,4,held_out,train,held_out,0.5640535372848948,1.0,0.7212713936430318,0.43133963643088313,295,523,226.35532333438687,fallback
urban_grid,40.0,40.0,dense_fog,crash,5,held_out,train,held_out,0.5663551401869159,1.0,0.7231503579952266,0.4164701269899426,303,535,226.35532333438687,fallback
urban_grid,40.0,40.0,dense_fog,crash,6,held_out,train,held_out,0.4805447470817121,1.0,0.6491458607095927,0.389806945682695,247,514,226.35532333438687,fallback
urban_grid,40.0,40.0,dense_fog,crash,7,held_out,train,held_out,0.5169811320754717,1.0,0.6815920398009949,0.3989992900017627,274,530,226.35532333438687,fallback
urban_grid,40.0,40.0,dense_fog,crash,8,held_out,train,held_out,0.5641025641025641,1.0,0.7213114754098361,0.45645216963962176,286,507,226.35532333438687,fallback
urban_grid,40.0,40.0,dense_fog,crash,9,held_out,train,held_out,0.5177570093457944,1.0,0.6822660098522167,0.36847022259271417,277,535,226.35532333438687,fallback
urban_grid,40.0,40.0,dense_fog,waterlogging,0,held_out,held_out,held_out,0.5796387520525451,1.0,0.7338877338877338,0.23089482587235344,353,609,226.35532333438687,fallback
urban_grid,40.0,40.0,dense_fog,waterlogging,1,held_out,held_out,held_out,0.5245901639344263,1.0,0.6881720430107526,0.2400539998090158,320,610,226.35532333438687,fallback
urban_grid,40.0,40.0,dense_fog,waterlogging,2,held_out,held_out,held_out,0.5502471169686985,1.0,0.7098831030818279,0.23344685780265728,334,607,226.35532333438687,fallback
urban_grid,40.0,40.0,dense_fog,waterlogging,3,held_out,held_out,held_out,0.543046357615894,1.0,0.7038626609442059,0.245394825949282,328,604,226.35532333438687,fallback
urban_grid,40.0,40.0,dense_fog,waterlogging,4,held_out,held_out,held_out,0.578688524590164,1.0,0.7331256490134995,0.25490454770771415,353,610,226.35532333438687,fallback
urban_grid,40.0,40.0,dense_fog,waterlogging,5,held_out,held_out,held_out,0.5848142164781907,1.0,0.7380224260958206,0.21510872184350527,362,619,226.35532333438687,fallback
urban_grid,40.0,40.0,dense_fog,waterlogging,6,held_out,held_out,held_out,0.5199335548172758,1.0,0.684153005464481,0.23126442375014256,313,602,226.35532333438687,fallback
urban_grid,40.0,40.0,dense_fog,waterlogging,7,held_out,held_out,held_out,0.553921568627451,1.0,0.7129337539432177,0.24825187062048698,339,612,226.35532333438687,fallback
urban_grid,40.0,40.0,dense_fog,waterlogging,8,held_out,held_out,held_out,0.5739837398373984,1.0,0.7293388429752066,0.2744685522272928,353,615,226.35532333438687,fallback
urban_grid,40.0,40.0,dense_fog,waterlogging,9,held_out,held_out,held_out,0.540453074433657,1.0,0.7016806722689076,0.20277365241016512,334,618,226.35532333438687,fallback
urban_grid,40.0,40.0,dense_fog,black_ice,0,held_out,held_out,held_out,0.5796387520525451,1.0,0.7338877338877338,0.2301304554066908,353,609,226.35532333438687,fallback
urban_grid,40.0,40.0,dense_fog,black_ice,1,held_out,held_out,held_out,0.5245901639344263,1.0,0.6881720430107526,0.23921454030914704,320,610,226.35532333438687,fallback
urban_grid,40.0,40.0,dense_fog,black_ice,2,held_out,held_out,held_out,0.5502471169686985,1.0,0.7098831030818279,0.2318885769446672,334,607,226.35532333438687,fallback
urban_grid,40.0,40.0,dense_fog,black_ice,3,held_out,held_out,held_out,0.543046357615894,1.0,0.7038626609442059,0.24268571012604942,328,604,226.35532333438687,fallback
urban_grid,40.0,40.0,dense_fog,black_ice,4,held_out,held_out,held_out,0.578688524590164,1.0,0.7331256490134995,0.2540695519057355,353,610,226.35532333438687,fallback
urban_grid,40.0,40.0,dense_fog,black_ice,5,held_out,held_out,held_out,0.5848142164781907,1.0,0.7380224260958206,0.21316031003261507,362,619,226.35532333438687,fallback
urban_grid,40.0,40.0,dense_fog,black_ice,6,held_out,held_out,held_out,0.5199335548172758,1.0,0.684153005464481,0.23145660333426848,313,602,226.35532333438687,fallback
urban_grid,40.0,40.0,dense_fog,black_ice,7,held_out,held_out,held_out,0.553921568627451,1.0,0.7129337539432177,0.2468992912717097,339,612,226.35532333438687,fallback
urban_grid,40.0,40.0,dense_fog,black_ice,8,held_out,held_out,held_out,0.5739837398373984,1.0,0.7293388429752066,0.2737917192129697,353,615,226.35532333438687,fallback
urban_grid,40.0,40.0,dense_fog,black_ice,9,held_out,held_out,held_out,0.540453074433657,1.0,0.7016806722689076,0.20224807953138085,334,618,226.35532333438687,fallback
rural_highway,80.0,80.0,clear,fog_bank,0,train,train,train,0.574468085106383,1.0,0.7297297297297298,0.6336543429927203,189,329,226.35532333438687,fallback
rural_highway,80.0,80.0,clear,fog_bank,1,train,train,train,0.6194690265486725,1.0,0.7650273224043715,0.6547016250762286,210,339,226.35532333438687,fallback
rural_highway,80.0,80.0,clear,fog_bank,2,train,train,train,0.6204819277108434,1.0,0.7657992565055762,0.6464438285644037,206,332,226.35532333438687,fallback
rural_highway,80.0,80.0,clear,fog_bank,3,train,train,train,0.5682539682539682,1.0,0.7246963562753036,0.6230246086692737,179,315,226.35532333438687,fallback
rural_highway,80.0,80.0,clear,fog_bank,4,train,train,train,0.590625,1.0,0.7426326129666011,0.6434786098025447,189,320,226.35532333438687,fallback
rural_highway,80.0,80.0,clear,fog_bank,5,train,train,train,0.61875,1.0,0.7644787644787645,0.6631309298081154,198,320,226.35532333438687,fallback
rural_highway,80.0,80.0,clear,fog_bank,6,train,train,train,0.6132930513595166,1.0,0.7602996254681648,0.6409953057134355,203,331,226.35532333438687,fallback
rural_highway,80.0,80.0,clear,fog_bank,7,train,train,train,0.549079754601227,1.0,0.7089108910891089,0.6087365003056784,179,326,226.35532333438687,fallback
rural_highway,80.0,80.0,clear,fog_bank,8,train,train,train,0.622093023255814,1.0,0.7670250896057348,0.6402540084916051,214,344,226.35532333438687,fallback
rural_highway,80.0,80.0,clear,fog_bank,9,train,train,train,0.6264705882352941,1.0,0.7703435804701627,0.6495959886795594,213,340,226.35532333438687,fallback
rural_highway,80.0,80.0,clear,landslide,0,train,train,train,0.5748502994011976,1.0,0.7300380228136881,0.6545835009212266,192,334,226.35532333438687,fallback
rural_highway,80.0,80.0,clear,landslide,1,train,train,train,0.6242774566473989,1.0,0.7686832740213524,0.6751323112581737,216,346,226.35532333438687,fallback
rural_highway,80.0,80.0,clear,landslide,2,train,train,train,0.6208955223880597,1.0,0.7661141804788213,0.6668131394167544,208,335,226.35532333438687,fallback
rural_highway,80.0,80.0,clear,landslide,3,train,train,train,0.5794392523364486,1.0,0.7337278106508875,0.6440332242123272,186,321,226.35532333438687,fallback
rural_highway,80.0,80.0,clear,landslide,4,train,train,train,0.5938461538461538,1.0,0.7451737451737452,0.6645027604057493,193,325,226.35532333438687,fallback
rural_highway,80.0,80.0,clear,landslide,5,train,train,train,0.6184615384615385,1.0,0.7642585551330799,0.684971736428026,201,325,226.35532333438687,fallback
rural_highway,80.0,80.0,clear,landslide,6,train,train,train,0.6137724550898204,1.0,0.7606679035250463,0.662495077867487,205,334,226.35532333438687,fallback
rural_highway,80.0,80.0,clear,landslide,7,train,train,train,0.552870090634441,1.0,0.7120622568093384,0.6296061254678952,183,331,226.35532333438687,fallback
rural_highway,80.0,80.0,clear,landslide,8,train,train,train,0.6246418338108882,1.0,0.7689594356261023,0.6598070362216778,218,349,226.35532333438687,fallback
rural_highway,80.0,80.0,clear,landslide,9,train,train,train,0.6260869565217392,1.0,0.770053475935829,0.6696453385748264,216,345,226.35532333438687,fallback
rural_highway,80.0,80.0,clear,crash,0,train,train,train,0.5337423312883436,0.39545454545454545,0.45430809399477806,0.3668853429102259,220,163,226.35532333438687,fallback
rural_highway,80.0,80.0,clear,crash,1,train,train,train,0.6219512195121951,0.41975308641975306,0.5012285012285012,0.38771010669777844,243,164,226.35532333438687,fallback
rural_highway,80.0,80.0,clear,crash,2,train,train,train,0.6384180790960452,0.4788135593220339,0.5472154963680388,0.4057287644269857,236,177,226.35532333438687,fallback
rural_highway,80.0,80.0,clear,crash,3,train,train,train,0.5786163522012578,0.431924882629108,0.49462365591397855,0.34435077922493795,213,159,226.35532333438687,fallback
rural_highway,80.0,80.0,clear,crash,4,train,train,train,0.6181818181818182,0.4657534246575342,0.5312499999999999,0.40198447858076464,219,165,226.35532333438687,fallback
rural_highway,80.0,80.0,clear,crash,5,train,train,train,0.6024844720496895,0.42731277533039647,0.5,0.3723080359642002,227,161,226.35532333438687,fallback
rural_highway,80.0,80.0,clear,crash,6,train,train,train,0.6036585365853658,0.4267241379310345,0.4999999999999999,0.3778037030615276,232,164,226.35532333438687,fallback
rural_highway,80.0,80.0,clear,crash,7,train,train,train,0.50625,0.38571428571428573,0.4378378378378378,0.3503105796034139,210,160,226.35532333438687,fallback
rural_highway,80.0,80.0,clear,crash,8,train,train,train,0.6337209302325582,0.44129554655870445,0.5202863961813842,0.3867423178238071,247,172,226.35532333438687,fallback
rural_highway,80.0,80.0,clear,crash,9,train,train,train,0.625,0.4430379746835443,0.5185185185185185,0.36834070143884323,237,168,226.35532333438687,fallback
rural_highway,80.0,80.0,clear,waterlogging,0,train,held_out,train,0.5765765765765766,1.0,0.7314285714285714,0.6491081178961183,192,333,226.35532333438687,fallback
rural_highway,80.0,80.0,clear,waterlogging,1,train,held_out,train,0.6173913043478261,1.0,0.7634408602150538,0.6697938027605117,213,345,226.35532333438687,fallback
rural_highway,80.0,80.0,clear,waterlogging,2,train,held_out,train,0.6227544910179641,1.0,0.7675276752767528,0.6614993983690378,208,334,226.35532333438687,fallback
rural_highway,80.0,80.0,clear,waterlogging,3,train,held_out,train,0.5736677115987461,1.0,0.7290836653386454,0.6385184534777527,183,319,226.35532333438687,fallback
rural_highway,80.0,80.0,clear,waterlogging,4,train,held_out,train,0.5895061728395061,1.0,0.7417475728155339,0.6590009445659526,191,324,226.35532333438687,fallback
rural_highway,80.0,80.0,clear,waterlogging,5,train,held_out,train,0.6203703703703703,1.0,0.7657142857142858,0.6792971990457018,201,324,226.35532333438687,fallback
rural_highway,80.0,80.0,clear,waterlogging,6,train,held_out,train,0.6126126126126126,1.0,0.7597765363128491,0.6568934871585778,204,333,226.35532333438687,fallback
rural_highway,80.0,80.0,clear,waterlogging,7,train,held_out,train,0.5484848484848485,1.0,0.7084148727984345,0.6241233693205647,181,330,226.35532333438687,fallback
rural_highway,80.0,80.0,clear,waterlogging,8,train,held_out,train,0.6282420749279539,1.0,0.7716814159292036,0.6547005941598769,218,347,226.35532333438687,fallback
rural_highway,80.0,80.0,clear,waterlogging,9,train,held_out,train,0.627906976744186,1.0,0.7714285714285715,0.6644286069052784,216,344,226.35532333438687,fallback
rural_highway,80.0,80.0,clear,black_ice,0,train,held_out,train,0.5765765765765766,1.0,0.7314285714285714,0.6518651272132037,192,333,226.35532333438687,fallback
rural_highway,80.0,80.0,clear,black_ice,1,train,held_out,train,0.6231884057971014,1.0,0.7678571428571428,0.6724824296883214,215,345,226.35532333438687,fallback
rural_highway,80.0,80.0,clear,black_ice,2,train,held_out,train,0.6208955223880597,1.0,0.7661141804788213,0.6641748397198145,208,335,226.35532333438687,fallback
rural_highway,80.0,80.0,clear,black_ice,3,train,held_out,train,0.575,1.0,0.7301587301587301,0.6412951434508636,184,320,226.35532333438687,fallback
rural_highway,80.0,80.0,clear,black_ice,4,train,held_out,train,0.5876923076923077,1.0,0.7403100775193798,0.6617723445874409,191,325,226.35532333438687,fallback
rural_highway,80.0,80.0,clear,black_ice,5,train,held_out,train,0.6203703703703703,1.0,0.7657142857142858,0.682157723181033,201,324,226.35532333438687,fallback
rural_highway,80.0,80.0,clear,black_ice,6,train,held_out,train,0.6107784431137725,1.0,0.758364312267658,0.6597149886927133,204,334,226.35532333438687,fallback
rural_highway,80.0,80.0,clear,black_ice,7,train,held_out,train,0.5498489425981873,1.0,0.7095516569200779,0.6268827892845389,182,331,226.35532333438687,fallback
rural_highway,80.0,80.0,clear,black_ice,8,train,held_out,train,0.6264367816091954,1.0,0.7703180212014133,0.6572698978477596,218,348,226.35532333438687,fallback
rural_highway,80.0,80.0,clear,black_ice,9,train,held_out,train,0.627906976744186,1.0,0.7714285714285715,0.6670556165617778,216,344,226.35532333438687,fallback
rural_highway,80.0,80.0,heavy_rain,fog_bank,0,train,train,train,0.46153846153846156,1.0,0.631578947368421,0.542545230962944,120,260,226.35532333438687,fallback
rural_highway,80.0,80.0,heavy_rain,fog_bank,1,train,train,train,0.5038167938931297,1.0,0.6700507614213198,0.5716654812730556,132,262,226.35532333438687,fallback
rural_highway,80.0,80.0,heavy_rain,fog_bank,2,train,train,train,0.5,1.0,0.6666666666666666,0.5712298539649424,128,256,226.35532333438687,fallback
rural_highway,80.0,80.0,heavy_rain,fog_bank,3,train,train,train,0.3991769547325103,1.0,0.5705882352941176,0.5346010540784616,97,243,226.35532333438687,fallback
rural_highway,80.0,80.0,heavy_rain,fog_bank,4,train,train,train,0.4302788844621514,1.0,0.6016713091922006,0.5473966696740984,108,251,226.35532333438687,fallback
rural_highway,80.0,80.0,heavy_rain,fog_bank,5,train,train,train,0.492,1.0,0.6595174262734584,0.5784774384485599,123,250,226.35532333438687,fallback
rural_highway,80.0,80.0,heavy_rain,fog_bank,6,train,train,train,0.49034749034749037,1.0,0.6580310880829016,0.5480392055483891,127,259,226.35532333438687,fallback
rural_highway,80.0,80.0,heavy_rain,fog_bank,7,train,train,train,0.4280155642023346,1.0,0.5994550408719346,0.5215189747966308,110,257,226.35532333438687,fallback
rural_highway,80.0,80.0,heavy_rain,fog_bank,8,train,train,train,0.5239852398523985,1.0,0.6876513317191283,0.5629345829722814,142,271,226.35532333438687,fallback
rural_highway,80.0,80.0,heavy_rain,fog_bank,9,train,train,train,0.5225563909774437,1.0,0.6864197530864199,0.5786229936575121,139,266,226.35532333438687,fallback
rural_highway,80.0,80.0,heavy_rain,landslide,0,train,train,train,0.467680608365019,1.0,0.6373056994818653,0.5622345679632403,123,263,226.35532333438687,fallback
rural_highway,80.0,80.0,heavy_rain,landslide,1,train,train,train,0.5056603773584906,1.0,0.6716791979949875,0.5928302944294584,134,265,226.35532333438687,fallback
rural_highway,80.0,80.0,heavy_rain,landslide,2,train,train,train,0.5019305019305019,1.0,0.6683804627249358,0.5933995324869595,130,259,226.35532333438687,fallback
rural_highway,80.0,80.0,heavy_rain,landslide,3,train,train,train,0.40408163265306124,1.0,0.5755813953488372,0.5545468040297954,99,245,226.35532333438687,fallback
rural_highway,80.0,80.0,heavy_rain,landslide,4,train,train,train,0.43137254901960786,1.0,0.6027397260273972,0.5676918757639434,110,255,226.35532333438687,fallback
rural_highway,80.0,80.0,heavy_rain,landslide,5,train,train,train,0.4880952380952381,1.0,0.6559999999999999,0.6024772112391059,123,252,226.35532333438687,fallback
rural_highway,80.0,80.0,heavy_rain,landslide,6,train,train,train,0.4942528735632184,1.0,0.6615384615384615,0.5704255346887624,129,261,226.35532333438687,fallback
rural_highway,80.0,80.0,heavy_rain,landslide,7,train,train,train,0.4263565891472868,1.0,0.5978260869565217,0.5402189751976197,110,258,226.35532333438687,fallback
rural_highway,80.0,80.0,heavy_rain,landslide,8,train,train,train,0.5218978102189781,1.0,0.6858513189448441,0.5837992415266756,143,274,226.35532333438687,fallback
rural_highway,80.0,80.0,heavy_rain,landslide,9,train,train,train,0.5223880597014925,1.0,0.6862745098039216,0.6008950490186371,140,268,226.35532333438687,fallback
rural_highway,80.0,80.0,heavy_rain,crash,0,train,train,train,0.40310077519379844,0.31901840490797545,0.3561643835616438,0.2631371739703291,163,129,226.35532333438687,fallback
rural_highway,80.0,80.0,heavy_rain,crash,1,train,train,train,0.488,0.3485714285714286,0.4066666666666667,0.28970470957912187,175,125,226.35532333438687,fallback
rural_highway,80.0,80.0,heavy_rain,crash,2,train,train,train,0.5185185185185185,0.4093567251461988,0.45751633986928103,0.33204069493282884,171,135,226.35532333438687,fallback
rural_highway,80.0,80.0,heavy_rain,crash,3,train,train,train,0.3865546218487395,0.32167832167832167,0.35114503816793896,0.2458368380543445,143,119,226.35532333438687,fallback
rural_highway,80.0,80.0,heavy_rain,crash,4,train,train,train,0.4645669291338583,0.39072847682119205,0.4244604316546763,0.29443332079635687,151,127,226.35532333438687,fallback
rural_highway,80.0,80.0,heavy_rain,crash,5,train,train,train,0.456,0.35403726708074534,0.39860139860139854,0.2817603839967189,161,125,226.35532333438687,fallback
rural_highway,80.0,80.0,heavy_rain,crash,6,train,train,train,0.49612403100775193,0.37209302325581395,0.42524916943521596,0.26390221461779406,172,129,226.35532333438687,fallback
rural_highway,80.0,80.0,heavy_rain,crash,7,train,train,train,0.36507936507936506,0.3006535947712418,0.32974910394265233,0.2517452819624348,153,126,226.35532333438687,fallback
rural_highway,80.0,80.0,heavy_rain,crash,8,train,train,train,0.5441176470588235,0.39361702127659576,0.4567901234567901,0.2961984867788639,188,136,226.35532333438687,fallback
rural_highway,80.0,80.0,heavy_rain,crash,9,train,train,train,0.5038759689922481,0.3651685393258427,0.4234527687296417,0.296181125700551,178,129,226.35532333438687,fallback
rural_highway,80.0,80.0,heavy_rain,waterlogging,0,train,held_out,train,0.46946564885496184,1.0,0.638961038961039,0.5570348590605277,123,262,226.35532333438687,fallback
rural_highway,80.0,80.0,heavy_rain,waterlogging,1,train,held_out,train,0.5019011406844106,1.0,0.6683544303797468,0.5872718073944074,132,263,226.35532333438687,fallback
rural_highway,80.0,80.0,heavy_rain,waterlogging,2,train,held_out,train,0.5038759689922481,1.0,0.6701030927835051,0.5875949669891405,130,258,226.35532333438687,fallback
rural_highway,80.0,80.0,heavy_rain,waterlogging,3,train,held_out,train,0.40408163265306124,1.0,0.5755813953488372,0.5492494467416204,99,245,226.35532333438687,fallback
rural_highway,80.0,80.0,heavy_rain,waterlogging,4,train,held_out,train,0.4330708661417323,1.0,0.6043956043956044,0.5623415863203317,110,254,226.35532333438687,fallback
rural_highway,80.0,80.0,heavy_rain,waterlogging,5,train,held_out,train,0.4880952380952381,1.0,0.6559999999999999,0.596213710785841,123,252,226.35532333438687,fallback
rural_highway,80.0,80.0,heavy_rain,waterlogging,6,train,held_out,train,0.4980694980694981,1.0,0.6649484536082474,0.5645529938663257,129,259,226.35532333438687,fallback
rural_highway,80.0,80.0,heavy_rain,waterlogging,7,train,held_out,train,0.4263565891472868,1.0,0.5978260869565217,0.5352550221152893,110,258,226.35532333438687,fallback
rural_highway,80.0,80.0,heavy_rain,waterlogging,8,train,held_out,train,0.5238095238095238,1.0,0.6875000000000001,0.5783225370174147,143,273,226.35532333438687,fallback
rural_highway,80.0,80.0,heavy_rain,waterlogging,9,train,held_out,train,0.5223880597014925,1.0,0.6862745098039216,0.5950760338091546,140,268,226.35532333438687,fallback
rural_highway,80.0,80.0,heavy_rain,black_ice,0,train,held_out,train,0.467680608365019,1.0,0.6373056994818653,0.5596457709429212,123,263,226.35532333438687,fallback
rural_highway,80.0,80.0,heavy_rain,black_ice,1,train,held_out,train,0.4981132075471698,1.0,0.6649874055415618,0.5900685844456146,132,265,226.35532333438687,fallback
rural_highway,80.0,80.0,heavy_rain,black_ice,2,train,held_out,train,0.5038759689922481,1.0,0.6701030927835051,0.5905167336216163,130,258,226.35532333438687,fallback
rural_highway,80.0,80.0,heavy_rain,black_ice,3,train,held_out,train,0.40408163265306124,1.0,0.5755813953488372,0.5519132901496265,99,245,226.35532333438687,fallback
rural_highway,80.0,80.0,heavy_rain,black_ice,4,train,held_out,train,0.43137254901960786,1.0,0.6027397260273972,0.5650317166523403,110,255,226.35532333438687,fallback
rural_highway,80.0,80.0,heavy_rain,black_ice,5,train,held_out,train,0.4880952380952381,1.0,0.6559999999999999,0.5993690300068426,123,252,226.35532333438687,fallback
rural_highway,80.0,80.0,heavy_rain,black_ice,6,train,held_out,train,0.4980694980694981,1.0,0.6649484536082474,0.5675081669344904,129,259,226.35532333438687,fallback
rural_highway,80.0,80.0,heavy_rain,black_ice,7,train,held_out,train,0.4263565891472868,1.0,0.5978260869565217,0.5377495707264764,110,258,226.35532333438687,fallback
rural_highway,80.0,80.0,heavy_rain,black_ice,8,train,held_out,train,0.5238095238095238,1.0,0.6875000000000001,0.5810765454892395,143,273,226.35532333438687,fallback
rural_highway,80.0,80.0,heavy_rain,black_ice,9,train,held_out,train,0.5223880597014925,1.0,0.6862745098039216,0.5980045442453292,140,268,226.35532333438687,fallback
rural_highway,80.0,80.0,moderate_rain,fog_bank,0,train,train,held_out,0.5224913494809689,1.0,0.6863636363636364,0.5866092913086516,151,289,226.35532333438687,fallback
rural_highway,80.0,80.0,moderate_rain,fog_bank,1,train,train,held_out,0.5578231292517006,1.0,0.7161572052401747,0.6133802923550832,164,294,226.35532333438687,fallback
rural_highway,80.0,80.0,moderate_rain,fog_bank,2,train,train,held_out,0.5625,1.0,0.72,0.6070470586596372,162,288,226.35532333438687,fallback
rural_highway,80.0,80.0,moderate_rain,fog_bank,3,train,train,held_out,0.4888888888888889,1.0,0.6567164179104478,0.5773025224351959,132,270,226.35532333438687,fallback
rural_highway,80.0,80.0,moderate_rain,fog_bank,4,train,train,held_out,0.498220640569395,1.0,0.665083135391924,0.5944643510801199,140,281,226.35532333438687,fallback
rural_highway,80.0,80.0,moderate_rain,fog_bank,5,train,train,held_out,0.5575539568345323,1.0,0.7159353348729791,0.6264126031160872,155,278,226.35532333438687,fallback
rural_highway,80.0,80.0,moderate_rain,fog_bank,6,train,train,held_out,0.5551724137931034,1.0,0.7139689578713968,0.5969507535346902,161,290,226.35532333438687,fallback
rural_highway,80.0,80.0,moderate_rain,fog_bank,7,train,train,held_out,0.4809688581314879,1.0,0.6495327102803738,0.5652376158659211,139,289,226.35532333438687,fallback
rural_highway,80.0,80.0,moderate_rain,fog_bank,8,train,train,held_out,0.5723684210526315,1.0,0.7280334728033473,0.6026600716294633,174,304,226.35532333438687,fallback
rural_highway,80.0,80.0,moderate_rain,fog_bank,9,train,train,held_out,0.5738255033557047,1.0,0.7292110874200427,0.6153118429932428,171,298,226.35532333438687,fallback
rural_highway,80.0,80.0,moderate_rain,landslide,0,train,train,held_out,0.5205479452054794,1.0,0.6846846846846847,0.6074689741342656,152,292,226.35532333438687,fallback
rural_highway,80.0,80.0,moderate_rain,landslide,1,train,train,held_out,0.5704697986577181,1.0,0.7264957264957265,0.6345717427610424,170,298,226.35532333438687,fallback
rural_highway,80.0,80.0,moderate_rain,landslide,2,train,train,held_out,0.5631399317406144,1.0,0.7205240174672489,0.6284636228069965,165,293,226.35532333438687,fallback
rural_highway,80.0,80.0,moderate_rain,landslide,3,train,train,held_out,0.4927536231884058,1.0,0.6601941747572816,0.5979671217031857,136,276,226.35532333438687,fallback
rural_highway,80.0,80.0,moderate_rain,landslide,4,train,train,held_out,0.5,1.0,0.6666666666666666,0.6157569030079498,142,284,226.35532333438687,fallback
rural_highway,80.0,80.0,moderate_rain,landslide,5,train,train,held_out,0.5622775800711743,1.0,0.7198177676537585,0.6492493512092252,158,281,226.35532333438687,fallback
rural_highway,80.0,80.0,moderate_rain,landslide,6,train,train,held_out,0.5631399317406144,1.0,0.7205240174672489,0.6192262155943427,165,293,226.35532333438687,fallback
rural_highway,80.0,80.0,moderate_rain,landslide,7,train,train,held_out,0.4879725085910653,1.0,0.6558891454965358,0.585235551259273,142,291,226.35532333438687,fallback
rural_highway,80.0,80.0,moderate_rain,landslide,8,train,train,held_out,0.5751633986928104,1.0,0.7302904564315352,0.6229329805292317,176,306,226.35532333438687,fallback
rural_highway,80.0,80.0,moderate_rain,landslide,9,train,train,held_out,0.5761589403973509,1.0,0.7310924369747899,0.6362877062129166,174,302,226.35532333438687,fallback
rural_highway,80.0,80.0,moderate_rain,crash,0,train,train,held_out,0.475177304964539,0.3582887700534759,0.40853658536585363,0.3096236704991867,187,141,226.35532333438687,fallback
rural_highway,80.0,80.0,moderate_rain,crash,1,train,train,held_out,0.5602836879432624,0.38349514563106796,0.4553314121037464,0.33917984713375193,206,141,226.35532333438687,fallback
rural_highway,80.0,80.0,moderate_rain,crash,2,train,train,held_out,0.5855263157894737,0.4472361809045226,0.5071225071225071,0.3682793865675526,199,152,226.35532333438687,fallback
rural_highway,80.0,80.0,moderate_rain,crash,3,train,train,held_out,0.4925373134328358,0.3815028901734104,0.4299674267100977,0.2904374991007839,173,134,226.35532333438687,fallback
rural_highway,80.0,80.0,moderate_rain,crash,4,train,train,held_out,0.5422535211267606,0.42777777777777776,0.4782608695652174,0.3382848294756687,180,142,226.35532333438687,fallback
rural_highway,80.0,80.0,moderate_rain,crash,5,train,train,held_out,0.5323741007194245,0.3915343915343915,0.4512195121951219,0.3299710521921422,189,139,226.35532333438687,fallback
rural_highway,80.0,80.0,moderate_rain,crash,6,train,train,held_out,0.5486111111111112,0.3969849246231156,0.4606413994169096,0.3209615056719878,199,144,226.35532333438687,fallback
rural_highway,80.0,80.0,moderate_rain,crash,7,train,train,held_out,0.4397163120567376,0.3522727272727273,0.39116719242902215,0.3060458671332254,176,141,226.35532333438687,fallback
rural_highway,80.0,80.0,moderate_rain,crash,8,train,train,held_out,0.5921052631578947,0.4205607476635514,0.4918032786885246,0.34245415207972824,214,152,226.35532333438687,fallback
rural_highway,80.0,80.0,moderate_rain,crash,9,train,train,held_out,0.5684931506849316,0.4068627450980392,0.4742857142857143,0.33410451354992365,204,146,226.35532333438687,fallback
rural_highway,80.0,80.0,moderate_rain,waterlogging,0,train,held_out,held_out,0.5223367697594502,1.0,0.6862302483069979,0.6019711512299094,152,291,226.35532333438687,fallback
rural_highway,80.0,80.0,moderate_rain,waterlogging,1,train,held_out,held_out,0.5723905723905723,1.0,0.7280513918629551,0.6290229193106842,170,297,226.35532333438687,fallback
rural_highway,80.0,80.0,moderate_rain,waterlogging,2,train,held_out,held_out,0.5616438356164384,1.0,0.7192982456140351,0.6228650704479287,164,292,226.35532333438687,fallback
rural_highway,80.0,80.0,moderate_rain,waterlogging,3,train,held_out,held_out,0.49454545454545457,1.0,0.6618004866180048,0.5925073121703126,136,275,226.35532333438687,fallback
rural_highway,80.0,80.0,moderate_rain,waterlogging,4,train,held_out,held_out,0.5017667844522968,1.0,0.668235294117647,0.6101753762187845,142,283,226.35532333438687,fallback
rural_highway,80.0,80.0,moderate_rain,waterlogging,5,train,held_out,held_out,0.5587188612099644,1.0,0.7168949771689497,0.6433050394665663,157,281,226.35532333438687,fallback
rural_highway,80.0,80.0,moderate_rain,waterlogging,6,train,held_out,held_out,0.5631399317406144,1.0,0.7205240174672489,0.6134086089678867,165,293,226.35532333438687,fallback
rural_highway,80.0,80.0,moderate_rain,waterlogging,7,train,held_out,held_out,0.4862068965517241,1.0,0.654292343387471,0.5799530640218296,141,290,226.35532333438687,fallback
rural_highway,80.0,80.0,moderate_rain,waterlogging,8,train,held_out,held_out,0.5751633986928104,1.0,0.7302904564315352,0.6176325505150132,176,306,226.35532333438687,fallback
rural_highway,80.0,80.0,moderate_rain,waterlogging,9,train,held_out,held_out,0.5766666666666667,1.0,0.7315010570824524,0.6308236267234867,173,300,226.35532333438687,fallback
rural_highway,80.0,80.0,moderate_rain,black_ice,0,train,held_out,held_out,0.5223367697594502,1.0,0.6862302483069979,0.6047375955866987,152,291,226.35532333438687,fallback
rural_highway,80.0,80.0,moderate_rain,black_ice,1,train,held_out,held_out,0.5704697986577181,1.0,0.7264957264957265,0.6318163505697827,170,298,226.35532333438687,fallback
rural_highway,80.0,80.0,moderate_rain,black_ice,2,train,held_out,held_out,0.565068493150685,1.0,0.7221006564551423,0.6256836132376875,165,292,226.35532333438687,fallback
rural_highway,80.0,80.0,moderate_rain,black_ice,3,train,held_out,held_out,0.4927536231884058,1.0,0.6601941747572816,0.5952545123716683,136,276,226.35532333438687,fallback
rural_highway,80.0,80.0,moderate_rain,black_ice,4,train,held_out,held_out,0.5017667844522968,1.0,0.668235294117647,0.6129848668107749,142,283,226.35532333438687,fallback
rural_highway,80.0,80.0,moderate_rain,black_ice,5,train,held_out,held_out,0.5622775800711743,1.0,0.7198177676537585,0.6463005893744387,158,281,226.35532333438687,fallback
rural_highway,80.0,80.0,moderate_rain,black_ice,6,train,held_out,held_out,0.5631399317406144,1.0,0.7205240174672489,0.6163375076781257,165,293,226.35532333438687,fallback
rural_highway,80.0,80.0,moderate_rain,black_ice,7,train,held_out,held_out,0.4845360824742268,1.0,0.6527777777777778,0.5826096951115068,141,291,226.35532333438687,fallback
rural_highway,80.0,80.0,moderate_rain,black_ice,8,train,held_out,held_out,0.5751633986928104,1.0,0.7302904564315352,0.6202995857770058,176,306,226.35532333438687,fallback
rural_highway,80.0,80.0,moderate_rain,black_ice,9,train,held_out,held_out,0.5780730897009967,1.0,0.7326315789473684,0.6335740267250515,174,301,226.35532333438687,fallback
rural_highway,80.0,80.0,dense_fog,fog_bank,0,train,train,held_out,0.42386831275720166,1.0,0.5953757225433527,0.5150919092000259,103,243,226.35532333438687,fallback
rural_highway,80.0,80.0,dense_fog,fog_bank,1,train,train,held_out,0.4628099173553719,1.0,0.632768361581921,0.5499053952310115,112,242,226.35532333438687,fallback
rural_highway,80.0,80.0,dense_fog,fog_bank,2,train,train,held_out,0.4708333333333333,1.0,0.6402266288951842,0.5493984838016139,113,240,226.35532333438687,fallback
rural_highway,80.0,80.0,dense_fog,fog_bank,3,train,train,held_out,0.3705357142857143,1.0,0.5407166123778502,0.5035677921271987,83,224,226.35532333438687,fallback
rural_highway,80.0,80.0,dense_fog,fog_bank,4,train,train,held_out,0.3728813559322034,1.0,0.54320987654321,0.5156286855406278,88,236,226.35532333438687,fallback
rural_highway,80.0,80.0,dense_fog,fog_bank,5,train,train,held_out,0.45064377682403434,1.0,0.621301775147929,0.5560163141392814,105,233,226.35532333438687,fallback
rural_highway,80.0,80.0,dense_fog,fog_bank,6,train,train,held_out,0.4449152542372881,1.0,0.6158357771260997,0.5189166811679295,105,236,226.35532333438687,fallback
rural_highway,80.0,80.0,dense_fog,fog_bank,7,train,train,held_out,0.3651452282157676,1.0,0.5349544072948328,0.48725418192622827,88,241,226.35532333438687,fallback
rural_highway,80.0,80.0,dense_fog,fog_bank,8,train,train,held_out,0.4782608695652174,1.0,0.6470588235294118,0.537241932060008,121,253,226.35532333438687,fallback
rural_highway,80.0,80.0,dense_fog,fog_bank,9,train,train,held_out,0.4899598393574297,1.0,0.6576819407008087,0.5545664936250608,122,249,226.35532333438687,fallback
rural_highway,80.0,80.0,dense_fog,landslide,0,train,train,held_out,0.4326530612244898,1.0,0.603988603988604,0.5337760830544099,106,245,226.35532333438687,fallback
rural_highway,80.0,80.0,dense_fog,landslide,1,train,train,held_out,0.47346938775510206,1.0,0.6426592797783934,0.5708611680996812,116,245,226.35532333438687,fallback
rural_highway,80.0,80.0,dense_fog,landslide,2,train,train,held_out,0.47520661157024796,1.0,0.6442577030812325,0.571835471425101,115,242,226.35532333438687,fallback
rural_highway,80.0,80.0,dense_fog,landslide,3,train,train,held_out,0.36403508771929827,1.0,0.5337620578778135,0.5228296103678828,83,228,226.35532333438687,fallback
rural_highway,80.0,80.0,dense_fog,landslide,4,train,train,held_out,0.37656903765690375,1.0,0.547112462006079,0.5349001593835326,90,239,226.35532333438687,fallback
rural_highway,80.0,80.0,dense_fog,landslide,5,train,train,held_out,0.452991452991453,1.0,0.6235294117647059,0.5803831344969502,106,234,226.35532333438687,fallback
rural_highway,80.0,80.0,dense_fog,landslide,6,train,train,held_out,0.4435146443514644,1.0,0.6144927536231884,0.5410584508008173,106,239,226.35532333438687,fallback
rural_highway,80.0,80.0,dense_fog,landslide,7,train,train,held_out,0.37448559670781895,1.0,0.5449101796407186,0.5047258139248753,91,243,226.35532333438687,fallback
rural_highway,80.0,80.0,dense_fog,landslide,8,train,train,held_out,0.48828125,1.0,0.6561679790026247,0.5576759114683673,125,256,226.35532333438687,fallback
rural_highway,80.0,80.0,dense_fog,landslide,9,train,train,held_out,0.4940239043824701,1.0,0.6613333333333333,0.5767004999626328,124,251,226.35532333438687,fallback
rural_highway,80.0,80.0,dense_fog,crash,0,train,train,held_out,0.35833333333333334,0.28859060402684567,0.3197026022304833,0.23056777387103128,149,120,226.35532333438687,fallback
rural_highway,80.0,80.0,dense_fog,crash,1,train,train,held_out,0.4608695652173913,0.33125,0.38545454545454544,0.2673967380699275,160,115,226.35532333438687,fallback
rural_highway,80.0,80.0,dense_fog,crash,2,train,train,held_out,0.488,0.3836477987421384,0.42957746478873243,0.30787335247616504,159,125,226.35532333438687,fallback
rural_highway,80.0,80.0,dense_fog,crash,3,train,train,held_out,0.34545454545454546,0.2923076923076923,0.31666666666666665,0.20676285245283615,130,110,226.35532333438687,fallback
rural_highway,80.0,80.0,dense_fog,crash,4,train,train,held_out,0.3983050847457627,0.3533834586466165,0.3745019920318725,0.2533145041504278,133,118,226.35532333438687,fallback
rural_highway,80.0,80.0,dense_fog,crash,5,train,train,held_out,0.41379310344827586,0.3287671232876712,0.366412213740458,0.2595613408168753,146,116,226.35532333438687,fallback
rural_highway,80.0,80.0,dense_fog,crash,6,train,train,held_out,0.453781512605042,0.35526315789473684,0.3985239852398524,0.2377687126778722,152,119,226.35532333438687,fallback
rural_highway,80.0,80.0,dense_fog,crash,7,train,train,held_out,0.31932773109243695,0.2773722627737226,0.296875,0.22080742062506123,137,119,226.35532333438687,fallback
rural_highway,80.0,80.0,dense_fog,crash,8,train,train,held_out,0.5039370078740157,0.3742690058479532,0.42953020134228187,0.26970726443832943,171,127,226.35532333438687,fallback
rural_highway,80.0,80.0,dense_fog,crash,9,train,train,held_out,0.4666666666666667,0.34146341463414637,0.3943661971830986,0.2719974963036545,164,120,226.35532333438687,fallback
rural_highway,80.0,80.0,dense_fog,waterlogging,0,train,held_out,held_out,0.42857142857142855,1.0,0.6,0.5287466432975839,105,245,226.35532333438687,fallback
rural_highway,80.0,80.0,dense_fog,waterlogging,1,train,held_out,held_out,0.4713114754098361,1.0,0.6406685236768803,0.5653471747999784,115,244,226.35532333438687,fallback
rural_highway,80.0,80.0,dense_fog,waterlogging,2,train,held_out,held_out,0.4730290456431535,1.0,0.6422535211267605,0.5659626646080738,114,241,226.35532333438687,fallback
rural_highway,80.0,80.0,dense_fog,waterlogging,3,train,held_out,held_out,0.3656387665198238,1.0,0.535483870967742,0.5177212719612448,83,227,226.35532333438687,fallback
rural_highway,80.0,80.0,dense_fog,waterlogging,4,train,held_out,held_out,0.3682008368200837,1.0,0.5382262996941896,0.5297761932877554,88,239,226.35532333438687,fallback
rural_highway,80.0,80.0,dense_fog,waterlogging,5,train,held_out,held_out,0.452991452991453,1.0,0.6235294117647059,0.5740156461526867,106,234,226.35532333438687,fallback
rural_highway,80.0,80.0,dense_fog,waterlogging,6,train,held_out,held_out,0.4435146443514644,1.0,0.6144927536231884,0.5352316677884746,106,239,226.35532333438687,fallback
rural_highway,80.0,80.0,dense_fog,waterlogging,7,train,held_out,held_out,0.3760330578512397,1.0,0.5465465465465466,0.5000535292099823,91,242,226.35532333438687,fallback
rural_highway,80.0,80.0,dense_fog,waterlogging,8,train,held_out,held_out,0.48627450980392156,1.0,0.6543535620052771,0.5523050264447225,124,255,226.35532333438687,fallback
rural_highway,80.0,80.0,dense_fog,waterlogging,9,train,held_out,held_out,0.4900398406374502,1.0,0.6577540106951871,0.5709003163034969,123,251,226.35532333438687,fallback
rural_highway,80.0,80.0,dense_fog,black_ice,0,train,held_out,held_out,0.4326530612244898,1.0,0.603988603988604,0.5312707156270305,106,245,226.35532333438687,fallback
rural_highway,80.0,80.0,dense_fog,black_ice,1,train,held_out,held_out,0.4713114754098361,1.0,0.6406685236768803,0.5681205039336045,115,244,226.35532333438687,fallback
rural_highway,80.0,80.0,dense_fog,black_ice,2,train,held_out,held_out,0.4730290456431535,1.0,0.6422535211267605,0.568918469014887,114,241,226.35532333438687,fallback
rural_highway,80.0,80.0,dense_fog,black_ice,3,train,held_out,held_out,0.3656387665198238,1.0,0.535483870967742,0.5202890319477669,83,227,226.35532333438687,fallback
rural_highway,80.0,80.0,dense_fog,black_ice,4,train,held_out,held_out,0.3723849372384937,1.0,0.5426829268292682,0.5323478028493154,89,239,226.35532333438687,fallback
rural_highway,80.0,80.0,dense_fog,black_ice,5,train,held_out,held_out,0.452991452991453,1.0,0.6235294117647059,0.5772230700127315,106,234,226.35532333438687,fallback
rural_highway,80.0,80.0,dense_fog,black_ice,6,train,held_out,held_out,0.4435146443514644,1.0,0.6144927536231884,0.5381629093168754,106,239,226.35532333438687,fallback
rural_highway,80.0,80.0,dense_fog,black_ice,7,train,held_out,held_out,0.3760330578512397,1.0,0.5465465465465466,0.5023976593324408,91,242,226.35532333438687,fallback
rural_highway,80.0,80.0,dense_fog,black_ice,8,train,held_out,held_out,0.48627450980392156,1.0,0.6543535620052771,0.5550051927119733,124,255,226.35532333438687,fallback
rural_highway,80.0,80.0,dense_fog,black_ice,9,train,held_out,held_out,0.4940239043824701,1.0,0.6613333333333333,0.5738187839562293,124,251,226.35532333438687,fallback
urban_nlos,80.0,80.0,clear,fog_bank,0,train,train,train,0.39807576668671074,1.0,0.5694623655913978,0.29776050181078206,662,1663,226.35532333438687,fallback
urban_nlos,80.0,80.0,clear,fog_bank,1,train,train,train,0.41537544696066747,1.0,0.5869473684210527,0.2944759486411621,697,1678,226.35532333438687,fallback
urban_nlos,80.0,80.0,clear,fog_bank,2,train,train,train,0.39904420549581837,1.0,0.5704526046114432,0.29831602642154154,668,1674,226.35532333438687,fallback
urban_nlos,80.0,80.0,clear,fog_bank,3,train,train,train,0.42923976608187137,1.0,0.6006546644844517,0.2956841402013112,734,1710,226.35532333438687,fallback
urban_nlos,80.0,80.0,clear,fog_bank,4,train,train,train,0.4047058823529412,1.0,0.576214405360134,0.27323220642679097,688,1700,226.35532333438687,fallback
urban_nlos,80.0,80.0,clear,fog_bank,5,train,train,train,0.4047058823529412,1.0,0.576214405360134,0.28610630801154047,688,1700,226.35532333438687,fallback
urban_nlos,80.0,80.0,clear,fog_bank,6,train,train,train,0.4314540059347181,1.0,0.6028192371475954,0.30498375991190957,727,1685,226.35532333438687,fallback
urban_nlos,80.0,80.0,clear,fog_bank,7,train,train,train,0.4111045481393975,1.0,0.5826705734616994,0.3078187457407635,696,1693,226.35532333438687,fallback
urban_nlos,80.0,80.0,clear,fog_bank,8,train,train,train,0.42480527261833434,1.0,0.5962994112699749,0.31372523776298583,709,1669,226.35532333438687,fallback
urban_nlos,80.0,80.0,clear,fog_bank,9,train,train,train,0.40835266821345706,1.0,0.5799011532125206,0.2827678559997229,704,1724,226.35532333438687,fallback
urban_nlos,80.0,80.0,clear,landslide,0,train,train,train,0.3986770895971137,1.0,0.5700773860705073,0.29049267719447913,663,1663,226.35532333438687,fallback
urban_nlos,80.0,80.0,clear,landslide,1,train,train,train,0.4201430274135876,1.0,0.5916911456147713,0.2904215679982697,705,1678,226.35532333438687,fallback
urban_nlos,80.0,80.0,clear,landslide,2,train,train,train,0.4038231780167264,1.0,0.5753191489361703,0.29359126074863,676,1674,226.35532333438687,fallback
urban_nlos,80.0,80.0,clear,landslide,3,train,train,train,0.4327485380116959,1.0,0.6040816326530613,0.28928228218289015,740,1710,226.35532333438687,fallback
urban_nlos,80.0,80.0,clear,landslide,4,train,train,train,0.40647058823529414,1.0,0.5780008364700963,0.2662280521999024,691,1700,226.35532333438687,fallback
urban_nlos,80.0,80.0,clear,landslide,5,train,train,train,0.40941176470588236,1.0,0.5809682804674458,0.28131838304823614,696,1700,226.35532333438687,fallback
urban_nlos,80.0,80.0,clear,landslide,6,train,train,train,0.4350148367952522,1.0,0.6062861869313482,0.303574128662918,733,1685,226.35532333438687,fallback
urban_nlos,80.0,80.0,clear,landslide,7,train,train,train,0.41642055522740695,1.0,0.5879899916597164,0.30330871953864275,705,1693,226.35532333438687,fallback
urban_nlos,80.0,80.0,clear,landslide,8,train,train,train,0.4284002396644697,1.0,0.5998322147651006,0.3087027959308677,715,1669,226.35532333438687,fallback
urban_nlos,80.0,80.0,clear,landslide,9,train,train,train,0.4124129930394432,1.0,0.5839835728952772,0.27560966679179333,711,1724,226.35532333438687,fallback
urban_nlos,80.0,80.0,clear,crash,0,train,train,train,0.36308724832214767,1.0,0.5327424913835549,0.33928287424526105,541,1490,226.35532333438687,fallback
urban_nlos,80.0,80.0,clear,crash,1,train,train,train,0.3745796906523201,1.0,0.5450097847358122,0.34692643615973745,557,1487,226.35532333438687,fallback
urban_nlos,80.0,80.0,clear,crash,2,train,train,train,0.3554970375246873,1.0,0.5245264691597863,0.33548562602681753,540,1519,226.35532333438687,fallback
urban_nlos,80.0,80.0,clear,crash,3,train,train,train,0.38,1.0,0.5507246376811594,0.33732159082299035,589,1550,226.35532333438687,fallback
urban_nlos,80.0,80.0,clear,crash,4,train,train,train,0.3585284280936455,1.0,0.5278188084687345,0.33190523238170605,536,1495,226.35532333438687,fallback
urban_nlos,80.0,80.0,clear,crash,5,train,train,train,0.35551206784083494,1.0,0.5245428296438883,0.32829663750500643,545,1533,226.35532333438687,fallback
urban_nlos,80.0,80.0,clear,crash,6,train,train,train,0.38162307176391685,1.0,0.5524271844660195,0.35477760395267766,569,1491,226.35532333438687,fallback
urban_nlos,80.0,80.0,clear,crash,7,train,train,train,0.361574382921948,1.0,0.5311121999020089,0.34883224176178307,542,1499,226.35532333438687,fallback
urban_nlos,80.0,80.0,clear,crash,8,train,train,train,0.3744075829383886,1.0,0.5448275862068965,0.35282631430896044,553,1477,226.35532333438687,fallback
urban_nlos,80.0,80.0,clear,crash,9,train,train,train,0.3486590038314176,1.0,0.5170454545454545,0.3153933116723556,546,1566,226.35532333438687,fallback
urban_nlos,80.0,80.0,clear,waterlogging,0,train,held_out,train,0.3986770895971137,1.0,0.5700773860705073,0.2922863695739093,663,1663,226.35532333438687,fallback
urban_nlos,80.0,80.0,clear,waterlogging,1,train,held_out,train,0.4189511323003576,1.0,0.5905081898362032,0.2913196814945729,703,1678,226.35532333438687,fallback
urban_nlos,80.0,80.0,clear,waterlogging,2,train,held_out,train,0.4032258064516129,1.0,0.5747126436781609,0.29462555878323476,675,1674,226.35532333438687,fallback
urban_nlos,80.0,80.0,clear,waterlogging,3,train,held_out,train,0.43216374269005847,1.0,0.6035116374030216,0.2906832564449944,739,1710,226.35532333438687,fallback
urban_nlos,80.0,80.0,clear,waterlogging,4,train,held_out,train,0.40588235294117647,1.0,0.5774058577405858,0.26778240209633136,690,1700,226.35532333438687,fallback
urban_nlos,80.0,80.0,clear,waterlogging,5,train,held_out,train,0.4088235294117647,1.0,0.5803757828810021,0.28245999200635247,695,1700,226.35532333438687,fallback
urban_nlos,80.0,80.0,clear,waterlogging,6,train,held_out,train,0.4344213649851632,1.0,0.605709557302441,0.3037727726887073,732,1685,226.35532333438687,fallback
urban_nlos,80.0,80.0,clear,waterlogging,7,train,held_out,train,0.4158298877731837,1.0,0.5874009178139341,0.3043241512295509,704,1693,226.35532333438687,fallback
urban_nlos,80.0,80.0,clear,waterlogging,8,train,held_out,train,0.42720191731575796,1.0,0.5986565910999161,0.3097670921476599,713,1669,226.35532333438687,fallback
urban_nlos,80.0,80.0,clear,waterlogging,9,train,held_out,train,0.410092807424594,1.0,0.5816536404771699,0.277234204357573,707,1724,226.35532333438687,fallback
urban_nlos,80.0,80.0,clear,black_ice,0,train,held_out,train,0.3986770895971137,1.0,0.5700773860705073,0.2913678571649792,663,1663,226.35532333438687,fallback
urban_nlos,80.0,80.0,clear,black_ice,1,train,held_out,train,0.4189511323003576,1.0,0.5905081898362032,0.2908638184314375,703,1678,226.35532333438687,fallback
urban_nlos,80.0,80.0,clear,black_ice,2,train,held_out,train,0.4032258064516129,1.0,0.5747126436781609,0.29408943448729813,675,1674,226.35532333438687,fallback
urban_nlos,80.0,80.0,clear,black_ice,3,train,held_out,train,0.43216374269005847,1.0,0.6035116374030216,0.28996538671068495,739,1710,226.35532333438687,fallback
urban_nlos,80.0,80.0,clear,black_ice,4,train,held_out,train,0.40647058823529414,1.0,0.5780008364700963,0.2669666813487678,691,1700,226.35532333438687,fallback
urban_nlos,80.0,80.0,clear,black_ice,5,train,held_out,train,0.4088235294117647,1.0,0.5803757828810021,0.28189528985352696,695,1700,226.35532333438687,fallback
urban_nlos,80.0,80.0,clear,black_ice,6,train,held_out,train,0.4344213649851632,1.0,0.605709557302441,0.30366524653049104,732,1685,226.35532333438687,fallback
urban_nlos,80.0,80.0,clear,black_ice,7,train,held_out,train,0.4158298877731837,1.0,0.5874009178139341,0.30378502863829493,704,1693,226.35532333438687,fallback
urban_nlos,80.0,80.0,clear,black_ice,8,train,held_out,train,0.42780107849011384,1.0,0.5992446496013428,0.30921914121722377,714,1669,226.35532333438687,fallback
urban_nlos,80.0,80.0,clear,black_ice,9,train,held_out,train,0.41067285382830626,1.0,0.5822368421052632,0.27640676947448894,708,1724,226.35532333438687,fallback
urban_nlos,80.0,80.0,heavy_rain,fog_bank,0,train,train,train,0.3675373134328358,1.0,0.5375170532060027,0.3206787235833827,591,1608,226.35532333438687,fallback
urban_nlos,80.0,80.0,heavy_rain,fog_bank,1,train,train,train,0.37385461209529625,1.0,0.5442418852823476,0.33157480398940603,612,1637,226.35532333438687,fallback
urban_nlos,80.0,80.0,heavy_rain,fog_bank,2,train,train,train,0.37005477784540475,1.0,0.5402043536206131,0.335718095326174,608,1643,226.35532333438687,fallback
urban_nlos,80.0,80.0,heavy_rain,fog_bank,3,train,train,train,0.3701657458563536,1.0,0.5403225806451613,0.3254583571879765,603,1629,226.35532333438687,fallback
urban_nlos,80.0,80.0,heavy_rain,fog_bank,4,train,train,train,0.37193627450980393,1.0,0.5422063421170165,0.33124813007195225,607,1632,226.35532333438687,fallback
urban_nlos,80.0,80.0,heavy_rain,fog_bank,5,train,train,train,0.3821892393320965,1.0,0.553020134228188,0.33156973638980863,618,1617,226.35532333438687,fallback
urban_nlos,80.0,80.0,heavy_rain,fog_bank,6,train,train,train,0.38906547997457086,1.0,0.5601830663615561,0.34526071784490486,612,1573,226.35532333438687,fallback
urban_nlos,80.0,80.0,heavy_rain,fog_bank,7,train,train,train,0.3743051266213712,1.0,0.5447191011235955,0.3338104803128415,606,1619,226.35532333438687,fallback
urban_nlos,80.0,80.0,heavy_rain,fog_bank,8,train,train,train,0.38561686298822073,1.0,0.556599552572707,0.33116103493166704,622,1613,226.35532333438687,fallback
urban_nlos,80.0,80.0,heavy_rain,fog_bank,9,train,train,train,0.3692590324556032,1.0,0.539355992844365,0.32807753836543047,603,1633,226.35532333438687,fallback
urban_nlos,80.0,80.0,heavy_rain,landslide,0,train,train,train,0.3729024238657551,1.0,0.5432322317790855,0.31363310524218374,600,1609,226.35532333438687,fallback
urban_nlos,80.0,80.0,heavy_rain,landslide,1,train,train,train,0.3778998778998779,1.0,0.5485157288435977,0.3237441833797002,619,1638,226.35532333438687,fallback
urban_nlos,80.0,80.0,heavy_rain,landslide,2,train,train,train,0.3755325623858795,1.0,0.5460176991150443,0.3304445608558206,617,1643,226.35532333438687,fallback
urban_nlos,80.0,80.0,heavy_rain,landslide,3,train,train,train,0.3736196319018405,1.0,0.5439928539526574,0.31559769159976,609,1630,226.35532333438687,fallback
urban_nlos,80.0,80.0,heavy_rain,landslide,4,train,train,train,0.3799019607843137,1.0,0.5506216696269982,0.3243302990883792,620,1632,226.35532333438687,fallback
urban_nlos,80.0,80.0,heavy_rain,landslide,5,train,train,train,0.3877551020408163,1.0,0.5588235294117647,0.32896590894012107,627,1617,226.35532333438687,fallback
urban_nlos,80.0,80.0,heavy_rain,landslide,6,train,train,train,0.39287984742530196,1.0,0.5641259698767687,0.33683609099815087,618,1573,226.35532333438687,fallback
urban_nlos,80.0,80.0,heavy_rain,landslide,7,train,train,train,0.3786287831995059,1.0,0.5492831541218638,0.3292942126278513,613,1619,226.35532333438687,fallback
urban_nlos,80.0,80.0,heavy_rain,landslide,8,train,train,train,0.3911965282083075,1.0,0.5623885918003565,0.3251541573292197,631,1613,226.35532333438687,fallback
urban_nlos,80.0,80.0,heavy_rain,landslide,9,train,train,train,0.3772198407838334,1.0,0.5477990217874611,0.31927249931896634,616,1633,226.35532333438687,fallback
urban_nlos,80.0,80.0,heavy_rain,crash,0,train,train,train,0.3407142857142857,1.0,0.5082578582844965,0.3677600635920423,477,1400,226.35532333438687,fallback
urban_nlos,80.0,80.0,heavy_rain,crash,1,train,train,train,0.3433356594556874,1.0,0.5111688311688312,0.3652605880260538,492,1433,226.35532333438687,fallback
urban_nlos,80.0,80.0,heavy_rain,crash,2,train,train,train,0.33703190013869627,1.0,0.504149377593361,0.3718699396977163,486,1442,226.35532333438687,fallback
urban_nlos,80.0,80.0,heavy_rain,crash,3,train,train,train,0.351123595505618,1.0,0.5197505197505198,0.3784801836925139,500,1424,226.35532333438687,fallback
urban_nlos,80.0,80.0,heavy_rain,crash,4,train,train,train,0.33777154870357395,1.0,0.5049764274489261,0.37387170987372786,482,1427,226.35532333438687,fallback
urban_nlos,80.0,80.0,heavy_rain,crash,5,train,train,train,0.34473133286810886,1.0,0.5127140633108458,0.3582244816952826,494,1433,226.35532333438687,fallback
urban_nlos,80.0,80.0,heavy_rain,crash,6,train,train,train,0.355956678700361,1.0,0.5250266240681577,0.37922068280756993,493,1385,226.35532333438687,fallback
urban_nlos,80.0,80.0,heavy_rain,crash,7,train,train,train,0.33310104529616724,1.0,0.49973863042341865,0.35954091105576297,478,1435,226.35532333438687,fallback
urban_nlos,80.0,80.0,heavy_rain,crash,8,train,train,train,0.3595744680851064,1.0,0.5289514866979655,0.36726847776362986,507,1410,226.35532333438687,fallback
urban_nlos,80.0,80.0,heavy_rain,crash,9,train,train,train,0.3344947735191638,1.0,0.5013054830287207,0.3689298039476224,480,1435,226.35532333438687,fallback
urban_nlos,80.0,80.0,heavy_rain,waterlogging,0,train,held_out,train,0.3716594157862026,1.0,0.5419120978704123,0.31513724248765945,598,1609,226.35532333438687,fallback
urban_nlos,80.0,80.0,heavy_rain,waterlogging,1,train,held_out,train,0.3778998778998779,1.0,0.5485157288435977,0.3256705894525385,619,1638,226.35532333438687,fallback
urban_nlos,80.0,80.0,heavy_rain,waterlogging,2,train,held_out,train,0.37492391965916005,1.0,0.5453740593182824,0.3315877863195261,616,1643,226.35532333438687,fallback
urban_nlos,80.0,80.0,heavy_rain,waterlogging,3,train,held_out,train,0.3736196319018405,1.0,0.5439928539526574,0.31804888988394026,609,1630,226.35532333438687,fallback
urban_nlos,80.0,80.0,heavy_rain,waterlogging,4,train,held_out,train,0.37745098039215685,1.0,0.5480427046263345,0.3259687402619515,616,1632,226.35532333438687,fallback
urban_nlos,80.0,80.0,heavy_rain,waterlogging,5,train,held_out,train,0.38589981447124305,1.0,0.5568942436412316,0.32939818925899433,624,1617,226.35532333438687,fallback
urban_nlos,80.0,80.0,heavy_rain,waterlogging,6,train,held_out,train,0.39097266369993644,1.0,0.5621572212065814,0.3387404685734363,615,1573,226.35532333438687,fallback
urban_nlos,80.0,80.0,heavy_rain,waterlogging,7,train,held_out,train,0.37739345274861025,1.0,0.5479820627802691,0.3303818951708119,611,1619,226.35532333438687,fallback
urban_nlos,80.0,80.0,heavy_rain,waterlogging,8,train,held_out,train,0.38933663980161193,1.0,0.5604640785363678,0.3264319845789727,628,1613,226.35532333438687,fallback
urban_nlos,80.0,80.0,heavy_rain,waterlogging,9,train,held_out,train,0.3759951010410288,1.0,0.5465064530485092,0.321488717951158,614,1633,226.35532333438687,fallback
urban_nlos,80.0,80.0,heavy_rain,black_ice,0,train,held_out,train,0.3722809198259789,1.0,0.542572463768116,0.3143455888716659,599,1609,226.35532333438687,fallback
urban_nlos,80.0,80.0,heavy_rain,black_ice,1,train,held_out,train,0.3778998778998779,1.0,0.5485157288435977,0.32468252419036187,619,1638,226.35532333438687,fallback
urban_nlos,80.0,80.0,heavy_rain,black_ice,2,train,held_out,train,0.3755325623858795,1.0,0.5460176991150443,0.33098355256835477,617,1643,226.35532333438687,fallback
urban_nlos,80.0,80.0,heavy_rain,black_ice,3,train,held_out,train,0.3736196319018405,1.0,0.5439928539526574,0.31679411329598756,609,1630,226.35532333438687,fallback
urban_nlos,80.0,80.0,heavy_rain,black_ice,4,train,held_out,train,0.37745098039215685,1.0,0.5480427046263345,0.32511954042265095,616,1632,226.35532333438687,fallback
urban_nlos,80.0,80.0,heavy_rain,black_ice,5,train,held_out,train,0.38589981447124305,1.0,0.5568942436412316,0.329175976981484,624,1617,226.35532333438687,fallback
urban_nlos,80.0,80.0,heavy_rain,black_ice,6,train,held_out,train,0.39287984742530196,1.0,0.5641259698767687,0.3377713650241882,618,1573,226.35532333438687,fallback
urban_nlos,80.0,80.0,heavy_rain,black_ice,7,train,held_out,train,0.37801111797405806,1.0,0.548632900044823,0.32981745042178995,612,1619,226.35532333438687,fallback
urban_nlos,80.0,80.0,heavy_rain,black_ice,8,train,held_out,train,0.3911965282083075,1.0,0.5623885918003565,0.32577303738396574,631,1613,226.35532333438687,fallback
urban_nlos,80.0,80.0,heavy_rain,black_ice,9,train,held_out,train,0.37660747091243113,1.0,0.547153024911032,0.3203789422806584,615,1633,226.35532333438687,fallback
urban_nlos,80.0,80.0,moderate_rain,fog_bank,0,train,train,held_out,0.4049338146811071,1.0,0.5764453961456103,0.2928744415909236,673,1662,226.35532333438687,fallback
urban_nlos,80.0,80.0,moderate_rain,fog_bank,1,train,train,held_out,0.40296662546353523,1.0,0.5744493392070484,0.3343091485164722,652,1618,226.35532333438687,fallback
urban_nlos,80.0,80.0,moderate_rain,fog_bank,2,train,train,held_out,0.38591210114388924,1.0,0.5569070373588184,0.3043573970004812,641,1661,226.35532333438687,fallback
urban_nlos,80.0,80.0,moderate_rain,fog_bank,3,train,train,held_out,0.39722724532851117,1.0,0.5685936151855047,0.3059974951500588,659,1659,226.35532333438687,fallback
urban_nlos,80.0,80.0,moderate_rain,fog_bank,4,train,train,held_out,0.4095940959409594,1.0,0.581151832460733,0.3254074760785089,666,1626,226.35532333438687,fallback
urban_nlos,80.0,80.0,moderate_rain,fog_bank,5,train,train,held_out,0.39170225747406956,1.0,0.5629110039456379,0.32433655542879725,642,1639,226.35532333438687,fallback
urban_nlos,80.0,80.0,moderate_rain,fog_bank,6,train,train,held_out,0.41723922548407244,1.0,0.5888056412516527,0.3202977756231264,668,1601,226.35532333438687,fallback
urban_nlos,80.0,80.0,moderate_rain,fog_bank,7,train,train,held_out,0.40456182472989194,1.0,0.576068376068376,0.31301215047142344,674,1666,226.35532333438687,fallback
urban_nlos,80.0,80.0,moderate_rain,fog_bank,8,train,train,held_out,0.4163636363636364,1.0,0.5879332477535302,0.3264306041751083,687,1650,226.35532333438687,fallback
urban_nlos,80.0,80.0,moderate_rain,fog_bank,9,train,train,held_out,0.3978558665872543,1.0,0.5692373242437154,0.31406027088727206,668,1679,226.35532333438687,fallback
urban_nlos,80.0,80.0,moderate_rain,landslide,0,train,train,held_out,0.40613718411552346,1.0,0.5776636713735558,0.28613851491979625,675,1662,226.35532333438687,fallback
urban_nlos,80.0,80.0,moderate_rain,landslide,1,train,train,held_out,0.4072929542645241,1.0,0.5788317962231005,0.32842468623373045,659,1618,226.35532333438687,fallback
urban_nlos,80.0,80.0,moderate_rain,landslide,2,train,train,held_out,0.3889223359422035,1.0,0.5600346770697876,0.2998705206155617,646,1661,226.35532333438687,fallback
urban_nlos,80.0,80.0,moderate_rain,landslide,3,train,train,held_out,0.3990355635925256,1.0,0.5704437742352435,0.296389060803009,662,1659,226.35532333438687,fallback
urban_nlos,80.0,80.0,moderate_rain,landslide,4,train,train,held_out,0.4138991389913899,1.0,0.5854719443236189,0.32019131266497447,673,1626,226.35532333438687,fallback
urban_nlos,80.0,80.0,moderate_rain,landslide,5,train,train,held_out,0.3959731543624161,1.0,0.5673076923076923,0.3197035702069434,649,1639,226.35532333438687,fallback
urban_nlos,80.0,80.0,moderate_rain,landslide,6,train,train,held_out,0.41911305434103685,1.0,0.590669014084507,0.3205298011563611,671,1601,226.35532333438687,fallback
urban_nlos,80.0,80.0,moderate_rain,landslide,7,train,train,held_out,0.40756302521008403,1.0,0.5791044776119404,0.3095570305824771,679,1666,226.35532333438687,fallback
urban_nlos,80.0,80.0,moderate_rain,landslide,8,train,train,held_out,0.4218181818181818,1.0,0.5933503836317136,0.3225027451420874,696,1650,226.35532333438687,fallback
urban_nlos,80.0,80.0,moderate_rain,landslide,9,train,train,held_out,0.40083382966051223,1.0,0.5722789115646258,0.30438562459402996,673,1679,226.35532333438687,fallback
urban_nlos,80.0,80.0,moderate_rain,crash,0,train,train,held_out,0.3585034013605442,1.0,0.5277916875312969,0.33976968190248386,527,1470,226.35532333438687,fallback
urban_nlos,80.0,80.0,moderate_rain,crash,1,train,train,held_out,0.36268343815513626,1.0,0.5323076923076923,0.36982873133798677,519,1431,226.35532333438687,fallback
urban_nlos,80.0,80.0,moderate_rain,crash,2,train,train,held_out,0.35111411208642807,1.0,0.5197401299350325,0.34923288055794394,520,1481,226.35532333438687,fallback
urban_nlos,80.0,80.0,moderate_rain,crash,3,train,train,held_out,0.35645604395604397,1.0,0.5255696202531646,0.3516738700145693,519,1456,226.35532333438687,fallback
urban_nlos,80.0,80.0,moderate_rain,crash,4,train,train,held_out,0.37011173184357543,1.0,0.5402650356778798,0.3692771618188473,530,1432,226.35532333438687,fallback
urban_nlos,80.0,80.0,moderate_rain,crash,5,train,train,held_out,0.3472317156527683,1.0,0.5154743784880771,0.34937107400552453,508,1463,226.35532333438687,fallback
urban_nlos,80.0,80.0,moderate_rain,crash,6,train,train,held_out,0.3812233285917496,1.0,0.5520082389289392,0.362947720109697,536,1406,226.35532333438687,fallback
urban_nlos,80.0,80.0,moderate_rain,crash,7,train,train,held_out,0.35926928281461434,1.0,0.5286212045793928,0.3541269467520139,531,1478,226.35532333438687,fallback
urban_nlos,80.0,80.0,moderate_rain,crash,8,train,train,held_out,0.3786610878661088,1.0,0.5493171471927163,0.37095789945717667,543,1434,226.35532333438687,fallback
urban_nlos,80.0,80.0,moderate_rain,crash,9,train,train,held_out,0.34293369055592765,1.0,0.5107231920199501,0.34388713538283877,512,1493,226.35532333438687,fallback
urban_nlos,80.0,80.0,moderate_rain,waterlogging,0,train,held_out,held_out,0.4055354993983153,1.0,0.577054794520548,0.2876518858913451,674,1662,226.35532333438687,fallback
urban_nlos,80.0,80.0,moderate_rain,waterlogging,1,train,held_out,held_out,0.40667490729295425,1.0,0.578207381370826,0.32976696368900654,658,1618,226.35532333438687,fallback
urban_nlos,80.0,80.0,moderate_rain,waterlogging,2,train,held_out,held_out,0.3889223359422035,1.0,0.5600346770697876,0.3009622308940512,646,1661,226.35532333438687,fallback
urban_nlos,80.0,80.0,moderate_rain,waterlogging,3,train,held_out,held_out,0.3990355635925256,1.0,0.5704437742352435,0.2986518670553498,662,1659,226.35532333438687,fallback
urban_nlos,80.0,80.0,moderate_rain,waterlogging,4,train,held_out,held_out,0.41205412054120544,1.0,0.583623693379791,0.32146100755285806,670,1626,226.35532333438687,fallback
urban_nlos,80.0,80.0,moderate_rain,waterlogging,5,train,held_out,held_out,0.3947528981086028,1.0,0.5660542432195975,0.3206510714344646,647,1639,226.35532333438687,fallback
urban_nlos,80.0,80.0,moderate_rain,waterlogging,6,train,held_out,held_out,0.41911305434103685,1.0,0.590669014084507,0.32020809480788714,671,1601,226.35532333438687,fallback
urban_nlos,80.0,80.0,moderate_rain,waterlogging,7,train,held_out,held_out,0.4069627851140456,1.0,0.5784982935153583,0.31023861380708545,678,1666,226.35532333438687,fallback
urban_nlos,80.0,80.0,moderate_rain,waterlogging,8,train,held_out,held_out,0.4193939393939394,1.0,0.5909479077711357,0.32335944662573013,692,1650,226.35532333438687,fallback
urban_nlos,80.0,80.0,moderate_rain,waterlogging,9,train,held_out,held_out,0.40023823704586065,1.0,0.5716716290940026,0.3068234745877193,672,1679,226.35532333438687,fallback
urban_nlos,80.0,80.0,moderate_rain,black_ice,0,train,held_out,held_out,0.4055354993983153,1.0,0.577054794520548,0.28686757811592145,674,1662,226.35532333438687,fallback
urban_nlos,80.0,80.0,moderate_rain,black_ice,1,train,held_out,held_out,0.40667490729295425,1.0,0.578207381370826,0.3290946417624942,658,1618,226.35532333438687,fallback
urban_nlos,80.0,80.0,moderate_rain,black_ice,2,train,held_out,held_out,0.3889223359422035,1.0,0.5600346770697876,0.30042298814076235,646,1661,226.35532333438687,fallback
urban_nlos,80.0,80.0,moderate_rain,black_ice,3,train,held_out,held_out,0.3990355635925256,1.0,0.5704437742352435,0.29749741216640113,662,1659,226.35532333438687,fallback
urban_nlos,80.0,80.0,moderate_rain,black_ice,4,train,held_out,held_out,0.4138991389913899,1.0,0.5854719443236189,0.3208277861358162,673,1626,226.35532333438687,fallback
urban_nlos,80.0,80.0,moderate_rain,black_ice,5,train,held_out,held_out,0.3959731543624161,1.0,0.5673076923076923,0.3201730390622469,649,1639,226.35532333438687,fallback
urban_nlos,80.0,80.0,moderate_rain,black_ice,6,train,held_out,held_out,0.41911305434103685,1.0,0.590669014084507,0.3203795560703422,671,1601,226.35532333438687,fallback
urban_nlos,80.0,80.0,moderate_rain,black_ice,7,train,held_out,held_out,0.40756302521008403,1.0,0.5791044776119404,0.3098850516988468,679,1666,226.35532333438687,fallback
urban_nlos,80.0,80.0,moderate_rain,black_ice,8,train,held_out,held_out,0.4193939393939394,1.0,0.5909479077711357,0.3229311098336109,692,1650,226.35532333438687,fallback
urban_nlos,80.0,80.0,moderate_rain,black_ice,9,train,held_out,held_out,0.40083382966051223,1.0,0.5722789115646258,0.30558818630791423,673,1679,226.35532333438687,fallback
urban_nlos,80.0,80.0,dense_fog,fog_bank,0,train,train,held_out,0.3620364550597109,1.0,0.5316105214582372,0.34668879092156507,576,1591,226.35532333438687,fallback
urban_nlos,80.0,80.0,dense_fog,fog_bank,1,train,train,held_out,0.3590561224489796,1.0,0.5283904270295636,0.3430934114847601,563,1568,226.35532333438687,fallback
urban_nlos,80.0,80.0,dense_fog,fog_bank,2,train,train,held_out,0.35625,1.0,0.5253456221198157,0.3435496313514341,570,1600,226.35532333438687,fallback
urban_nlos,80.0,80.0,dense_fog,fog_bank,3,train,train,held_out,0.365625,1.0,0.5354691075514874,0.34981732351687833,585,1600,226.35532333438687,fallback
urban_nlos,80.0,80.0,dense_fog,fog_bank,4,train,train,held_out,0.3656998738965952,1.0,0.5355493998153278,0.3375108630237826,580,1586,226.35532333438687,fallback
urban_nlos,80.0,80.0,dense_fog,fog_bank,5,train,train,held_out,0.3533083645443196,1.0,0.5221402214022139,0.3473248814448582,566,1602,226.35532333438687,fallback
urban_nlos,80.0,80.0,dense_fog,fog_bank,6,train,train,held_out,0.3931124106562703,1.0,0.5643656716417911,0.35744222164806644,605,1539,226.35532333438687,fallback
urban_nlos,80.0,80.0,dense_fog,fog_bank,7,train,train,held_out,0.3555276381909548,1.0,0.5245597775718258,0.34963232742469835,566,1592,226.35532333438687,fallback
urban_nlos,80.0,80.0,dense_fog,fog_bank,8,train,train,held_out,0.36420919974795213,1.0,0.5339491916859123,0.3519804043871567,578,1587,226.35532333438687,fallback
urban_nlos,80.0,80.0,dense_fog,fog_bank,9,train,train,held_out,0.3622641509433962,1.0,0.5318559556786704,0.3510143170374409,576,1590,226.35532333438687,fallback
urban_nlos,80.0,80.0,dense_fog,landslide,0,train,train,held_out,0.36746231155778897,1.0,0.5374368396876436,0.3381256243904025,585,1592,226.35532333438687,fallback
urban_nlos,80.0,80.0,dense_fog,landslide,1,train,train,held_out,0.36543367346938777,1.0,0.5352638953759925,0.33503779905413344,573,1568,226.35532333438687,fallback
urban_nlos,80.0,80.0,dense_fog,landslide,2,train,train,held_out,0.359375,1.0,0.5287356321839081,0.3396426696503456,575,1600,226.35532333438687,fallback
urban_nlos,80.0,80.0,dense_fog,landslide,3,train,train,held_out,0.37,1.0,0.5401459854014599,0.3408056145167191,592,1600,226.35532333438687,fallback
urban_nlos,80.0,80.0,dense_fog,landslide,4,train,train,held_out,0.3751576292559899,1.0,0.5456212746446584,0.3334655447163554,595,1586,226.35532333438687,fallback
urban_nlos,80.0,80.0,dense_fog,landslide,5,train,train,held_out,0.36079900124843944,1.0,0.5302752293577981,0.33729564006911034,578,1602,226.35532333438687,fallback
urban_nlos,80.0,80.0,dense_fog,landslide,6,train,train,held_out,0.39571150097465885,1.0,0.5670391061452514,0.35358712051601043,609,1539,226.35532333438687,fallback
urban_nlos,80.0,80.0,dense_fog,landslide,7,train,train,held_out,0.3611809045226131,1.0,0.53068758652515,0.34699415002546935,575,1592,226.35532333438687,fallback
urban_nlos,80.0,80.0,dense_fog,landslide,8,train,train,held_out,0.369880277252678,1.0,0.5400183992640295,0.34075227051815477,587,1587,226.35532333438687,fallback
urban_nlos,80.0,80.0,dense_fog,landslide,9,train,train,held_out,0.3693467336683417,1.0,0.5394495412844036,0.34676402202927753,588,1592,226.35532333438687,fallback
urban_nlos,80.0,80.0,dense_fog,crash,0,train,train,held_out,0.33698030634573306,1.0,0.5040916530278232,0.3859688792757616,462,1371,226.35532333438687,fallback
urban_nlos,80.0,80.0,dense_fog,crash,1,train,train,held_out,0.32991202346041054,1.0,0.4961411245865491,0.38078088649906083,450,1364,226.35532333438687,fallback
urban_nlos,80.0,80.0,dense_fog,crash,2,train,train,held_out,0.32219061166429586,1.0,0.48735879505110274,0.3727164229384369,453,1406,226.35532333438687,fallback
urban_nlos,80.0,80.0,dense_fog,crash,3,train,train,held_out,0.33598265895953755,1.0,0.502974580854516,0.39212222944286834,465,1384,226.35532333438687,fallback
urban_nlos,80.0,80.0,dense_fog,crash,4,train,train,held_out,0.3435448577680525,1.0,0.511400651465798,0.3859713289586389,471,1371,226.35532333438687,fallback
urban_nlos,80.0,80.0,dense_fog,crash,5,train,train,held_out,0.32346723044397463,1.0,0.48881789137380194,0.3674793523108033,459,1419,226.35532333438687,fallback
urban_nlos,80.0,80.0,dense_fog,crash,6,train,train,held_out,0.3618763961280715,1.0,0.5314379442318207,0.3987350377043079,486,1343,226.35532333438687,fallback
urban_nlos,80.0,80.0,dense_fog,crash,7,train,train,held_out,0.3328380386329866,1.0,0.49944258639910816,0.3982453568593712,448,1346,226.35532333438687,fallback
urban_nlos,80.0,80.0,dense_fog,crash,8,train,train,held_out,0.3391430646332607,1.0,0.5065075921908894,0.37870201908383194,467,1377,226.35532333438687,fallback
urban_nlos,80.0,80.0,dense_fog,crash,9,train,train,held_out,0.3302491103202847,1.0,0.49652220438737293,0.3857741179549969,464,1405,226.35532333438687,fallback
urban_nlos,80.0,80.0,dense_fog,waterlogging,0,train,held_out,held_out,0.3655778894472362,1.0,0.5354185832566698,0.3402673170580851,582,1592,226.35532333438687,fallback
urban_nlos,80.0,80.0,dense_fog,waterlogging,1,train,held_out,held_out,0.3635204081632653,1.0,0.5332086061739945,0.3370436232481059,570,1568,226.35532333438687,fallback
urban_nlos,80.0,80.0,dense_fog,waterlogging,2,train,held_out,held_out,0.359375,1.0,0.5287356321839081,0.34046079714496197,575,1600,226.35532333438687,fallback
urban_nlos,80.0,80.0,dense_fog,waterlogging,3,train,held_out,held_out,0.369375,1.0,0.539479689639434,0.34286345734860263,591,1600,226.35532333438687,fallback
urban_nlos,80.0,80.0,dense_fog,waterlogging,4,train,held_out,held_out,0.371374527112232,1.0,0.5416091954022989,0.33446222421514316,589,1586,226.35532333438687,fallback
urban_nlos,80.0,80.0,dense_fog,waterlogging,5,train,held_out,held_out,0.3589263420724095,1.0,0.5282498851630685,0.3398116830069462,575,1602,226.35532333438687,fallback
urban_nlos,80.0,80.0,dense_fog,waterlogging,6,train,held_out,held_out,0.3950617283950617,1.0,0.5663716814159292,0.3543189310480262,608,1539,226.35532333438687,fallback
urban_nlos,80.0,80.0,dense_fog,waterlogging,7,train,held_out,held_out,0.3586683417085427,1.0,0.5279704114655571,0.3474554087972016,571,1592,226.35532333438687,fallback
urban_nlos,80.0,80.0,dense_fog,waterlogging,8,train,held_out,held_out,0.3686200378071834,1.0,0.5386740331491713,0.34352786449334816,585,1587,226.35532333438687,fallback
urban_nlos,80.0,80.0,dense_fog,waterlogging,9,train,held_out,held_out,0.36683417085427134,1.0,0.5367647058823529,0.3476568973896131,584,1592,226.35532333438687,fallback
urban_nlos,80.0,80.0,dense_fog,black_ice,0,train,held_out,held_out,0.36683417085427134,1.0,0.5367647058823529,0.3391844035708739,584,1592,226.35532333438687,fallback
urban_nlos,80.0,80.0,dense_fog,black_ice,1,train,held_out,held_out,0.36543367346938777,1.0,0.5352638953759925,0.3360466301672743,573,1568,226.35532333438687,fallback
urban_nlos,80.0,80.0,dense_fog,black_ice,2,train,held_out,held_out,0.359375,1.0,0.5287356321839081,0.3400227542196501,575,1600,226.35532333438687,fallback
urban_nlos,80.0,80.0,dense_fog,black_ice,3,train,held_out,held_out,0.37,1.0,0.5401459854014599,0.34182242060582674,592,1600,226.35532333438687,fallback
urban_nlos,80.0,80.0,dense_fog,black_ice,4,train,held_out,held_out,0.371374527112232,1.0,0.5416091954022989,0.3339479825989344,589,1586,226.35532333438687,fallback
urban_nlos,80.0,80.0,dense_fog,black_ice,5,train,held_out,held_out,0.3601747815230961,1.0,0.5296007342817806,0.3385598273194499,577,1602,226.35532333438687,fallback
urban_nlos,80.0,80.0,dense_fog,black_ice,6,train,held_out,held_out,0.39571150097465885,1.0,0.5670391061452514,0.3539358832113853,609,1539,226.35532333438687,fallback
urban_nlos,80.0,80.0,dense_fog,black_ice,7,train,held_out,held_out,0.3599246231155779,1.0,0.5293302540415704,0.34721510527742033,573,1592,226.35532333438687,fallback
urban_nlos,80.0,80.0,dense_fog,black_ice,8,train,held_out,held_out,0.3692501575299307,1.0,0.539346525540727,0.3421004667562018,586,1587,226.35532333438687,fallback
urban_nlos,80.0,80.0,dense_fog,black_ice,9,train,held_out,held_out,0.3687185929648241,1.0,0.538779256539697,0.3471913737041369,587,1592,226.35532333438687,fallback
urban_grid,80.0,80.0,clear,fog_bank,0,held_out,train,train,0.48740225890529976,1.0,0.655373831775701,0.28224117987615094,561,1151,226.35532333438687,fallback
urban_grid,80.0,80.0,clear,fog_bank,1,held_out,train,train,0.46757679180887374,1.0,0.6372093023255814,0.2713572338221169,548,1172,226.35532333438687,fallback
urban_grid,80.0,80.0,clear,fog_bank,2,held_out,train,train,0.47359307359307357,1.0,0.6427732079905992,0.2827690640865358,547,1155,226.35532333438687,fallback
urban_grid,80.0,80.0,clear,fog_bank,3,held_out,train,train,0.4891587163920208,1.0,0.6569598136284216,0.2887894246932747,564,1153,226.35532333438687,fallback
urban_grid,80.0,80.0,clear,fog_bank,4,held_out,train,train,0.47074010327022375,1.0,0.6401404330017555,0.26864773998605845,547,1162,226.35532333438687,fallback
urban_grid,80.0,80.0,clear,fog_bank,5,held_out,train,train,0.4965277777777778,1.0,0.6635730858468678,0.29914336407423187,572,1152,226.35532333438687,fallback
urban_grid,80.0,80.0,clear,fog_bank,6,held_out,train,train,0.45541125541125543,1.0,0.6258179654967282,0.2668579875052905,526,1155,226.35532333438687,fallback
urban_grid,80.0,80.0,clear,fog_bank,7,held_out,train,train,0.48392554991539766,1.0,0.652223489167617,0.24516536773524286,572,1182,226.35532333438687,fallback
urban_grid,80.0,80.0,clear,fog_bank,8,held_out,train,train,0.47750865051903113,1.0,0.6463700234192037,0.2785238443634973,552,1156,226.35532333438687,fallback
urban_grid,80.0,80.0,clear,fog_bank,9,held_out,train,train,0.47627118644067795,1.0,0.6452353616532721,0.25784260165933864,562,1180,226.35532333438687,fallback
urban_grid,80.0,80.0,clear,landslide,0,held_out,train,train,0.4908774978279757,1.0,0.6585081585081585,0.2792256946143547,565,1151,226.35532333438687,fallback
urban_grid,80.0,80.0,clear,landslide,1,held_out,train,train,0.4718430034129693,1.0,0.6411594202898552,0.26217942719578863,553,1172,226.35532333438687,fallback
urban_grid,80.0,80.0,clear,landslide,2,held_out,train,train,0.47445887445887447,1.0,0.6435701702877276,0.27561804848751764,548,1155,226.35532333438687,fallback
urban_grid,80.0,80.0,clear,landslide,3,held_out,train,train,0.4934952298352125,1.0,0.6608594657375145,0.27710109098498115,569,1153,226.35532333438687,fallback
urban_grid,80.0,80.0,clear,landslide,4,held_out,train,train,0.47160068846815834,1.0,0.6409356725146199,0.2580565282174668,548,1162,226.35532333438687,fallback
urban_grid,80.0,80.0,clear,landslide,5,held_out,train,train,0.5026041666666666,1.0,0.6689774696707106,0.2954972561923703,579,1152,226.35532333438687,fallback
urban_grid,80.0,80.0,clear,landslide,6,held_out,train,train,0.4562770562770563,1.0,0.6266349583828775,0.2665495254136253,527,1155,226.35532333438687,fallback
urban_grid,80.0,80.0,clear,landslide,7,held_out,train,train,0.4856175972927242,1.0,0.6537585421412301,0.2359808430590607,574,1182,226.35532333438687,fallback
urban_grid,80.0,80.0,clear,landslide,8,held_out,train,train,0.47750865051903113,1.0,0.6463700234192037,0.2761387386429764,552,1156,226.35532333438687,fallback
urban_grid,80.0,80.0,clear,landslide,9,held_out,train,train,0.47966101694915253,1.0,0.6483390607101948,0.24886162065340067,566,1180,226.35532333438687,fallback
urban_grid,80.0,80.0,clear,crash,0,held_out,train,train,0.5068928950159067,1.0,0.6727656579873329,0.4261926061933957,478,943,226.35532333438687,fallback
urban_grid,80.0,80.0,clear,crash,1,held_out,train,train,0.49109947643979057,1.0,0.6587078651685394,0.42094438098272063,469,955,226.35532333438687,fallback
urban_grid,80.0,80.0,clear,crash,2,held_out,train,train,0.5047518479408659,1.0,0.6708771929824562,0.42598522412179096,478,947,226.35532333438687,fallback
urban_grid,80.0,80.0,clear,crash,3,held_out,train,train,0.5021052631578947,1.0,0.6685353889278205,0.4282414853518043,477,950,226.35532333438687,fallback
urban_grid,80.0,80.0,clear,crash,4,held_out,train,train,0.509656652360515,1.0,0.6751954513148544,0.43867085068296335,475,932,226.35532333438687,fallback
urban_grid,80.0,80.0,clear,crash,5,held_out,train,train,0.5116525423728814,1.0,0.6769446391030133,0.4309668032488275,483,944,226.35532333438687,fallback
urban_grid,80.0,80.0,clear,crash,6,held_out,train,train,0.49174917491749176,1.0,0.6592920353982301,0.44019548375572515,447,909,226.35532333438687,fallback
urban_grid,80.0,80.0,clear,crash,7,held_out,train,train,0.4959183673469388,1.0,0.6630286493860846,0.39451752714034966,486,980,226.35532333438687,fallback
urban_grid,80.0,80.0,clear,crash,8,held_out,train,train,0.49840595111583424,1.0,0.6652482269503546,0.42842658952975643,469,941,226.35532333438687,fallback
urban_grid,80.0,80.0,clear,crash,9,held_out,train,train,0.5051546391752577,1.0,0.6712328767123288,0.4121671902482726,490,970,226.35532333438687,fallback
urban_grid,80.0,80.0,clear,waterlogging,0,held_out,held_out,train,0.48740225890529976,1.0,0.655373831775701,0.27974308899425876,561,1151,226.35532333438687,fallback
urban_grid,80.0,80.0,clear,waterlogging,1,held_out,held_out,train,0.47013651877133106,1.0,0.6395821242019732,0.2643898280090785,551,1172,226.35532333438687,fallback
urban_grid,80.0,80.0,clear,waterlogging,2,held_out,held_out,train,0.47445887445887447,1.0,0.6435701702877276,0.2771635522072039,548,1155,226.35532333438687,fallback
urban_grid,80.0,80.0,clear,waterlogging,3,held_out,held_out,train,0.49176062445793584,1.0,0.6593023255813953,0.2799910926345036,567,1153,226.35532333438687,fallback
urban_grid,80.0,80.0,clear,waterlogging,4,held_out,held_out,train,0.47074010327022375,1.0,0.6401404330017555,0.26073609248299207,547,1162,226.35532333438687,fallback
urban_grid,80.0,80.0,clear,waterlogging,5,held_out,held_out,train,0.5008680555555556,1.0,0.6674378253325622,0.29617934073956603,577,1152,226.35532333438687,fallback
urban_grid,80.0,80.0,clear,waterlogging,6,held_out,held_out,train,0.4562770562770563,1.0,0.6266349583828775,0.2664220788436579,527,1155,226.35532333438687,fallback
urban_grid,80.0,80.0,clear,waterlogging,7,held_out,held_out,train,0.4856175972927242,1.0,0.6537585421412301,0.2380596204150046,574,1182,226.35532333438687,fallback
urban_grid,80.0,80.0,clear,waterlogging,8,held_out,held_out,train,0.47750865051903113,1.0,0.6463700234192037,0.2765023312910647,552,1156,226.35532333438687,fallback
urban_grid,80.0,80.0,clear,waterlogging,9,held_out,held_out,train,0.47966101694915253,1.0,0.6483390607101948,0.25083139237395025,566,1180,226.35532333438687,fallback
urban_grid,80.0,80.0,clear,black_ice,0,held_out,held_out,train,0.4891398783666377,1.0,0.6569428238039673,0.2794641418000007,563,1151,226.35532333438687,fallback
urban_grid,80.0,80.0,clear,black_ice,1,held_out,held_out,train,0.4709897610921502,1.0,0.6403712296983759,0.2632653559122468,552,1172,226.35532333438687,fallback
urban_grid,80.0,80.0,clear,black_ice,2,held_out,held_out,train,0.47445887445887447,1.0,0.6435701702877276,0.27635019654953225,548,1155,226.35532333438687,fallback
urban_grid,80.0,80.0,clear,black_ice,3,held_out,held_out,train,0.49262792714657416,1.0,0.6600813480534573,0.27847672429715764,568,1153,226.35532333438687,fallback
urban_grid,80.0,80.0,clear,black_ice,4,held_out,held_out,train,0.47160068846815834,1.0,0.6409356725146199,0.2593731515210498,548,1162,226.35532333438687,fallback
urban_grid,80.0,80.0,clear,black_ice,5,held_out,held_out,train,0.5017361111111112,1.0,0.6682080924855491,0.29583676207916276,578,1152,226.35532333438687,fallback
urban_grid,80.0,80.0,clear,black_ice,6,held_out,held_out,train,0.4562770562770563,1.0,0.6266349583828775,0.2664835499003345,527,1155,226.35532333438687,fallback
urban_grid,80.0,80.0,clear,black_ice,7,held_out,held_out,train,0.4856175972927242,1.0,0.6537585421412301,0.23696196303280515,574,1182,226.35532333438687,fallback
urban_grid,80.0,80.0,clear,black_ice,8,held_out,held_out,train,0.47750865051903113,1.0,0.6463700234192037,0.2763115776847454,552,1156,226.35532333438687,fallback
urban_grid,80.0,80.0,clear,black_ice,9,held_out,held_out,train,0.47966101694915253,1.0,0.6483390607101948,0.24977827424924193,566,1180,226.35532333438687,fallback
urban_grid,80.0,80.0,heavy_rain,fog_bank,0,held_out,train,train,0.42191780821917807,1.0,0.5934489402697495,0.3203836324714668,462,1095,226.35532333438687,fallback
urban_grid,80.0,80.0,heavy_rain,fog_bank,1,held_out,train,train,0.4455535390199637,1.0,0.6164469554300063,0.3225461934823141,491,1102,226.35532333438687,fallback
urban_grid,80.0,80.0,heavy_rain,fog_bank,2,held_out,train,train,0.4298642533936652,1.0,0.6012658227848101,0.3194728455804866,475,1105,226.35532333438687,fallback
urban_grid,80.0,80.0,heavy_rain,fog_bank,3,held_out,train,train,0.4329159212880143,1.0,0.6042446941323346,0.3098564011365774,484,1118,226.35532333438687,fallback
urban_grid,80.0,80.0,heavy_rain,fog_bank,4,held_out,train,train,0.42208370436331255,1.0,0.593613024420789,0.30282119418844766,474,1123,226.35532333438687,fallback
urban_grid,80.0,80.0,heavy_rain,fog_bank,5,held_out,train,train,0.44404332129963897,1.0,0.6149999999999999,0.3288719618067036,492,1108,226.35532333438687,fallback
urban_grid,80.0,80.0,heavy_rain,fog_bank,6,held_out,train,train,0.4469223907225691,1.0,0.6177558569667077,0.3025266069902407,501,1121,226.35532333438687,fallback
urban_grid,80.0,80.0,heavy_rain,fog_bank,7,held_out,train,train,0.4213780918727915,1.0,0.5929148539465507,0.3111105900120578,477,1132,226.35532333438687,fallback
urban_grid,80.0,80.0,heavy_rain,fog_bank,8,held_out,train,train,0.4447391688770999,1.0,0.6156670746634028,0.31632805557639815,503,1131,226.35532333438687,fallback
urban_grid,80.0,80.0,heavy_rain,fog_bank,9,held_out,train,train,0.45347786811201446,1.0,0.6239900559353636,0.3307010027138596,502,1107,226.35532333438687,fallback
urban_grid,80.0,80.0,heavy_rain,landslide,0,held_out,train,train,0.4233576642335766,1.0,0.5948717948717949,0.31634889151078716,464,1096,226.35532333438687,fallback
urban_grid,80.0,80.0,heavy_rain,landslide,1,held_out,train,train,0.44646098003629764,1.0,0.6173149309912171,0.3141901766778424,492,1102,226.35532333438687,fallback
urban_grid,80.0,80.0,heavy_rain,landslide,2,held_out,train,train,0.432579185520362,1.0,0.6039166140240051,0.3174542626721758,478,1105,226.35532333438687,fallback
urban_grid,80.0,80.0,heavy_rain,landslide,3,held_out,train,train,0.4364937388193202,1.0,0.6077210460772104,0.2966574957223062,488,1118,226.35532333438687,fallback
urban_grid,80.0,80.0,heavy_rain,landslide,4,held_out,train,train,0.42564559216384684,1.0,0.5971267957526546,0.29714544725479786,478,1123,226.35532333438687,fallback
urban_grid,80.0,80.0,heavy_rain,landslide,5,held_out,train,train,0.4503610108303249,1.0,0.6210329807093964,0.3181204317290733,499,1108,226.35532333438687,fallback
urban_grid,80.0,80.0,heavy_rain,landslide,6,held_out,train,train,0.45316681534344333,1.0,0.623695518723143,0.2984165036069666,508,1121,226.35532333438687,fallback
urban_grid,80.0,80.0,heavy_rain,landslide,7,held_out,train,train,0.42314487632508835,1.0,0.5946617008069522,0.3035678029790091,479,1132,226.35532333438687,fallback
urban_grid,80.0,80.0,heavy_rain,landslide,8,held_out,train,train,0.4482758620689655,1.0,0.6190476190476191,0.3124359624991347,507,1131,226.35532333438687,fallback
urban_grid,80.0,80.0,heavy_rain,landslide,9,held_out,train,train,0.45709123757904246,1.0,0.6274023558586486,0.32694930861406646,506,1107,226.35532333438687,fallback
urban_grid,80.0,80.0,heavy_rain,crash,0,held_out,train,train,0.4790697674418605,1.0,0.6477987421383647,0.4526083572147994,412,860,226.35532333438687,fallback
urban_grid,80.0,80.0,heavy_rain,crash,1,held_out,train,train,0.4633596392333709,1.0,0.6332819722650231,0.43788150560098416,411,887,226.35532333438687,fallback
urban_grid,80.0,80.0,heavy_rain,crash,2,held_out,train,train,0.4682080924855491,1.0,0.6377952755905512,0.459852780022544,405,865,226.35532333438687,fallback
urban_grid,80.0,80.0,heavy_rain,crash,3,held_out,train,train,0.45743473325766176,1.0,0.6277258566978193,0.4315016268508774,403,881,226.35532333438687,fallback
urban_grid,80.0,80.0,heavy_rain,crash,4,held_out,train,train,0.4638009049773756,1.0,0.633693972179289,0.42859355643006675,410,884,226.35532333438687,fallback
urban_grid,80.0,80.0,heavy_rain,crash,5,held_out,train,train,0.4780652418447694,1.0,0.6468797564687975,0.43799136609514494,425,889,226.35532333438687,fallback
urban_grid,80.0,80.0,heavy_rain,crash,6,held_out,train,train,0.47909604519774013,1.0,0.6478227654698243,0.43496564184924363,424,885,226.35532333438687,fallback
urban_grid,80.0,80.0,heavy_rain,crash,7,held_out,train,train,0.45558086560364464,1.0,0.6259780907668232,0.4406720968944014,400,878,226.35532333438687,fallback
urban_grid,80.0,80.0,heavy_rain,crash,8,held_out,train,train,0.4665924276169265,1.0,0.636294608959757,0.43663451437436995,419,898,226.35532333438687,fallback
urban_grid,80.0,80.0,heavy_rain,crash,9,held_out,train,train,0.4715909090909091,1.0,0.640926640926641,0.44838655003313366,415,880,226.35532333438687,fallback
urban_grid,80.0,80.0,heavy_rain,waterlogging,0,held_out,held_out,train,0.42244525547445255,1.0,0.5939704939063503,0.3171755492154427,463,1096,226.35532333438687,fallback
urban_grid,80.0,80.0,heavy_rain,waterlogging,1,held_out,held_out,train,0.4455535390199637,1.0,0.6164469554300063,0.3160876342411361,491,1102,226.35532333438687,fallback
urban_grid,80.0,80.0,heavy_rain,waterlogging,2,held_out,held_out,train,0.4316742081447964,1.0,0.6030341340075853,0.3176322591864046,477,1105,226.35532333438687,fallback
urban_grid,80.0,80.0,heavy_rain,waterlogging,3,held_out,held_out,train,0.4364937388193202,1.0,0.6077210460772104,0.29993608159401874,488,1118,226.35532333438687,fallback
urban_grid,80.0,80.0,heavy_rain,waterlogging,4,held_out,held_out,train,0.42475512021371326,1.0,0.5962500000000001,0.29857304052955014,477,1123,226.35532333438687,fallback
urban_grid,80.0,80.0,heavy_rain,waterlogging,5,held_out,held_out,train,0.44945848375451264,1.0,0.6201743462017435,0.3207410337729312,498,1108,226.35532333438687,fallback
urban_grid,80.0,80.0,heavy_rain,waterlogging,6,held_out,held_out,train,0.4513826940231936,1.0,0.6220036877688998,0.2994757814302544,506,1121,226.35532333438687,fallback
urban_grid,80.0,80.0,heavy_rain,waterlogging,7,held_out,held_out,train,0.42226148409893993,1.0,0.5937888198757765,0.3052733038656069,478,1132,226.35532333438687,fallback
urban_grid,80.0,80.0,heavy_rain,waterlogging,8,held_out,held_out,train,0.4473916887709991,1.0,0.6182040317654246,0.3132122906857727,506,1131,226.35532333438687,fallback
urban_grid,80.0,80.0,heavy_rain,waterlogging,9,held_out,held_out,train,0.45709123757904246,1.0,0.6274023558586486,0.3276896932112711,506,1107,226.35532333438687,fallback
urban_grid,80.0,80.0,heavy_rain,black_ice,0,held_out,held_out,train,0.42244525547445255,1.0,0.5939704939063503,0.3167577262628068,463,1096,226.35532333438687,fallback
urban_grid,80.0,80.0,heavy_rain,black_ice,1,held_out,held_out,train,0.4455535390199637,1.0,0.6164469554300063,0.31512845906567827,491,1102,226.35532333438687,fallback
urban_grid,80.0,80.0,heavy_rain,black_ice,2,held_out,held_out,train,0.4316742081447964,1.0,0.6030341340075853,0.3175241042274454,477,1105,226.35532333438687,fallback
urban_grid,80.0,80.0,heavy_rain,black_ice,3,held_out,held_out,train,0.4364937388193202,1.0,0.6077210460772104,0.2982833490273431,488,1118,226.35532333438687,fallback
urban_grid,80.0,80.0,heavy_rain,black_ice,4,held_out,held_out,train,0.42475512021371326,1.0,0.5962500000000001,0.29787478560703723,477,1123,226.35532333438687,fallback
urban_grid,80.0,80.0,heavy_rain,black_ice,5,held_out,held_out,train,0.4503610108303249,1.0,0.6210329807093964,0.31943323074719104,499,1108,226.35532333438687,fallback
urban_grid,80.0,80.0,heavy_rain,black_ice,6,held_out,held_out,train,0.4513826940231936,1.0,0.6220036877688998,0.29894313593721616,506,1121,226.35532333438687,fallback
urban_grid,80.0,80.0,heavy_rain,black_ice,7,held_out,held_out,train,0.42226148409893993,1.0,0.5937888198757765,0.3044148512252733,478,1132,226.35532333438687,fallback
urban_grid,80.0,80.0,heavy_rain,black_ice,8,held_out,held_out,train,0.4482758620689655,1.0,0.6190476190476191,0.3128050279845776,507,1131,226.35532333438687,fallback
urban_grid,80.0,80.0,heavy_rain,black_ice,9,held_out,held_out,train,0.45709123757904246,1.0,0.6274023558586486,0.3272708468865067,506,1107,226.35532333438687,fallback
urban_grid,80.0,80.0,moderate_rain,fog_bank,0,held_out,train,held_out,0.4709507042253521,1.0,0.6403351286654698,0.30430728400538953,535,1136,226.35532333438687,fallback
urban_grid,80.0,80.0,moderate_rain,fog_bank,1,held_out,train,held_out,0.4401785714285714,1.0,0.6112833230006199,0.30699574484958075,493,1120,226.35532333438687,fallback
urban_grid,80.0,80.0,moderate_rain,fog_bank,2,held_out,train,held_out,0.4433713784021071,1.0,0.6143552311435523,0.2898928926253423,505,1139,226.35532333438687,fallback
urban_grid,80.0,80.0,moderate_rain,fog_bank,3,held_out,train,held_out,0.4658008658008658,1.0,0.635558180744241,0.2893967445349194,538,1155,226.35532333438687,fallback
urban_grid,80.0,80.0,moderate_rain,fog_bank,4,held_out,train,held_out,0.44521739130434784,1.0,0.6161251504211793,0.2829995886280027,512,1150,226.35532333438687,fallback
urban_grid,80.0,80.0,moderate_rain,fog_bank,5,held_out,train,held_out,0.4614695340501792,1.0,0.6315144083384426,0.31308173453454924,515,1116,226.35532333438687,fallback
urban_grid,80.0,80.0,moderate_rain,fog_bank,6,held_out,train,held_out,0.4617391304347826,1.0,0.6317668054729327,0.26857028854027104,531,1150,226.35532333438687,fallback
urban_grid,80.0,80.0,moderate_rain,fog_bank,7,held_out,train,held_out,0.4714160070360598,1.0,0.6407650926479378,0.28469538973604275,536,1137,226.35532333438687,fallback
urban_grid,80.0,80.0,moderate_rain,fog_bank,8,held_out,train,held_out,0.46503496503496505,1.0,0.6348448687350836,0.2890257724201563,532,1144,226.35532333438687,fallback
urban_grid,80.0,80.0,moderate_rain,fog_bank,9,held_out,train,held_out,0.47219770520741394,1.0,0.6414868105515588,0.30219318446804017,535,1133,226.35532333438687,fallback
urban_grid,80.0,80.0,moderate_rain,landslide,0,held_out,train,held_out,0.4744718309859155,1.0,0.6435820895522388,0.29632987099783614,539,1136,226.35532333438687,fallback
urban_grid,80.0,80.0,moderate_rain,landslide,1,held_out,train,held_out,0.44285714285714284,1.0,0.6138613861386139,0.29979358797522465,496,1120,226.35532333438687,fallback
urban_grid,80.0,80.0,moderate_rain,landslide,2,held_out,train,held_out,0.44600526777875327,1.0,0.6168791742562234,0.28885657645970836,508,1139,226.35532333438687,fallback
urban_grid,80.0,80.0,moderate_rain,landslide,3,held_out,train,held_out,0.4683982683982684,1.0,0.6379716981132076,0.28038490531132504,541,1155,226.35532333438687,fallback
urban_grid,80.0,80.0,moderate_rain,landslide,4,held_out,train,held_out,0.4504347826086956,1.0,0.6211031175059952,0.2752154418577337,518,1150,226.35532333438687,fallback
urban_grid,80.0,80.0,moderate_rain,landslide,5,held_out,train,held_out,0.4632616487455197,1.0,0.6331904470300062,0.31269398028659995,517,1116,226.35532333438687,fallback
urban_grid,80.0,80.0,moderate_rain,landslide,6,held_out,train,held_out,0.4617391304347826,1.0,0.6317668054729327,0.2650381290855223,531,1150,226.35532333438687,fallback
urban_grid,80.0,80.0,moderate_rain,landslide,7,held_out,train,held_out,0.47757255936675463,1.0,0.6464285714285715,0.2821683269842597,543,1137,226.35532333438687,fallback
urban_grid,80.0,80.0,moderate_rain,landslide,8,held_out,train,held_out,0.46678321678321677,1.0,0.6364719904648392,0.2823538622850397,534,1144,226.35532333438687,fallback
urban_grid,80.0,80.0,moderate_rain,landslide,9,held_out,train,held_out,0.4748455428067079,1.0,0.6439257929383604,0.29738117704694705,538,1133,226.35532333438687,fallback
urban_grid,80.0,80.0,moderate_rain,crash,0,held_out,train,held_out,0.5097402597402597,1.0,0.675268817204301,0.44261757140968633,471,924,226.35532333438687,fallback
urban_grid,80.0,80.0,moderate_rain,crash,1,held_out,train,held_out,0.4750830564784053,1.0,0.6441441441441442,0.4342846335761399,429,903,226.35532333438687,fallback
urban_grid,80.0,80.0,moderate_rain,crash,2,held_out,train,held_out,0.47426067907995617,1.0,0.6433878157503714,0.43072784800148767,433,913,226.35532333438687,fallback
urban_grid,80.0,80.0,moderate_rain,crash,3,held_out,train,held_out,0.4897297297297297,1.0,0.6574746008708273,0.4347339131299101,453,925,226.35532333438687,fallback
urban_grid,80.0,80.0,moderate_rain,crash,4,held_out,train,held_out,0.47634408602150535,1.0,0.6453022578295703,0.4214953408315543,443,930,226.35532333438687,fallback
urban_grid,80.0,80.0,moderate_rain,crash,5,held_out,train,held_out,0.5039817974971559,1.0,0.670196671709531,0.45666105361232107,443,879,226.35532333438687,fallback
urban_grid,80.0,80.0,moderate_rain,crash,6,held_out,train,held_out,0.49349240780911063,1.0,0.6608569353667393,0.4247179852874076,455,922,226.35532333438687,fallback
urban_grid,80.0,80.0,moderate_rain,crash,7,held_out,train,held_out,0.5021645021645021,1.0,0.6685878962536024,0.4209325271283458,464,924,226.35532333438687,fallback
urban_grid,80.0,80.0,moderate_rain,crash,8,held_out,train,held_out,0.49452954048140046,1.0,0.6617862371888726,0.4405403211559942,452,914,226.35532333438687,fallback
urban_grid,80.0,80.0,moderate_rain,crash,9,held_out,train,held_out,0.4883720930232558,1.0,0.65625,0.4424668138597424,441,903,226.35532333438687,fallback
urban_grid,80.0,80.0,moderate_rain,waterlogging,0,held_out,held_out,held_out,0.4744718309859155,1.0,0.6435820895522388,0.29809287862432443,539,1136,226.35532333438687,fallback
urban_grid,80.0,80.0,moderate_rain,waterlogging,1,held_out,held_out,held_out,0.44285714285714284,1.0,0.6138613861386139,0.30143590546771204,496,1120,226.35532333438687,fallback
urban_grid,80.0,80.0,moderate_rain,waterlogging,2,held_out,held_out,held_out,0.44600526777875327,1.0,0.6168791742562234,0.28896323488306,508,1139,226.35532333438687,fallback
urban_grid,80.0,80.0,moderate_rain,waterlogging,3,held_out,held_out,held_out,0.4683982683982684,1.0,0.6379716981132076,0.28233083677758486,541,1155,226.35532333438687,fallback
urban_grid,80.0,80.0,moderate_rain,waterlogging,4,held_out,held_out,held_out,0.44782608695652176,1.0,0.6186186186186187,0.2769858425242186,515,1150,226.35532333438687,fallback
urban_grid,80.0,80.0,moderate_rain,waterlogging,5,held_out,held_out,held_out,0.46236559139784944,1.0,0.6323529411764706,0.312552142744046,516,1116,226.35532333438687,fallback
urban_grid,80.0,80.0,moderate_rain,waterlogging,6,held_out,held_out,held_out,0.4617391304347826,1.0,0.6317668054729327,0.26571660558986177,531,1150,226.35532333438687,fallback
urban_grid,80.0,80.0,moderate_rain,waterlogging,7,held_out,held_out,held_out,0.4766930518909411,1.0,0.6456223942823108,0.2826367448180861,542,1137,226.35532333438687,fallback
urban_grid,80.0,80.0,moderate_rain,waterlogging,8,held_out,held_out,held_out,0.4659090909090909,1.0,0.6356589147286822,0.28395121438972776,533,1144,226.35532333438687,fallback
urban_grid,80.0,80.0,moderate_rain,waterlogging,9,held_out,held_out,held_out,0.4748455428067079,1.0,0.6439257929383604,0.2982958375162052,538,1133,226.35532333438687,fallback
urban_grid,80.0,80.0,moderate_rain,black_ice,0,held_out,held_out,held_out,0.4744718309859155,1.0,0.6435820895522388,0.29719728872728673,539,1136,226.35532333438687,fallback
urban_grid,80.0,80.0,moderate_rain,black_ice,1,held_out,held_out,held_out,0.44285714285714284,1.0,0.6138613861386139,0.30061698085460614,496,1120,226.35532333438687,fallback
urban_grid,80.0,80.0,moderate_rain,black_ice,2,held_out,held_out,held_out,0.44600526777875327,1.0,0.6168791742562234,0.288903462638559,508,1139,226.35532333438687,fallback
urban_grid,80.0,80.0,moderate_rain,black_ice,3,held_out,held_out,held_out,0.4683982683982684,1.0,0.6379716981132076,0.28135592292030265,541,1155,226.35532333438687,fallback
urban_grid,80.0,80.0,moderate_rain,black_ice,4,held_out,held_out,held_out,0.44782608695652176,1.0,0.6186186186186187,0.2761131819275348,515,1150,226.35532333438687,fallback
urban_grid,80.0,80.0,moderate_rain,black_ice,5,held_out,held_out,held_out,0.4632616487455197,1.0,0.6331904470300062,0.31261934191079416,517,1116,226.35532333438687,fallback
urban_grid,80.0,80.0,moderate_rain,black_ice,6,held_out,held_out,held_out,0.4617391304347826,1.0,0.6317668054729327,0.26537976070799135,531,1150,226.35532333438687,fallback
urban_grid,80.0,80.0,moderate_rain,black_ice,7,held_out,held_out,held_out,0.47757255936675463,1.0,0.6464285714285715,0.28239874096237144,543,1137,226.35532333438687,fallback
urban_grid,80.0,80.0,moderate_rain,black_ice,8,held_out,held_out,held_out,0.46678321678321677,1.0,0.6364719904648392,0.28313138087988776,534,1144,226.35532333438687,fallback
urban_grid,80.0,80.0,moderate_rain,black_ice,9,held_out,held_out,held_out,0.4748455428067079,1.0,0.6439257929383604,0.297825236081468,538,1133,226.35532333438687,fallback
urban_grid,80.0,80.0,dense_fog,fog_bank,0,held_out,train,held_out,0.4328223624887286,1.0,0.6041535556954059,0.32306897860077877,480,1109,226.35532333438687,fallback
urban_grid,80.0,80.0,dense_fog,fog_bank,1,held_out,train,held_out,0.4296365330848089,1.0,0.6010430247718384,0.35290842092202784,461,1073,226.35532333438687,fallback
urban_grid,80.0,80.0,dense_fog,fog_bank,2,held_out,train,held_out,0.419234360410831,1.0,0.5907894736842105,0.3401452793754824,449,1071,226.35532333438687,fallback
urban_grid,80.0,80.0,dense_fog,fog_bank,3,held_out,train,held_out,0.422613531047266,1.0,0.5941368078175896,0.3449965354775898,456,1079,226.35532333438687,fallback
urban_grid,80.0,80.0,dense_fog,fog_bank,4,held_out,train,held_out,0.42764976958525347,1.0,0.5990961910910265,0.34018384378886973,464,1085,226.35532333438687,fallback
urban_grid,80.0,80.0,dense_fog,fog_bank,5,held_out,train,held_out,0.4292364990689013,1.0,0.6006514657980456,0.3588450624338988,461,1074,226.35532333438687,fallback
urban_grid,80.0,80.0,dense_fog,fog_bank,6,held_out,train,held_out,0.41789667896678967,1.0,0.5894599869876382,0.3285126494470684,453,1084,226.35532333438687,fallback
urban_grid,80.0,80.0,dense_fog,fog_bank,7,held_out,train,held_out,0.4323342415985468,1.0,0.6036778693722258,0.3489268556454348,476,1101,226.35532333438687,fallback
urban_grid,80.0,80.0,dense_fog,fog_bank,8,held_out,train,held_out,0.4351005484460695,1.0,0.6063694267515923,0.3396981037747531,476,1094,226.35532333438687,fallback
urban_grid,80.0,80.0,dense_fog,fog_bank,9,held_out,train,held_out,0.4434389140271493,1.0,0.6144200626959248,0.3564414307786796,490,1105,226.35532333438687,fallback
urban_grid,80.0,80.0,dense_fog,landslide,0,held_out,train,held_out,0.4382326420198377,1.0,0.6094043887147336,0.3136777472222596,486,1109,226.35532333438687,fallback
urban_grid,80.0,80.0,dense_fog,landslide,1,held_out,train,held_out,0.43709226467847156,1.0,0.6083009079118028,0.3466325602061781,469,1073,226.35532333438687,fallback
urban_grid,80.0,80.0,dense_fog,landslide,2,held_out,train,held_out,0.42016806722689076,1.0,0.591715976331361,0.33472731355126883,450,1071,226.35532333438687,fallback
urban_grid,80.0,80.0,dense_fog,landslide,3,held_out,train,held_out,0.42777777777777776,1.0,0.5992217898832685,0.3357865652072607,462,1080,226.35532333438687,fallback
urban_grid,80.0,80.0,dense_fog,landslide,4,held_out,train,held_out,0.4294930875576037,1.0,0.6009026434558349,0.33350594701520825,466,1085,226.35532333438687,fallback
urban_grid,80.0,80.0,dense_fog,landslide,5,held_out,train,held_out,0.4338919925512104,1.0,0.6051948051948052,0.3521742341281958,466,1074,226.35532333438687,fallback
urban_grid,80.0,80.0,dense_fog,landslide,6,held_out,train,held_out,0.4188191881918819,1.0,0.5903771131339401,0.32945163754906887,454,1084,226.35532333438687,fallback
urban_grid,80.0,80.0,dense_fog,landslide,7,held_out,train,held_out,0.43869209809264303,1.0,0.6098484848484849,0.34240852206988054,483,1101,226.35532333438687,fallback
urban_grid,80.0,80.0,dense_fog,landslide,8,held_out,train,held_out,0.43784277879341865,1.0,0.6090273363000636,0.3301446565207604,479,1094,226.35532333438687,fallback
urban_grid,80.0,80.0,dense_fog,landslide,9,held_out,train,held_out,0.4470588235294118,1.0,0.6178861788617886,0.34658940244457603,494,1105,226.35532333438687,fallback
urban_grid,80.0,80.0,dense_fog,crash,0,held_out,train,held_out,0.45272525027808674,1.0,0.6232771822358346,0.43128970043836506,407,899,226.35532333438687,fallback
urban_grid,80.0,80.0,dense_fog,crash,1,held_out,train,held_out,0.4618138424821002,1.0,0.6318367346938775,0.4479685013051544,387,838,226.35532333438687,fallback
urban_grid,80.0,80.0,dense_fog,crash,2,held_out,train,held_out,0.4591715976331361,1.0,0.6293592862935928,0.4546065802182576,388,845,226.35532333438687,fallback
urban_grid,80.0,80.0,dense_fog,crash,3,held_out,train,held_out,0.4484777517564403,1.0,0.6192400970088925,0.4599045618000064,383,854,226.35532333438687,fallback
urban_grid,80.0,80.0,dense_fog,crash,4,held_out,train,held_out,0.46462264150943394,1.0,0.6344605475040258,0.4543932617051981,394,848,226.35532333438687,fallback
urban_grid,80.0,80.0,dense_fog,crash,5,held_out,train,held_out,0.460166468489893,1.0,0.6302931596091206,0.4637279287039683,387,841,226.35532333438687,fallback
urban_grid,80.0,80.0,dense_fog,crash,6,held_out,train,held_out,0.4501758499413834,1.0,0.6208569118835894,0.4463787907768459,384,853,226.35532333438687,fallback
urban_grid,80.0,80.0,dense_fog,crash,7,held_out,train,held_out,0.4622425629290618,1.0,0.6322378716744914,0.4538288232266657,404,874,226.35532333438687,fallback
urban_grid,80.0,80.0,dense_fog,crash,8,held_out,train,held_out,0.4588100686498856,1.0,0.6290196078431374,0.43465847446846534,401,874,226.35532333438687,fallback
urban_grid,80.0,80.0,dense_fog,crash,9,held_out,train,held_out,0.4642451759364359,1.0,0.634108527131783,0.4515460798991347,409,881,226.35532333438687,fallback
urban_grid,80.0,80.0,dense_fog,waterlogging,0,held_out,held_out,held_out,0.43733092876465285,1.0,0.6085319949811794,0.31601595637691904,485,1109,226.35532333438687,fallback
urban_grid,80.0,80.0,dense_fog,waterlogging,1,held_out,held_out,held_out,0.4361602982292637,1.0,0.6073977936404932,0.3479325371656952,468,1073,226.35532333438687,fallback
urban_grid,80.0,80.0,dense_fog,waterlogging,2,held_out,held_out,held_out,0.42016806722689076,1.0,0.591715976331361,0.33599868786755904,450,1071,226.35532333438687,fallback
urban_grid,80.0,80.0,dense_fog,waterlogging,3,held_out,held_out,held_out,0.42777777777777776,1.0,0.5992217898832685,0.33792989674507584,462,1080,226.35532333438687,fallback
urban_grid,80.0,80.0,dense_fog,waterlogging,4,held_out,held_out,held_out,0.4294930875576037,1.0,0.6009026434558349,0.3352491600997493,466,1085,226.35532333438687,fallback
urban_grid,80.0,80.0,dense_fog,waterlogging,5,held_out,held_out,held_out,0.4338919925512104,1.0,0.6051948051948052,0.3537422816912316,466,1074,226.35532333438687,fallback
urban_grid,80.0,80.0,dense_fog,waterlogging,6,held_out,held_out,held_out,0.4188191881918819,1.0,0.5903771131339401,0.329068499048061,454,1084,226.35532333438687,fallback
urban_grid,80.0,80.0,dense_fog,waterlogging,7,held_out,held_out,held_out,0.4359673024523161,1.0,0.6072106261859582,0.34395675869796233,480,1101,226.35532333438687,fallback
urban_grid,80.0,80.0,dense_fog,waterlogging,8,held_out,held_out,held_out,0.43784277879341865,1.0,0.6090273363000636,0.3323520810063949,479,1094,226.35532333438687,fallback
urban_grid,80.0,80.0,dense_fog,waterlogging,9,held_out,held_out,held_out,0.4443438914027149,1.0,0.6152882205513784,0.3488015834935026,491,1105,226.35532333438687,fallback
urban_grid,80.0,80.0,dense_fog,black_ice,0,held_out,held_out,held_out,0.43733092876465285,1.0,0.6085319949811794,0.314825769761144,485,1109,226.35532333438687,fallback
urban_grid,80.0,80.0,dense_fog,black_ice,1,held_out,held_out,held_out,0.4361602982292637,1.0,0.6073977936404932,0.3472330363764173,468,1073,226.35532333438687,fallback
urban_grid,80.0,80.0,dense_fog,black_ice,2,held_out,held_out,held_out,0.42016806722689076,1.0,0.591715976331361,0.3353270070856225,450,1071,226.35532333438687,fallback
urban_grid,80.0,80.0,dense_fog,black_ice,3,held_out,held_out,held_out,0.42777777777777776,1.0,0.5992217898832685,0.33686361661504743,462,1080,226.35532333438687,fallback
urban_grid,80.0,80.0,dense_fog,black_ice,4,held_out,held_out,held_out,0.4294930875576037,1.0,0.6009026434558349,0.33438692323050506,466,1085,226.35532333438687,fallback
urban_grid,80.0,80.0,dense_fog,black_ice,5,held_out,held_out,held_out,0.4338919925512104,1.0,0.6051948051948052,0.35295038239207366,466,1074,226.35532333438687,fallback
urban_grid,80.0,80.0,dense_fog,black_ice,6,held_out,held_out,held_out,0.4188191881918819,1.0,0.5903771131339401,0.3292416898510655,454,1084,226.35532333438687,fallback
urban_grid,80.0,80.0,dense_fog,black_ice,7,held_out,held_out,held_out,0.43778383287920075,1.0,0.6089703095388503,0.34319460879408725,482,1101,226.35532333438687,fallback
urban_grid,80.0,80.0,dense_fog,black_ice,8,held_out,held_out,held_out,0.43784277879341865,1.0,0.6090273363000636,0.33123860578372016,479,1094,226.35532333438687,fallback
urban_grid,80.0,80.0,dense_fog,black_ice,9,held_out,held_out,held_out,0.4452488687782805,1.0,0.6161552911709455,0.34768019630442165,492,1105,226.35532333438687,fallback
